method_id,config_json,per_well_mae_min,slope_proximity_min_per_decade,slope_min_per_decade,per_well_r2,within_well_cov,spearman_r_well_means,passes_spearman_filter
f6_pdf_cnn1d_spatA3_wmse_seed0_curriculum_s12_to_3_wmse0.1_hard_argmax,"{""batch_size"": 32, ""cache"": ""regress_all_filt_abcd_ntcRaw_madk1p5_spatA3"", ""curriculum_sigma"": true, ""device"": ""cpu"", ""dir"": ""f6_pdf_cnn1d_spatA3_wmse/seed0_curriculum_s12_to_3_wmse0.1"", ""epochs"": 2, ""experiment"": ""f6_pdf_cnn1d_spatA3_wmse"", ""extraction_rule"": ""hard_argmax"", ""focal_gamma"": null, ""loss"": ""wmse"", ""lr"": 0.001, ""lr_gamma"": 0.75, ""lr_step"": 10, ""method"": ""F6 PDF regression (cnn1d backbone, soft Gaussian target)"", ""n_parameters"": 9025, ""n_samples"": 450, ""n_test"": 5014, ""n_train"": 17225, ""n_val"": 5678, ""samples_per_min"": 15, ""seed"": 0, ""sigma_end"": 3.0, ""sigma_samples"": 5.0, ""sigma_seconds"": 20.0, ""sigma_start"": 12.0, ""started_at"": ""2026-07-10T17:09:33.178088"", ""test_chips"": [""D20240719_E03_C44_F4500KHz_U_COV_SD""], ""val_chips_held_out"": [""D20240821_E01_C09_F4500KHz_U_1e6""], ""val_n_chips"": 1, ""wmse_base"": 0.1}",4.234502220153809,2.7327153717041046,-0.4008846282958951,0.3008897301697988,0.1098327227324674,-0.3999999999999999,False
f6_pdf_cnn1d_spatA3_wmse_seed0_curriculum_s12_to_3_wmse0.1_soft_argmax_top5,"{""batch_size"": 32, ""cache"": ""regress_all_filt_abcd_ntcRaw_madk1p5_spatA3"", ""curriculum_sigma"": true, ""device"": ""cpu"", ""dir"": ""f6_pdf_cnn1d_spatA3_wmse/seed0_curriculum_s12_to_3_wmse0.1"", ""epochs"": 2, ""experiment"": ""f6_pdf_cnn1d_spatA3_wmse"", ""extraction_rule"": ""soft_argmax_top5"", ""focal_gamma"": null, ""loss"": ""wmse"", ""lr"": 0.001, ""lr_gamma"": 0.75, ""lr_step"": 10, ""method"": ""F6 PDF regression (cnn1d backbone, soft Gaussian target)"", ""n_parameters"": 9025, ""n_samples"": 450, ""n_test"": 5014, ""n_train"": 17225, ""n_val"": 5678, ""samples_per_min"": 15, ""seed"": 0, ""sigma_end"": 3.0, ""sigma_samples"": 5.0, ""sigma_seconds"": 20.0, ""sigma_start"": 12.0, ""started_at"": ""2026-07-10T17:09:33.178088"", ""test_chips"": [""D20240719_E03_C44_F4500KHz_U_COV_SD""], ""val_chips_held_out"": [""D20240821_E01_C09_F4500KHz_U_1e6""], ""val_n_chips"": 1, ""wmse_base"": 0.1}",4.240936660766602,2.7333234344482453,-0.4002765655517545,0.3005306615838181,0.1097144596777521,-0.3999999999999999,False
f6_pdf_cnn1d_spatA3_wmse_seed0_curriculum_s12_to_3_wmse0.1_expected_value,"{""batch_size"": 32, ""cache"": ""regress_all_filt_abcd_ntcRaw_madk1p5_spatA3"", ""curriculum_sigma"": true, ""device"": ""cpu"", ""dir"": ""f6_pdf_cnn1d_spatA3_wmse/seed0_curriculum_s12_to_3_wmse0.1"", ""epochs"": 2, ""experiment"": ""f6_pdf_cnn1d_spatA3_wmse"", ""extraction_rule"": ""expected_value"", ""focal_gamma"": null, ""loss"": ""wmse"", ""lr"": 0.001, ""lr_gamma"": 0.75, ""lr_step"": 10, ""method"": ""F6 PDF regression (cnn1d backbone, soft Gaussian target)"", ""n_parameters"": 9025, ""n_samples"": 450, ""n_test"": 5014, ""n_train"": 17225, ""n_val"": 5678, ""samples_per_min"": 15, ""seed"": 0, ""sigma_end"": 3.0, ""sigma_samples"": 5.0, ""sigma_seconds"": 20.0, ""sigma_start"": 12.0, ""started_at"": ""2026-07-10T17:09:33.178088"", ""test_chips"": [""D20240719_E03_C44_F4500KHz_U_COV_SD""], ""val_chips_held_out"": [""D20240821_E01_C09_F4500KHz_U_1e6""], ""val_n_chips"": 1, ""wmse_base"": 0.1}",3.8595346450805663,2.7715742622375497,-0.3620257377624501,0.9625978608048552,0.0498146820546642,-1.0,True
f6_pdf_cnn1d_spatA3_wmse_seed0_curriculum_s12_to_3_wmse0.1_first_moment_thr0p5,"{""batch_size"": 32, ""cache"": ""regress_all_filt_abcd_ntcRaw_madk1p5_spatA3"", ""curriculum_sigma"": true, ""device"": ""cpu"", ""dir"": ""f6_pdf_cnn1d_spatA3_wmse/seed0_curriculum_s12_to_3_wmse0.1"", ""epochs"": 2, ""experiment"": ""f6_pdf_cnn1d_spatA3_wmse"", ""extraction_rule"": ""first_moment_thr0p5"", ""focal_gamma"": null, ""loss"": ""wmse"", ""lr"": 0.001, ""lr_gamma"": 0.75, ""lr_step"": 10, ""method"": ""F6 PDF regression (cnn1d backbone, soft Gaussian target)"", ""n_parameters"": 9025, ""n_samples"": 450, ""n_test"": 5014, ""n_train"": 17225, ""n_val"": 5678, ""samples_per_min"": 15, ""seed"": 0, ""sigma_end"": 3.0, ""sigma_samples"": 5.0, ""sigma_seconds"": 20.0, ""sigma_start"": 12.0, ""started_at"": ""2026-07-10T17:09:33.178088"", ""test_chips"": [""D20240719_E03_C44_F4500KHz_U_COV_SD""], ""val_chips_held_out"": [""D20240821_E01_C09_F4500KHz_U_1e6""], ""val_n_chips"": 1, ""wmse_base"": 0.1}",3.8283466339111327,2.71034789428711,-0.4232521057128892,0.968330007653148,0.0549858220714144,-1.0,True
f6_pdf_cnn1d_spatA3_wmse_seed0_sigma5_focal_mse_g2_hard_argmax,"{""batch_size"": 32, ""cache"": ""regress_all_filt_abcd_ntcRaw_madk1p5_spatA3"", ""device"": ""cpu"", ""dir"": ""f6_pdf_cnn1d_spatA3_wmse/seed0_sigma5_focal_mse_g2"", ""epochs"": 1, ""experiment"": ""f6_pdf_cnn1d_spatA3_wmse"", ""extraction_rule"": ""hard_argmax"", ""focal_gamma"": 2.0, ""loss"": ""focal_mse"", ""lr"": 0.001, ""lr_gamma"": 0.75, ""lr_step"": 10, ""method"": ""F6 PDF regression (cnn1d backbone, soft Gaussian target)"", ""n_parameters"": 9025, ""n_samples"": 450, ""n_test"": 5014, ""n_train"": 17225, ""n_val"": 5678, ""samples_per_min"": 15, ""seed"": 0, ""sigma_samples"": 5.0, ""sigma_seconds"": 20.0, ""started_at"": ""2026-07-10T17:03:53.897616"", ""test_chips"": [""D20240719_E03_C44_F4500KHz_U_COV_SD""], ""val_chips_held_out"": [""D20240821_E01_C09_F4500KHz_U_1e6""], ""val_n_chips"": 1, ""wmse_base"": null}",13.076852052658795,1.8863215082198383,-1.2472784917801614,0.6078140024559868,13.300255217761546,-1.0,True
f6_pdf_cnn1d_spatA3_wmse_seed0_sigma5_focal_mse_g2_soft_argmax_top5,"{""batch_size"": 32, ""cache"": ""regress_all_filt_abcd_ntcRaw_madk1p5_spatA3"", ""device"": ""cpu"", ""dir"": ""f6_pdf_cnn1d_spatA3_wmse/seed0_sigma5_focal_mse_g2"", ""epochs"": 1, ""experiment"": ""f6_pdf_cnn1d_spatA3_wmse"", ""extraction_rule"": ""soft_argmax_top5"", ""focal_gamma"": 2.0, ""loss"": ""focal_mse"", ""lr"": 0.001, ""lr_gamma"": 0.75, ""lr_step"": 10, ""method"": ""F6 PDF regression (cnn1d backbone, soft Gaussian target)"", ""n_parameters"": 9025, ""n_samples"": 450, ""n_test"": 5014, ""n_train"": 17225, ""n_val"": 5678, ""samples_per_min"": 15, ""seed"": 0, ""sigma_samples"": 5.0, ""sigma_seconds"": 20.0, ""started_at"": ""2026-07-10T17:03:53.897616"", ""test_chips"": [""D20240719_E03_C44_F4500KHz_U_COV_SD""], ""val_chips_held_out"": [""D20240821_E01_C09_F4500KHz_U_1e6""], ""val_n_chips"": 1, ""wmse_base"": null}",4.284576034545898,3.084872201538088,-0.0487277984619121,0.9389676598340292,0.0086546428350824,-1.0,True
f6_pdf_cnn1d_spatA3_wmse_seed0_sigma5_focal_mse_g2_expected_value,"{""batch_size"": 32, ""cache"": ""regress_all_filt_abcd_ntcRaw_madk1p5_spatA3"", ""device"": ""cpu"", ""dir"": ""f6_pdf_cnn1d_spatA3_wmse/seed0_sigma5_focal_mse_g2"", ""epochs"": 1, ""experiment"": ""f6_pdf_cnn1d_spatA3_wmse"", ""extraction_rule"": ""expected_value"", ""focal_gamma"": 2.0, ""loss"": ""focal_mse"", ""lr"": 0.001, ""lr_gamma"": 0.75, ""lr_step"": 10, ""method"": ""F6 PDF regression (cnn1d backbone, soft Gaussian target)"", ""n_parameters"": 9025, ""n_samples"": 450, ""n_test"": 5014, ""n_train"": 17225, ""n_val"": 5678, ""samples_per_min"": 15, ""seed"": 0, ""sigma_samples"": 5.0, ""sigma_seconds"": 20.0, ""started_at"": ""2026-07-10T17:03:53.897616"", ""test_chips"": [""D20240719_E03_C44_F4500KHz_U_COV_SD""], ""val_chips_held_out"": [""D20240821_E01_C09_F4500KHz_U_1e6""], ""val_n_chips"": 1, ""wmse_base"": null}",3.8406309127807616,3.072822049713136,-0.060777950286864,0.9660374255584098,0.0067143819111686,-1.0,True
f6_pdf_cnn1d_spatA3_wmse_seed0_sigma5_focal_mse_g2_first_moment_thr0p5,"{""batch_size"": 32, ""cache"": ""regress_all_filt_abcd_ntcRaw_madk1p5_spatA3"", ""device"": ""cpu"", ""dir"": ""f6_pdf_cnn1d_spatA3_wmse/seed0_sigma5_focal_mse_g2"", ""epochs"": 1, ""experiment"": ""f6_pdf_cnn1d_spatA3_wmse"", ""extraction_rule"": ""first_moment_thr0p5"", ""focal_gamma"": 2.0, ""loss"": ""focal_mse"", ""lr"": 0.001, ""lr_gamma"": 0.75, ""lr_step"": 10, ""method"": ""F6 PDF regression (cnn1d backbone, soft Gaussian target)"", ""n_parameters"": 9025, ""n_samples"": 450, ""n_test"": 5014, ""n_train"": 17225, ""n_val"": 5678, ""samples_per_min"": 15, ""seed"": 0, ""sigma_samples"": 5.0, ""sigma_seconds"": 20.0, ""started_at"": ""2026-07-10T17:03:53.897616"", ""test_chips"": [""D20240719_E03_C44_F4500KHz_U_COV_SD""], ""val_chips_held_out"": [""D20240821_E01_C09_F4500KHz_U_1e6""], ""val_n_chips"": 1, ""wmse_base"": null}",3.833589363098144,3.0208752189636243,-0.1127247810363757,0.9566209685121604,0.0111776569784367,-1.0,True
f6_pdf_cnn1d_spatA3_wmse_seed0_sigma5_wmse0.1_hard_argmax,"{""batch_size"": 32, ""cache"": ""regress_all_filt_abcd_ntcRaw_madk1p5_spatA3"", ""device"": ""cuda"", ""dir"": ""f6_pdf_cnn1d_spatA3_wmse/seed0_sigma5_wmse0.1"", ""epochs"": 40, ""experiment"": ""f6_pdf_cnn1d_spatA3_wmse"", ""extraction_rule"": ""hard_argmax"", ""loss"": ""wmse"", ""lr"": 0.001, ""lr_gamma"": 0.75, ""lr_step"": 10, ""method"": ""F6 PDF regression (cnn1d backbone, soft Gaussian target)"", ""n_parameters"": 9025, ""n_samples"": 450, ""n_test"": 5014, ""n_train"": 17225, ""n_val"": 5678, ""samples_per_min"": 15, ""seed"": 0, ""sigma_samples"": 5.0, ""sigma_seconds"": 20.0, ""started_at"": ""2026-07-06T23:56:04.951027"", ""test_chips"": [""D20240719_E03_C44_F4500KHz_U_COV_SD""], ""val_chips_held_out"": [""D20240821_E01_C09_F4500KHz_U_1e6""], ""val_n_chips"": 1, ""wmse_base"": 0.1}",3.7198938369750976,2.1622594390869176,-0.9713405609130824,0.9721000276803948,0.1130439695402224,-1.0,True
f6_pdf_cnn1d_spatA3_wmse_seed0_sigma5_wmse0.1_soft_argmax_top5,"{""batch_size"": 32, ""cache"": ""regress_all_filt_abcd_ntcRaw_madk1p5_spatA3"", ""device"": ""cuda"", ""dir"": ""f6_pdf_cnn1d_spatA3_wmse/seed0_sigma5_wmse0.1"", ""epochs"": 40, ""experiment"": ""f6_pdf_cnn1d_spatA3_wmse"", ""extraction_rule"": ""soft_argmax_top5"", ""loss"": ""wmse"", ""lr"": 0.001, ""lr_gamma"": 0.75, ""lr_step"": 10, ""method"": ""F6 PDF regression (cnn1d backbone, soft Gaussian target)"", ""n_parameters"": 9025, ""n_samples"": 450, ""n_test"": 5014, ""n_train"": 17225, ""n_val"": 5678, ""samples_per_min"": 15, ""seed"": 0, ""sigma_samples"": 5.0, ""sigma_seconds"": 20.0, ""started_at"": ""2026-07-06T23:56:04.951027"", ""test_chips"": [""D20240719_E03_C44_F4500KHz_U_COV_SD""], ""val_chips_held_out"": [""D20240821_E01_C09_F4500KHz_U_1e6""], ""val_n_chips"": 1, ""wmse_base"": 0.1}",3.5144676208496093,2.189746812438968,-0.943853187561032,0.9603464611923516,0.1051317207182494,-1.0,True
f6_pdf_cnn1d_spatA3_wmse_seed0_sigma5_wmse0.1_expected_value,"{""batch_size"": 32, ""cache"": ""regress_all_filt_abcd_ntcRaw_madk1p5_spatA3"", ""device"": ""cuda"", ""dir"": ""f6_pdf_cnn1d_spatA3_wmse/seed0_sigma5_wmse0.1"", ""epochs"": 40, ""experiment"": ""f6_pdf_cnn1d_spatA3_wmse"", ""extraction_rule"": ""expected_value"", ""loss"": ""wmse"", ""lr"": 0.001, ""lr_gamma"": 0.75, ""lr_step"": 10, ""method"": ""F6 PDF regression (cnn1d backbone, soft Gaussian target)"", ""n_parameters"": 9025, ""n_samples"": 450, ""n_test"": 5014, ""n_train"": 17225, ""n_val"": 5678, ""samples_per_min"": 15, ""seed"": 0, ""sigma_samples"": 5.0, ""sigma_seconds"": 20.0, ""started_at"": ""2026-07-06T23:56:04.951027"", ""test_chips"": [""D20240719_E03_C44_F4500KHz_U_COV_SD""], ""val_chips_held_out"": [""D20240821_E01_C09_F4500KHz_U_1e6""], ""val_n_chips"": 1, ""wmse_base"": 0.1}",3.867756652832031,3.178659108734132,0.0450591087341322,0.0489487918436908,0.102272958238541,0.1999999999999999,False
f6_pdf_cnn1d_spatA3_wmse_seed0_sigma5_wmse0.1_first_moment_thr0p5,"{""batch_size"": 32, ""cache"": ""regress_all_filt_abcd_ntcRaw_madk1p5_spatA3"", ""device"": ""cuda"", ""dir"": ""f6_pdf_cnn1d_spatA3_wmse/seed0_sigma5_wmse0.1"", ""epochs"": 40, ""experiment"": ""f6_pdf_cnn1d_spatA3_wmse"", ""extraction_rule"": ""first_moment_thr0p5"", ""loss"": ""wmse"", ""lr"": 0.001, ""lr_gamma"": 0.75, ""lr_step"": 10, ""method"": ""F6 PDF regression (cnn1d backbone, soft Gaussian target)"", ""n_parameters"": 9025, ""n_samples"": 450, ""n_test"": 5014, ""n_train"": 17225, ""n_val"": 5678, ""samples_per_min"": 15, ""seed"": 0, ""sigma_samples"": 5.0, ""sigma_seconds"": 20.0, ""started_at"": ""2026-07-06T23:56:04.951027"", ""test_chips"": [""D20240719_E03_C44_F4500KHz_U_COV_SD""], ""val_chips_held_out"": [""D20240821_E01_C09_F4500KHz_U_1e6""], ""val_n_chips"": 1, ""wmse_base"": 0.1}",3.6967962265014647,3.0673170600891133,-0.0662829399108865,0.0402374795951775,0.1309635962966692,-0.3,False
f6_pdf_cnn1d_spatA3_wmse_seed1_sigma5_wmse0.1_hard_argmax,"{""batch_size"": 32, ""cache"": ""regress_all_filt_abcd_ntcRaw_madk1p5_spatA3"", ""device"": ""cuda"", ""dir"": ""f6_pdf_cnn1d_spatA3_wmse/seed1_sigma5_wmse0.1"", ""epochs"": 40, ""experiment"": ""f6_pdf_cnn1d_spatA3_wmse"", ""extraction_rule"": ""hard_argmax"", ""loss"": ""wmse"", ""lr"": 0.001, ""lr_gamma"": 0.75, ""lr_step"": 10, ""method"": ""F6 PDF regression (cnn1d backbone, soft Gaussian target)"", ""n_parameters"": 9025, ""n_samples"": 450, ""n_test"": 5014, ""n_train"": 15912, ""n_val"": 6991, ""samples_per_min"": 15, ""seed"": 1, ""sigma_samples"": 5.0, ""sigma_seconds"": 20.0, ""started_at"": ""2026-07-06T17:58:06.502589"", ""test_chips"": [""D20240719_E03_C44_F4500KHz_U_COV_SD""], ""val_chips_held_out"": [""D20240822_E02_C00_F4500KHz_U_1e9""], ""val_n_chips"": 1, ""wmse_base"": 0.1}",6.935043716430664,2.325778344726567,-0.8078216552734331,0.6873713948776601,0.2934872838088597,-0.7999999999999999,False
f6_pdf_cnn1d_spatA3_wmse_seed1_sigma5_wmse0.1_soft_argmax_top5,"{""batch_size"": 32, ""cache"": ""regress_all_filt_abcd_ntcRaw_madk1p5_spatA3"", ""device"": ""cuda"", ""dir"": ""f6_pdf_cnn1d_spatA3_wmse/seed1_sigma5_wmse0.1"", ""epochs"": 40, ""experiment"": ""f6_pdf_cnn1d_spatA3_wmse"", ""extraction_rule"": ""soft_argmax_top5"", ""loss"": ""wmse"", ""lr"": 0.001, ""lr_gamma"": 0.75, ""lr_step"": 10, ""method"": ""F6 PDF regression (cnn1d backbone, soft Gaussian target)"", ""n_parameters"": 9025, ""n_samples"": 450, ""n_test"": 5014, ""n_train"": 15912, ""n_val"": 6991, ""samples_per_min"": 15, ""seed"": 1, ""sigma_samples"": 5.0, ""sigma_seconds"": 20.0, ""started_at"": ""2026-07-06T17:58:06.502589"", ""test_chips"": [""D20240719_E03_C44_F4500KHz_U_COV_SD""], ""val_chips_held_out"": [""D20240822_E02_C00_F4500KHz_U_1e9""], ""val_n_chips"": 1, ""wmse_base"": 0.1}",5.443058776855469,2.8680493865966823,-0.2655506134033176,0.3609913034533503,0.2182190192145433,-0.4999999999999999,False
f6_pdf_cnn1d_spatA3_wmse_seed1_sigma5_wmse0.1_expected_value,"{""batch_size"": 32, ""cache"": ""regress_all_filt_abcd_ntcRaw_madk1p5_spatA3"", ""device"": ""cuda"", ""dir"": ""f6_pdf_cnn1d_spatA3_wmse/seed1_sigma5_wmse0.1"", ""epochs"": 40, ""experiment"": ""f6_pdf_cnn1d_spatA3_wmse"", ""extraction_rule"": ""expected_value"", ""loss"": ""wmse"", ""lr"": 0.001, ""lr_gamma"": 0.75, ""lr_step"": 10, ""method"": ""F6 PDF regression (cnn1d backbone, soft Gaussian target)"", ""n_parameters"": 9025, ""n_samples"": 450, ""n_test"": 5014, ""n_train"": 15912, ""n_val"": 6991, ""samples_per_min"": 15, ""seed"": 1, ""sigma_samples"": 5.0, ""sigma_seconds"": 20.0, ""started_at"": ""2026-07-06T17:58:06.502589"", ""test_chips"": [""D20240719_E03_C44_F4500KHz_U_COV_SD""], ""val_chips_held_out"": [""D20240822_E02_C00_F4500KHz_U_1e9""], ""val_n_chips"": 1, ""wmse_base"": 0.1}",4.599720764160156,3.384296182250978,0.2506961822509778,0.4174443123333843,0.1121046787501773,0.6,False
f6_pdf_cnn1d_spatA3_wmse_seed1_sigma5_wmse0.1_first_moment_thr0p5,"{""batch_size"": 32, ""cache"": ""regress_all_filt_abcd_ntcRaw_madk1p5_spatA3"", ""device"": ""cuda"", ""dir"": ""f6_pdf_cnn1d_spatA3_wmse/seed1_sigma5_wmse0.1"", ""epochs"": 40, ""experiment"": ""f6_pdf_cnn1d_spatA3_wmse"", ""extraction_rule"": ""first_moment_thr0p5"", ""loss"": ""wmse"", ""lr"": 0.001, ""lr_gamma"": 0.75, ""lr_step"": 10, ""method"": ""F6 PDF regression (cnn1d backbone, soft Gaussian target)"", ""n_parameters"": 9025, ""n_samples"": 450, ""n_test"": 5014, ""n_train"": 15912, ""n_val"": 6991, ""samples_per_min"": 15, ""seed"": 1, ""sigma_samples"": 5.0, ""sigma_seconds"": 20.0, ""started_at"": ""2026-07-06T17:58:06.502589"", ""test_chips"": [""D20240719_E03_C44_F4500KHz_U_COV_SD""], ""val_chips_held_out"": [""D20240822_E02_C00_F4500KHz_U_1e9""], ""val_n_chips"": 1, ""wmse_base"": 0.1}",4.331768417358399,3.2906882797241224,0.1570882797241223,0.3653169677250346,0.1331095465066084,0.6,False
f6_pdf_cnn1d_spatA3_wmse_seed2_sigma5_wmse0.1_hard_argmax,"{""batch_size"": 32, ""cache"": ""regress_all_filt_abcd_ntcRaw_madk1p5_spatA3"", ""device"": ""cuda"", ""dir"": ""f6_pdf_cnn1d_spatA3_wmse/seed2_sigma5_wmse0.1"", ""epochs"": 40, ""experiment"": ""f6_pdf_cnn1d_spatA3_wmse"", ""extraction_rule"": ""hard_argmax"", ""loss"": ""wmse"", ""lr"": 0.001, ""lr_gamma"": 0.75, ""lr_step"": 10, ""method"": ""F6 PDF regression (cnn1d backbone, soft Gaussian target)"", ""n_parameters"": 9025, ""n_samples"": 450, ""n_test"": 5014, ""n_train"": 17225, ""n_val"": 5678, ""samples_per_min"": 15, ""seed"": 2, ""sigma_samples"": 5.0, ""sigma_seconds"": 20.0, ""started_at"": ""2026-07-06T17:58:59.308406"", ""test_chips"": [""D20240719_E03_C44_F4500KHz_U_COV_SD""], ""val_chips_held_out"": [""D20240821_E01_C09_F4500KHz_U_1e6""], ""val_n_chips"": 1, ""wmse_base"": 0.1}",3.4496492385864257,2.297362664794925,-0.8362373352050755,0.964553719657247,0.1275626963149492,-1.0,True
f6_pdf_cnn1d_spatA3_wmse_seed2_sigma5_wmse0.1_soft_argmax_top5,"{""batch_size"": 32, ""cache"": ""regress_all_filt_abcd_ntcRaw_madk1p5_spatA3"", ""device"": ""cuda"", ""dir"": ""f6_pdf_cnn1d_spatA3_wmse/seed2_sigma5_wmse0.1"", ""epochs"": 40, ""experiment"": ""f6_pdf_cnn1d_spatA3_wmse"", ""extraction_rule"": ""soft_argmax_top5"", ""loss"": ""wmse"", ""lr"": 0.001, ""lr_gamma"": 0.75, ""lr_step"": 10, ""method"": ""F6 PDF regression (cnn1d backbone, soft Gaussian target)"", ""n_parameters"": 9025, ""n_samples"": 450, ""n_test"": 5014, ""n_train"": 17225, ""n_val"": 5678, ""samples_per_min"": 15, ""seed"": 2, ""sigma_samples"": 5.0, ""sigma_seconds"": 20.0, ""started_at"": ""2026-07-06T17:58:59.308406"", ""test_chips"": [""D20240719_E03_C44_F4500KHz_U_COV_SD""], ""val_chips_held_out"": [""D20240821_E01_C09_F4500KHz_U_1e6""], ""val_n_chips"": 1, ""wmse_base"": 0.1}",3.2930171966552733,2.3480586563110393,-0.7855413436889609,0.944970927031718,0.1139465528345582,-1.0,True
f6_pdf_cnn1d_spatA3_wmse_seed2_sigma5_wmse0.1_expected_value,"{""batch_size"": 32, ""cache"": ""regress_all_filt_abcd_ntcRaw_madk1p5_spatA3"", ""device"": ""cuda"", ""dir"": ""f6_pdf_cnn1d_spatA3_wmse/seed2_sigma5_wmse0.1"", ""epochs"": 40, ""experiment"": ""f6_pdf_cnn1d_spatA3_wmse"", ""extraction_rule"": ""expected_value"", ""loss"": ""wmse"", ""lr"": 0.001, ""lr_gamma"": 0.75, ""lr_step"": 10, ""method"": ""F6 PDF regression (cnn1d backbone, soft Gaussian target)"", ""n_parameters"": 9025, ""n_samples"": 450, ""n_test"": 5014, ""n_train"": 17225, ""n_val"": 5678, ""samples_per_min"": 15, ""seed"": 2, ""sigma_samples"": 5.0, ""sigma_seconds"": 20.0, ""started_at"": ""2026-07-06T17:58:59.308406"", ""test_chips"": [""D20240719_E03_C44_F4500KHz_U_COV_SD""], ""val_chips_held_out"": [""D20240821_E01_C09_F4500KHz_U_1e6""], ""val_n_chips"": 1, ""wmse_base"": 0.1}",3.9346460342407226,3.2525024925231945,0.1189024925231946,0.3441645866521731,0.100428152692688,0.4999999999999999,False
f6_pdf_cnn1d_spatA3_wmse_seed2_sigma5_wmse0.1_first_moment_thr0p5,"{""batch_size"": 32, ""cache"": ""regress_all_filt_abcd_ntcRaw_madk1p5_spatA3"", ""device"": ""cuda"", ""dir"": ""f6_pdf_cnn1d_spatA3_wmse/seed2_sigma5_wmse0.1"", ""epochs"": 40, ""experiment"": ""f6_pdf_cnn1d_spatA3_wmse"", ""extraction_rule"": ""first_moment_thr0p5"", ""loss"": ""wmse"", ""lr"": 0.001, ""lr_gamma"": 0.75, ""lr_step"": 10, ""method"": ""F6 PDF regression (cnn1d backbone, soft Gaussian target)"", ""n_parameters"": 9025, ""n_samples"": 450, ""n_test"": 5014, ""n_train"": 17225, ""n_val"": 5678, ""samples_per_min"": 15, ""seed"": 2, ""sigma_samples"": 5.0, ""sigma_seconds"": 20.0, ""started_at"": ""2026-07-06T17:58:59.308406"", ""test_chips"": [""D20240719_E03_C44_F4500KHz_U_COV_SD""], ""val_chips_held_out"": [""D20240821_E01_C09_F4500KHz_U_1e6""], ""val_n_chips"": 1, ""wmse_base"": 0.1}",3.701335906982422,3.090723851776125,-0.0428761482238751,0.019136127368301,0.1304636167030029,-0.3,False
f6_pdf_cnn1d_spatA3_wmse_seed3_sigma5_wmse0.1_hard_argmax,"{""batch_size"": 32, ""cache"": ""regress_all_filt_abcd_ntcRaw_madk1p5_spatA3"", ""device"": ""cuda"", ""dir"": ""f6_pdf_cnn1d_spatA3_wmse/seed3_sigma5_wmse0.1"", ""epochs"": 40, ""experiment"": ""f6_pdf_cnn1d_spatA3_wmse"", ""extraction_rule"": ""hard_argmax"", ""loss"": ""wmse"", ""lr"": 0.001, ""lr_gamma"": 0.75, ""lr_step"": 10, ""method"": ""F6 PDF regression (cnn1d backbone, soft Gaussian target)"", ""n_parameters"": 9025, ""n_samples"": 450, ""n_test"": 5014, ""n_train"": 15912, ""n_val"": 6991, ""samples_per_min"": 15, ""seed"": 3, ""sigma_samples"": 5.0, ""sigma_seconds"": 20.0, ""started_at"": ""2026-07-06T17:59:25.182420"", ""test_chips"": [""D20240719_E03_C44_F4500KHz_U_COV_SD""], ""val_chips_held_out"": [""D20240822_E02_C00_F4500KHz_U_1e9""], ""val_n_chips"": 1, ""wmse_base"": 0.1}",2.9524091720581054,2.230458978271487,-0.9031410217285128,0.9826025258297896,0.1573505089799615,-1.0,True
f6_pdf_cnn1d_spatA3_wmse_seed3_sigma5_wmse0.1_soft_argmax_top5,"{""batch_size"": 32, ""cache"": ""regress_all_filt_abcd_ntcRaw_madk1p5_spatA3"", ""device"": ""cuda"", ""dir"": ""f6_pdf_cnn1d_spatA3_wmse/seed3_sigma5_wmse0.1"", ""epochs"": 40, ""experiment"": ""f6_pdf_cnn1d_spatA3_wmse"", ""extraction_rule"": ""soft_argmax_top5"", ""loss"": ""wmse"", ""lr"": 0.001, ""lr_gamma"": 0.75, ""lr_step"": 10, ""method"": ""F6 PDF regression (cnn1d backbone, soft Gaussian target)"", ""n_parameters"": 9025, ""n_samples"": 450, ""n_test"": 5014, ""n_train"": 15912, ""n_val"": 6991, ""samples_per_min"": 15, ""seed"": 3, ""sigma_samples"": 5.0, ""sigma_seconds"": 20.0, ""started_at"": ""2026-07-06T17:59:25.182420"", ""test_chips"": [""D20240719_E03_C44_F4500KHz_U_COV_SD""], ""val_chips_held_out"": [""D20240822_E02_C00_F4500KHz_U_1e9""], ""val_n_chips"": 1, ""wmse_base"": 0.1}",2.926000213623047,2.3127745185852073,-0.8208254814147927,0.978437367904578,0.1313488898906492,-1.0,True
f6_pdf_cnn1d_spatA3_wmse_seed3_sigma5_wmse0.1_expected_value,"{""batch_size"": 32, ""cache"": ""regress_all_filt_abcd_ntcRaw_madk1p5_spatA3"", ""device"": ""cuda"", ""dir"": ""f6_pdf_cnn1d_spatA3_wmse/seed3_sigma5_wmse0.1"", ""epochs"": 40, ""experiment"": ""f6_pdf_cnn1d_spatA3_wmse"", ""extraction_rule"": ""expected_value"", ""loss"": ""wmse"", ""lr"": 0.001, ""lr_gamma"": 0.75, ""lr_step"": 10, ""method"": ""F6 PDF regression (cnn1d backbone, soft Gaussian target)"", ""n_parameters"": 9025, ""n_samples"": 450, ""n_test"": 5014, ""n_train"": 15912, ""n_val"": 6991, ""samples_per_min"": 15, ""seed"": 3, ""sigma_samples"": 5.0, ""sigma_seconds"": 20.0, ""started_at"": ""2026-07-06T17:59:25.182420"", ""test_chips"": [""D20240719_E03_C44_F4500KHz_U_COV_SD""], ""val_chips_held_out"": [""D20240822_E02_C00_F4500KHz_U_1e9""], ""val_n_chips"": 1, ""wmse_base"": 0.1}",4.387822151184082,3.301245645141603,0.1676456451416029,0.3396671636347905,0.0990778078836788,0.6,False
f6_pdf_cnn1d_spatA3_wmse_seed3_sigma5_wmse0.1_first_moment_thr0p5,"{""batch_size"": 32, ""cache"": ""regress_all_filt_abcd_ntcRaw_madk1p5_spatA3"", ""device"": ""cuda"", ""dir"": ""f6_pdf_cnn1d_spatA3_wmse/seed3_sigma5_wmse0.1"", ""epochs"": 40, ""experiment"": ""f6_pdf_cnn1d_spatA3_wmse"", ""extraction_rule"": ""first_moment_thr0p5"", ""loss"": ""wmse"", ""lr"": 0.001, ""lr_gamma"": 0.75, ""lr_step"": 10, ""method"": ""F6 PDF regression (cnn1d backbone, soft Gaussian target)"", ""n_parameters"": 9025, ""n_samples"": 450, ""n_test"": 5014, ""n_train"": 15912, ""n_val"": 6991, ""samples_per_min"": 15, ""seed"": 3, ""sigma_samples"": 5.0, ""sigma_seconds"": 20.0, ""started_at"": ""2026-07-06T17:59:25.182420"", ""test_chips"": [""D20240719_E03_C44_F4500KHz_U_COV_SD""], ""val_chips_held_out"": [""D20240822_E02_C00_F4500KHz_U_1e9""], ""val_n_chips"": 1, ""wmse_base"": 0.1}",4.231461715698242,3.2556108032226585,0.1220108032226585,0.3492980353020433,0.1224444223188994,0.6,False
f6_pdf_cnn1d_spatA3_wmse_seed4_sigma5_wmse0.1_hard_argmax,"{""batch_size"": 32, ""cache"": ""regress_all_filt_abcd_ntcRaw_madk1p5_spatA3"", ""device"": ""cuda"", ""dir"": ""f6_pdf_cnn1d_spatA3_wmse/seed4_sigma5_wmse0.1"", ""epochs"": 40, ""experiment"": ""f6_pdf_cnn1d_spatA3_wmse"", ""extraction_rule"": ""hard_argmax"", ""loss"": ""wmse"", ""lr"": 0.001, ""lr_gamma"": 0.75, ""lr_step"": 10, ""method"": ""F6 PDF regression (cnn1d backbone, soft Gaussian target)"", ""n_parameters"": 9025, ""n_samples"": 450, ""n_test"": 5014, ""n_train"": 17225, ""n_val"": 5678, ""samples_per_min"": 15, ""seed"": 4, ""sigma_samples"": 5.0, ""sigma_seconds"": 20.0, ""started_at"": ""2026-07-06T17:58:44.012479"", ""test_chips"": [""D20240719_E03_C44_F4500KHz_U_COV_SD""], ""val_chips_held_out"": [""D20240821_E01_C09_F4500KHz_U_1e6""], ""val_n_chips"": 1, ""wmse_base"": 0.1}",3.2806894302368166,2.4470784698486363,-0.6865215301513636,0.92350318821551,0.1378610167186953,-1.0,True
f6_pdf_cnn1d_spatA3_wmse_seed4_sigma5_wmse0.1_soft_argmax_top5,"{""batch_size"": 32, ""cache"": ""regress_all_filt_abcd_ntcRaw_madk1p5_spatA3"", ""device"": ""cuda"", ""dir"": ""f6_pdf_cnn1d_spatA3_wmse/seed4_sigma5_wmse0.1"", ""epochs"": 40, ""experiment"": ""f6_pdf_cnn1d_spatA3_wmse"", ""extraction_rule"": ""soft_argmax_top5"", ""loss"": ""wmse"", ""lr"": 0.001, ""lr_gamma"": 0.75, ""lr_step"": 10, ""method"": ""F6 PDF regression (cnn1d backbone, soft Gaussian target)"", ""n_parameters"": 9025, ""n_samples"": 450, ""n_test"": 5014, ""n_train"": 17225, ""n_val"": 5678, ""samples_per_min"": 15, ""seed"": 4, ""sigma_samples"": 5.0, ""sigma_seconds"": 20.0, ""started_at"": ""2026-07-06T17:58:44.012479"", ""test_chips"": [""D20240719_E03_C44_F4500KHz_U_COV_SD""], ""val_chips_held_out"": [""D20240821_E01_C09_F4500KHz_U_1e6""], ""val_n_chips"": 1, ""wmse_base"": 0.1}",3.3225831985473633,2.528096917724612,-0.6055030822753881,0.8606084506142155,0.1237183376610692,-1.0,True
f6_pdf_cnn1d_spatA3_wmse_seed4_sigma5_wmse0.1_expected_value,"{""batch_size"": 32, ""cache"": ""regress_all_filt_abcd_ntcRaw_madk1p5_spatA3"", ""device"": ""cuda"", ""dir"": ""f6_pdf_cnn1d_spatA3_wmse/seed4_sigma5_wmse0.1"", ""epochs"": 40, ""experiment"": ""f6_pdf_cnn1d_spatA3_wmse"", ""extraction_rule"": ""expected_value"", ""loss"": ""wmse"", ""lr"": 0.001, ""lr_gamma"": 0.75, ""lr_step"": 10, ""method"": ""F6 PDF regression (cnn1d backbone, soft Gaussian target)"", ""n_parameters"": 9025, ""n_samples"": 450, ""n_test"": 5014, ""n_train"": 17225, ""n_val"": 5678, ""samples_per_min"": 15, ""seed"": 4, ""sigma_samples"": 5.0, ""sigma_seconds"": 20.0, ""started_at"": ""2026-07-06T17:58:44.012479"", ""test_chips"": [""D20240719_E03_C44_F4500KHz_U_COV_SD""], ""val_chips_held_out"": [""D20240821_E01_C09_F4500KHz_U_1e6""], ""val_n_chips"": 1, ""wmse_base"": 0.1}",3.944416809082031,3.2656537567138684,0.1320537567138685,0.3327141542173947,0.1002294777754208,0.4999999999999999,False
f6_pdf_cnn1d_spatA3_wmse_seed4_sigma5_wmse0.1_first_moment_thr0p5,"{""batch_size"": 32, ""cache"": ""regress_all_filt_abcd_ntcRaw_madk1p5_spatA3"", ""device"": ""cuda"", ""dir"": ""f6_pdf_cnn1d_spatA3_wmse/seed4_sigma5_wmse0.1"", ""epochs"": 40, ""experiment"": ""f6_pdf_cnn1d_spatA3_wmse"", ""extraction_rule"": ""first_moment_thr0p5"", ""loss"": ""wmse"", ""lr"": 0.001, ""lr_gamma"": 0.75, ""lr_step"": 10, ""method"": ""F6 PDF regression (cnn1d backbone, soft Gaussian target)"", ""n_parameters"": 9025, ""n_samples"": 450, ""n_test"": 5014, ""n_train"": 17225, ""n_val"": 5678, ""samples_per_min"": 15, ""seed"": 4, ""sigma_samples"": 5.0, ""sigma_seconds"": 20.0, ""started_at"": ""2026-07-06T17:58:44.012479"", ""test_chips"": [""D20240719_E03_C44_F4500KHz_U_COV_SD""], ""val_chips_held_out"": [""D20240821_E01_C09_F4500KHz_U_1e6""], ""val_n_chips"": 1, ""wmse_base"": 0.1}",3.683203125,3.0813807044982924,-0.0522192955017074,0.0249488723767988,0.1291343668580528,-0.3,False
p1_fa_curriculum_s12_to_s3_wmse_seed0_curriculum_s12_to_3_wmse0.1_hard_argmax,"{""batch_size"": 32, ""cache"": ""regress_all_filt_abcd_ntcRaw_madk1p5_spatA3"", ""curriculum_sigma"": true, ""device"": ""cuda"", ""dir"": ""p1_fa_curriculum_s12_to_s3_wmse/seed0_curriculum_s12_to_3_wmse0.1"", ""epochs"": 40, ""experiment"": ""p1_fa_curriculum_s12_to_s3_wmse"", ""extraction_rule"": ""hard_argmax"", ""focal_gamma"": null, ""loss"": ""wmse"", ""lr"": 0.001, ""lr_gamma"": 0.75, ""lr_step"": 10, ""method"": ""F6 PDF regression (cnn1d backbone, soft Gaussian target)"", ""n_parameters"": 9025, ""n_samples"": 450, ""n_test"": 5014, ""n_train"": 17225, ""n_val"": 5678, ""samples_per_min"": 15, ""seed"": 0, ""sigma_end"": 3.0, ""sigma_samples"": 5.0, ""sigma_seconds"": 20.0, ""sigma_start"": 12.0, ""started_at"": ""2026-07-13T16:00:43.158704"", ""test_chips"": [""D20240719_E03_C44_F4500KHz_U_COV_SD""], ""val_chips_held_out"": [""D20240821_E01_C09_F4500KHz_U_1e6""], ""val_n_chips"": 1, ""wmse_base"": 0.1}",3.6660745620727537,2.441000894165042,-0.6925991058349582,0.9421376294616788,0.1345090161949693,-1.0,True
p1_fa_curriculum_s12_to_s3_wmse_seed0_curriculum_s12_to_3_wmse0.1_soft_argmax_top5,"{""batch_size"": 32, ""cache"": ""regress_all_filt_abcd_ntcRaw_madk1p5_spatA3"", ""curriculum_sigma"": true, ""device"": ""cuda"", ""dir"": ""p1_fa_curriculum_s12_to_s3_wmse/seed0_curriculum_s12_to_3_wmse0.1"", ""epochs"": 40, ""experiment"": ""p1_fa_curriculum_s12_to_s3_wmse"", ""extraction_rule"": ""soft_argmax_top5"", ""focal_gamma"": null, ""loss"": ""wmse"", ""lr"": 0.001, ""lr_gamma"": 0.75, ""lr_step"": 10, ""method"": ""F6 PDF regression (cnn1d backbone, soft Gaussian target)"", ""n_parameters"": 9025, ""n_samples"": 450, ""n_test"": 5014, ""n_train"": 17225, ""n_val"": 5678, ""samples_per_min"": 15, ""seed"": 0, ""sigma_end"": 3.0, ""sigma_samples"": 5.0, ""sigma_seconds"": 20.0, ""sigma_start"": 12.0, ""started_at"": ""2026-07-13T16:00:43.158704"", ""test_chips"": [""D20240719_E03_C44_F4500KHz_U_COV_SD""], ""val_chips_held_out"": [""D20240821_E01_C09_F4500KHz_U_1e6""], ""val_n_chips"": 1, ""wmse_base"": 0.1}",3.574127960205078,2.4880206619262726,-0.6455793380737275,0.9013130127409628,0.1199250323975947,-1.0,True
p1_fa_curriculum_s12_to_s3_wmse_seed0_curriculum_s12_to_3_wmse0.1_expected_value,"{""batch_size"": 32, ""cache"": ""regress_all_filt_abcd_ntcRaw_madk1p5_spatA3"", ""curriculum_sigma"": true, ""device"": ""cuda"", ""dir"": ""p1_fa_curriculum_s12_to_s3_wmse/seed0_curriculum_s12_to_3_wmse0.1"", ""epochs"": 40, ""experiment"": ""p1_fa_curriculum_s12_to_s3_wmse"", ""extraction_rule"": ""expected_value"", ""focal_gamma"": null, ""loss"": ""wmse"", ""lr"": 0.001, ""lr_gamma"": 0.75, ""lr_step"": 10, ""method"": ""F6 PDF regression (cnn1d backbone, soft Gaussian target)"", ""n_parameters"": 9025, ""n_samples"": 450, ""n_test"": 5014, ""n_train"": 17225, ""n_val"": 5678, ""samples_per_min"": 15, ""seed"": 0, ""sigma_end"": 3.0, ""sigma_samples"": 5.0, ""sigma_seconds"": 20.0, ""sigma_start"": 12.0, ""started_at"": ""2026-07-13T16:00:43.158704"", ""test_chips"": [""D20240719_E03_C44_F4500KHz_U_COV_SD""], ""val_chips_held_out"": [""D20240821_E01_C09_F4500KHz_U_1e6""], ""val_n_chips"": 1, ""wmse_base"": 0.1}",3.873519515991211,3.1829114471435567,0.0493114471435567,0.0624793068836851,0.1005794599754092,0.1999999999999999,False
p1_fa_curriculum_s12_to_s3_wmse_seed0_curriculum_s12_to_3_wmse0.1_first_moment_thr0p5,"{""batch_size"": 32, ""cache"": ""regress_all_filt_abcd_ntcRaw_madk1p5_spatA3"", ""curriculum_sigma"": true, ""device"": ""cuda"", ""dir"": ""p1_fa_curriculum_s12_to_s3_wmse/seed0_curriculum_s12_to_3_wmse0.1"", ""epochs"": 40, ""experiment"": ""p1_fa_curriculum_s12_to_s3_wmse"", ""extraction_rule"": ""first_moment_thr0p5"", ""focal_gamma"": null, ""loss"": ""wmse"", ""lr"": 0.001, ""lr_gamma"": 0.75, ""lr_step"": 10, ""method"": ""F6 PDF regression (cnn1d backbone, soft Gaussian target)"", ""n_parameters"": 9025, ""n_samples"": 450, ""n_test"": 5014, ""n_train"": 17225, ""n_val"": 5678, ""samples_per_min"": 15, ""seed"": 0, ""sigma_end"": 3.0, ""sigma_samples"": 5.0, ""sigma_seconds"": 20.0, ""sigma_start"": 12.0, ""started_at"": ""2026-07-13T16:00:43.158704"", ""test_chips"": [""D20240719_E03_C44_F4500KHz_U_COV_SD""], ""val_chips_held_out"": [""D20240821_E01_C09_F4500KHz_U_1e6""], ""val_n_chips"": 1, ""wmse_base"": 0.1}",3.698815536499024,3.0390759979248076,-0.0945240020751925,0.0863183166460563,0.1278459970157291,-0.3,False
p1_fa_curriculum_s12_to_s3_wmse_seed1_curriculum_s12_to_3_wmse0.1_hard_argmax,"{""batch_size"": 32, ""cache"": ""regress_all_filt_abcd_ntcRaw_madk1p5_spatA3"", ""curriculum_sigma"": true, ""device"": ""cuda"", ""dir"": ""p1_fa_curriculum_s12_to_s3_wmse/seed1_curriculum_s12_to_3_wmse0.1"", ""epochs"": 40, ""experiment"": ""p1_fa_curriculum_s12_to_s3_wmse"", ""extraction_rule"": ""hard_argmax"", ""focal_gamma"": null, ""loss"": ""wmse"", ""lr"": 0.001, ""lr_gamma"": 0.75, ""lr_step"": 10, ""method"": ""F6 PDF regression (cnn1d backbone, soft Gaussian target)"", ""n_parameters"": 9025, ""n_samples"": 450, ""n_test"": 5014, ""n_train"": 15912, ""n_val"": 6991, ""samples_per_min"": 15, ""seed"": 1, ""sigma_end"": 3.0, ""sigma_samples"": 5.0, ""sigma_seconds"": 20.0, ""sigma_start"": 12.0, ""started_at"": ""2026-07-13T16:01:28.706052"", ""test_chips"": [""D20240719_E03_C44_F4500KHz_U_COV_SD""], ""val_chips_held_out"": [""D20240822_E02_C00_F4500KHz_U_1e9""], ""val_n_chips"": 1, ""wmse_base"": 0.1}",3.253870964050293,2.341250279998782,-0.7923497200012182,0.9807888895881962,0.1370289765820105,-1.0,True
p1_fa_curriculum_s12_to_s3_wmse_seed1_curriculum_s12_to_3_wmse0.1_soft_argmax_top5,"{""batch_size"": 32, ""cache"": ""regress_all_filt_abcd_ntcRaw_madk1p5_spatA3"", ""curriculum_sigma"": true, ""device"": ""cuda"", ""dir"": ""p1_fa_curriculum_s12_to_s3_wmse/seed1_curriculum_s12_to_3_wmse0.1"", ""epochs"": 40, ""experiment"": ""p1_fa_curriculum_s12_to_s3_wmse"", ""extraction_rule"": ""soft_argmax_top5"", ""focal_gamma"": null, ""loss"": ""wmse"", ""lr"": 0.001, ""lr_gamma"": 0.75, ""lr_step"": 10, ""method"": ""F6 PDF regression (cnn1d backbone, soft Gaussian target)"", ""n_parameters"": 9025, ""n_samples"": 450, ""n_test"": 5014, ""n_train"": 15912, ""n_val"": 6991, ""samples_per_min"": 15, ""seed"": 1, ""sigma_end"": 3.0, ""sigma_samples"": 5.0, ""sigma_seconds"": 20.0, ""sigma_start"": 12.0, ""started_at"": ""2026-07-13T16:01:28.706052"", ""test_chips"": [""D20240719_E03_C44_F4500KHz_U_COV_SD""], ""val_chips_held_out"": [""D20240822_E02_C00_F4500KHz_U_1e9""], ""val_n_chips"": 1, ""wmse_base"": 0.1}",3.174730110168457,2.399217561340335,-0.734382438659665,0.990391453744916,0.1186015040685852,-1.0,True
p1_fa_curriculum_s12_to_s3_wmse_seed1_curriculum_s12_to_3_wmse0.1_expected_value,"{""batch_size"": 32, ""cache"": ""regress_all_filt_abcd_ntcRaw_madk1p5_spatA3"", ""curriculum_sigma"": true, ""device"": ""cuda"", ""dir"": ""p1_fa_curriculum_s12_to_s3_wmse/seed1_curriculum_s12_to_3_wmse0.1"", ""epochs"": 40, ""experiment"": ""p1_fa_curriculum_s12_to_s3_wmse"", ""extraction_rule"": ""expected_value"", ""focal_gamma"": null, ""loss"": ""wmse"", ""lr"": 0.001, ""lr_gamma"": 0.75, ""lr_step"": 10, ""method"": ""F6 PDF regression (cnn1d backbone, soft Gaussian target)"", ""n_parameters"": 9025, ""n_samples"": 450, ""n_test"": 5014, ""n_train"": 15912, ""n_val"": 6991, ""samples_per_min"": 15, ""seed"": 1, ""sigma_end"": 3.0, ""sigma_samples"": 5.0, ""sigma_seconds"": 20.0, ""sigma_start"": 12.0, ""started_at"": ""2026-07-13T16:01:28.706052"", ""test_chips"": [""D20240719_E03_C44_F4500KHz_U_COV_SD""], ""val_chips_held_out"": [""D20240822_E02_C00_F4500KHz_U_1e9""], ""val_n_chips"": 1, ""wmse_base"": 0.1}",4.320750427246094,3.2088849578857443,0.0752849578857444,0.0734454371823941,0.0936060400333013,0.0999999999999999,False
p1_fa_curriculum_s12_to_s3_wmse_seed1_curriculum_s12_to_3_wmse0.1_first_moment_thr0p5,"{""batch_size"": 32, ""cache"": ""regress_all_filt_abcd_ntcRaw_madk1p5_spatA3"", ""curriculum_sigma"": true, ""device"": ""cuda"", ""dir"": ""p1_fa_curriculum_s12_to_s3_wmse/seed1_curriculum_s12_to_3_wmse0.1"", ""epochs"": 40, ""experiment"": ""p1_fa_curriculum_s12_to_s3_wmse"", ""extraction_rule"": ""first_moment_thr0p5"", ""focal_gamma"": null, ""loss"": ""wmse"", ""lr"": 0.001, ""lr_gamma"": 0.75, ""lr_step"": 10, ""method"": ""F6 PDF regression (cnn1d backbone, soft Gaussian target)"", ""n_parameters"": 9025, ""n_samples"": 450, ""n_test"": 5014, ""n_train"": 15912, ""n_val"": 6991, ""samples_per_min"": 15, ""seed"": 1, ""sigma_end"": 3.0, ""sigma_samples"": 5.0, ""sigma_seconds"": 20.0, ""sigma_start"": 12.0, ""started_at"": ""2026-07-13T16:01:28.706052"", ""test_chips"": [""D20240719_E03_C44_F4500KHz_U_COV_SD""], ""val_chips_held_out"": [""D20240822_E02_C00_F4500KHz_U_1e9""], ""val_n_chips"": 1, ""wmse_base"": 0.1}",4.221899032592773,3.138946679687502,0.0053466796875019,0.0003569177274729,0.1063483582831046,0.0999999999999999,False
p1_fa_curriculum_s12_to_s3_wmse_seed2_curriculum_s12_to_3_wmse0.1_hard_argmax,"{""batch_size"": 32, ""cache"": ""regress_all_filt_abcd_ntcRaw_madk1p5_spatA3"", ""curriculum_sigma"": true, ""device"": ""cuda"", ""dir"": ""p1_fa_curriculum_s12_to_s3_wmse/seed2_curriculum_s12_to_3_wmse0.1"", ""epochs"": 40, ""experiment"": ""p1_fa_curriculum_s12_to_s3_wmse"", ""extraction_rule"": ""hard_argmax"", ""focal_gamma"": null, ""loss"": ""wmse"", ""lr"": 0.001, ""lr_gamma"": 0.75, ""lr_step"": 10, ""method"": ""F6 PDF regression (cnn1d backbone, soft Gaussian target)"", ""n_parameters"": 9025, ""n_samples"": 450, ""n_test"": 5014, ""n_train"": 17225, ""n_val"": 5678, ""samples_per_min"": 15, ""seed"": 2, ""sigma_end"": 3.0, ""sigma_samples"": 5.0, ""sigma_seconds"": 20.0, ""sigma_start"": 12.0, ""started_at"": ""2026-07-13T16:01:28.706262"", ""test_chips"": [""D20240719_E03_C44_F4500KHz_U_COV_SD""], ""val_chips_held_out"": [""D20240821_E01_C09_F4500KHz_U_1e6""], ""val_n_chips"": 1, ""wmse_base"": 0.1}",3.324568939208985,2.1272250686645533,-1.0063749313354469,0.980952120551769,0.115588326024371,-1.0,True
p1_fa_curriculum_s12_to_s3_wmse_seed2_curriculum_s12_to_3_wmse0.1_soft_argmax_top5,"{""batch_size"": 32, ""cache"": ""regress_all_filt_abcd_ntcRaw_madk1p5_spatA3"", ""curriculum_sigma"": true, ""device"": ""cuda"", ""dir"": ""p1_fa_curriculum_s12_to_s3_wmse/seed2_curriculum_s12_to_3_wmse0.1"", ""epochs"": 40, ""experiment"": ""p1_fa_curriculum_s12_to_s3_wmse"", ""extraction_rule"": ""soft_argmax_top5"", ""focal_gamma"": null, ""loss"": ""wmse"", ""lr"": 0.001, ""lr_gamma"": 0.75, ""lr_step"": 10, ""method"": ""F6 PDF regression (cnn1d backbone, soft Gaussian target)"", ""n_parameters"": 9025, ""n_samples"": 450, ""n_test"": 5014, ""n_train"": 17225, ""n_val"": 5678, ""samples_per_min"": 15, ""seed"": 2, ""sigma_end"": 3.0, ""sigma_samples"": 5.0, ""sigma_seconds"": 20.0, ""sigma_start"": 12.0, ""started_at"": ""2026-07-13T16:01:28.706262"", ""test_chips"": [""D20240719_E03_C44_F4500KHz_U_COV_SD""], ""val_chips_held_out"": [""D20240821_E01_C09_F4500KHz_U_1e6""], ""val_n_chips"": 1, ""wmse_base"": 0.1}",3.2751970291137695,2.227026799774173,-0.9065732002258268,0.958901658231396,0.1025415328405562,-1.0,True
p1_fa_curriculum_s12_to_s3_wmse_seed2_curriculum_s12_to_3_wmse0.1_expected_value,"{""batch_size"": 32, ""cache"": ""regress_all_filt_abcd_ntcRaw_madk1p5_spatA3"", ""curriculum_sigma"": true, ""device"": ""cuda"", ""dir"": ""p1_fa_curriculum_s12_to_s3_wmse/seed2_curriculum_s12_to_3_wmse0.1"", ""epochs"": 40, ""experiment"": ""p1_fa_curriculum_s12_to_s3_wmse"", ""extraction_rule"": ""expected_value"", ""focal_gamma"": null, ""loss"": ""wmse"", ""lr"": 0.001, ""lr_gamma"": 0.75, ""lr_step"": 10, ""method"": ""F6 PDF regression (cnn1d backbone, soft Gaussian target)"", ""n_parameters"": 9025, ""n_samples"": 450, ""n_test"": 5014, ""n_train"": 17225, ""n_val"": 5678, ""samples_per_min"": 15, ""seed"": 2, ""sigma_end"": 3.0, ""sigma_samples"": 5.0, ""sigma_seconds"": 20.0, ""sigma_start"": 12.0, ""started_at"": ""2026-07-13T16:01:28.706262"", ""test_chips"": [""D20240719_E03_C44_F4500KHz_U_COV_SD""], ""val_chips_held_out"": [""D20240821_E01_C09_F4500KHz_U_1e6""], ""val_n_chips"": 1, ""wmse_base"": 0.1}",3.863832092285156,3.22707906112671,0.0934790611267104,0.2105877221482566,0.0941892138322368,0.4999999999999999,False
p1_fa_curriculum_s12_to_s3_wmse_seed2_curriculum_s12_to_3_wmse0.1_first_moment_thr0p5,"{""batch_size"": 32, ""cache"": ""regress_all_filt_abcd_ntcRaw_madk1p5_spatA3"", ""curriculum_sigma"": true, ""device"": ""cuda"", ""dir"": ""p1_fa_curriculum_s12_to_s3_wmse/seed2_curriculum_s12_to_3_wmse0.1"", ""epochs"": 40, ""experiment"": ""p1_fa_curriculum_s12_to_s3_wmse"", ""extraction_rule"": ""first_moment_thr0p5"", ""focal_gamma"": null, ""loss"": ""wmse"", ""lr"": 0.001, ""lr_gamma"": 0.75, ""lr_step"": 10, ""method"": ""F6 PDF regression (cnn1d backbone, soft Gaussian target)"", ""n_parameters"": 9025, ""n_samples"": 450, ""n_test"": 5014, ""n_train"": 17225, ""n_val"": 5678, ""samples_per_min"": 15, ""seed"": 2, ""sigma_end"": 3.0, ""sigma_samples"": 5.0, ""sigma_seconds"": 20.0, ""sigma_start"": 12.0, ""started_at"": ""2026-07-13T16:01:28.706262"", ""test_chips"": [""D20240719_E03_C44_F4500KHz_U_COV_SD""], ""val_chips_held_out"": [""D20240821_E01_C09_F4500KHz_U_1e6""], ""val_n_chips"": 1, ""wmse_base"": 0.1}",3.695796394348144,3.0609872375488303,-0.0726127624511695,0.0532352360234584,0.1241735514784176,-0.3,False
p1_fa_focal_mse_seed0_sigma5_focal_mse_g2_hard_argmax,"{""batch_size"": 32, ""cache"": ""regress_all_filt_abcd_ntcRaw_madk1p5_spatA3"", ""curriculum_sigma"": false, ""device"": ""cuda"", ""dir"": ""p1_fa_focal_mse/seed0_sigma5_focal_mse_g2"", ""epochs"": 40, ""experiment"": ""p1_fa_focal_mse"", ""extraction_rule"": ""hard_argmax"", ""focal_gamma"": 2.0, ""loss"": ""focal_mse"", ""lr"": 0.001, ""lr_gamma"": 0.75, ""lr_step"": 10, ""method"": ""F6 PDF regression (cnn1d backbone, soft Gaussian target)"", ""n_parameters"": 9025, ""n_samples"": 450, ""n_test"": 5014, ""n_train"": 17225, ""n_val"": 5678, ""samples_per_min"": 15, ""seed"": 0, ""sigma_end"": null, ""sigma_samples"": 5.0, ""sigma_seconds"": 20.0, ""sigma_start"": null, ""started_at"": ""2026-07-13T15:52:55.969811"", ""test_chips"": [""D20240719_E03_C44_F4500KHz_U_COV_SD""], ""val_chips_held_out"": [""D20240821_E01_C09_F4500KHz_U_1e6""], ""val_n_chips"": 1, ""wmse_base"": null}",4.166537857055664,3.226512292480471,0.0929122924804711,0.0157326064363602,0.167872158795403,0.0999999999999999,False
p1_fa_focal_mse_seed0_sigma5_focal_mse_g2_soft_argmax_top5,"{""batch_size"": 32, ""cache"": ""regress_all_filt_abcd_ntcRaw_madk1p5_spatA3"", ""curriculum_sigma"": false, ""device"": ""cuda"", ""dir"": ""p1_fa_focal_mse/seed0_sigma5_focal_mse_g2"", ""epochs"": 40, ""experiment"": ""p1_fa_focal_mse"", ""extraction_rule"": ""soft_argmax_top5"", ""focal_gamma"": 2.0, ""loss"": ""focal_mse"", ""lr"": 0.001, ""lr_gamma"": 0.75, ""lr_step"": 10, ""method"": ""F6 PDF regression (cnn1d backbone, soft Gaussian target)"", ""n_parameters"": 9025, ""n_samples"": 450, ""n_test"": 5014, ""n_train"": 17225, ""n_val"": 5678, ""samples_per_min"": 15, ""seed"": 0, ""sigma_end"": null, ""sigma_samples"": 5.0, ""sigma_seconds"": 20.0, ""sigma_start"": null, ""started_at"": ""2026-07-13T15:52:55.969811"", ""test_chips"": [""D20240719_E03_C44_F4500KHz_U_COV_SD""], ""val_chips_held_out"": [""D20240821_E01_C09_F4500KHz_U_1e6""], ""val_n_chips"": 1, ""wmse_base"": null}",4.1680200576782225,3.2279965911865247,0.0943965911865248,0.0163217587641951,0.1678032926372712,0.0999999999999999,False
p1_fa_focal_mse_seed0_sigma5_focal_mse_g2_expected_value,"{""batch_size"": 32, ""cache"": ""regress_all_filt_abcd_ntcRaw_madk1p5_spatA3"", ""curriculum_sigma"": false, ""device"": ""cuda"", ""dir"": ""p1_fa_focal_mse/seed0_sigma5_focal_mse_g2"", ""epochs"": 40, ""experiment"": ""p1_fa_focal_mse"", ""extraction_rule"": ""expected_value"", ""focal_gamma"": 2.0, ""loss"": ""focal_mse"", ""lr"": 0.001, ""lr_gamma"": 0.75, ""lr_step"": 10, ""method"": ""F6 PDF regression (cnn1d backbone, soft Gaussian target)"", ""n_parameters"": 9025, ""n_samples"": 450, ""n_test"": 5014, ""n_train"": 17225, ""n_val"": 5678, ""samples_per_min"": 15, ""seed"": 0, ""sigma_end"": null, ""sigma_samples"": 5.0, ""sigma_seconds"": 20.0, ""sigma_start"": null, ""started_at"": ""2026-07-13T15:52:55.969811"", ""test_chips"": [""D20240719_E03_C44_F4500KHz_U_COV_SD""], ""val_chips_held_out"": [""D20240821_E01_C09_F4500KHz_U_1e6""], ""val_n_chips"": 1, ""wmse_base"": null}",3.9480258941650392,3.173802140808107,0.0402021408081072,0.0587051159904444,0.0558374347686829,0.0999999999999999,False
p1_fa_focal_mse_seed0_sigma5_focal_mse_g2_first_moment_thr0p5,"{""batch_size"": 32, ""cache"": ""regress_all_filt_abcd_ntcRaw_madk1p5_spatA3"", ""curriculum_sigma"": false, ""device"": ""cuda"", ""dir"": ""p1_fa_focal_mse/seed0_sigma5_focal_mse_g2"", ""epochs"": 40, ""experiment"": ""p1_fa_focal_mse"", ""extraction_rule"": ""first_moment_thr0p5"", ""focal_gamma"": 2.0, ""loss"": ""focal_mse"", ""lr"": 0.001, ""lr_gamma"": 0.75, ""lr_step"": 10, ""method"": ""F6 PDF regression (cnn1d backbone, soft Gaussian target)"", ""n_parameters"": 9025, ""n_samples"": 450, ""n_test"": 5014, ""n_train"": 17225, ""n_val"": 5678, ""samples_per_min"": 15, ""seed"": 0, ""sigma_end"": null, ""sigma_samples"": 5.0, ""sigma_seconds"": 20.0, ""sigma_start"": null, ""started_at"": ""2026-07-13T15:52:55.969811"", ""test_chips"": [""D20240719_E03_C44_F4500KHz_U_COV_SD""], ""val_chips_held_out"": [""D20240821_E01_C09_F4500KHz_U_1e6""], ""val_n_chips"": 1, ""wmse_base"": null}",3.8648677825927735,3.098184255218507,-0.0354157447814927,0.0206612482866354,0.0832141647296353,-0.3,False
p1_fa_focal_mse_seed1_sigma5_focal_mse_g2_hard_argmax,"{""batch_size"": 32, ""cache"": ""regress_all_filt_abcd_ntcRaw_madk1p5_spatA3"", ""curriculum_sigma"": false, ""device"": ""cuda"", ""dir"": ""p1_fa_focal_mse/seed1_sigma5_focal_mse_g2"", ""epochs"": 40, ""experiment"": ""p1_fa_focal_mse"", ""extraction_rule"": ""hard_argmax"", ""focal_gamma"": 2.0, ""loss"": ""focal_mse"", ""lr"": 0.001, ""lr_gamma"": 0.75, ""lr_step"": 10, ""method"": ""F6 PDF regression (cnn1d backbone, soft Gaussian target)"", ""n_parameters"": 9025, ""n_samples"": 450, ""n_test"": 5014, ""n_train"": 15912, ""n_val"": 6991, ""samples_per_min"": 15, ""seed"": 1, ""sigma_end"": null, ""sigma_samples"": 5.0, ""sigma_seconds"": 20.0, ""sigma_start"": null, ""started_at"": ""2026-07-13T15:52:55.975404"", ""test_chips"": [""D20240719_E03_C44_F4500KHz_U_COV_SD""], ""val_chips_held_out"": [""D20240822_E02_C00_F4500KHz_U_1e9""], ""val_n_chips"": 1, ""wmse_base"": null}",3.1185754776000976,2.5015191589355497,-0.6320808410644503,0.973054045273382,0.1689132436788578,-1.0,True
p1_fa_focal_mse_seed1_sigma5_focal_mse_g2_soft_argmax_top5,"{""batch_size"": 32, ""cache"": ""regress_all_filt_abcd_ntcRaw_madk1p5_spatA3"", ""curriculum_sigma"": false, ""device"": ""cuda"", ""dir"": ""p1_fa_focal_mse/seed1_sigma5_focal_mse_g2"", ""epochs"": 40, ""experiment"": ""p1_fa_focal_mse"", ""extraction_rule"": ""soft_argmax_top5"", ""focal_gamma"": 2.0, ""loss"": ""focal_mse"", ""lr"": 0.001, ""lr_gamma"": 0.75, ""lr_step"": 10, ""method"": ""F6 PDF regression (cnn1d backbone, soft Gaussian target)"", ""n_parameters"": 9025, ""n_samples"": 450, ""n_test"": 5014, ""n_train"": 15912, ""n_val"": 6991, ""samples_per_min"": 15, ""seed"": 1, ""sigma_end"": null, ""sigma_samples"": 5.0, ""sigma_seconds"": 20.0, ""sigma_start"": null, ""started_at"": ""2026-07-13T15:52:55.975404"", ""test_chips"": [""D20240719_E03_C44_F4500KHz_U_COV_SD""], ""val_chips_held_out"": [""D20240822_E02_C00_F4500KHz_U_1e9""], ""val_n_chips"": 1, ""wmse_base"": null}",3.1635433197021485,2.524979165649416,-0.6086208343505837,0.9819468293450364,0.1434066190184842,-1.0,True
p1_fa_focal_mse_seed1_sigma5_focal_mse_g2_expected_value,"{""batch_size"": 32, ""cache"": ""regress_all_filt_abcd_ntcRaw_madk1p5_spatA3"", ""curriculum_sigma"": false, ""device"": ""cuda"", ""dir"": ""p1_fa_focal_mse/seed1_sigma5_focal_mse_g2"", ""epochs"": 40, ""experiment"": ""p1_fa_focal_mse"", ""extraction_rule"": ""expected_value"", ""focal_gamma"": 2.0, ""loss"": ""focal_mse"", ""lr"": 0.001, ""lr_gamma"": 0.75, ""lr_step"": 10, ""method"": ""F6 PDF regression (cnn1d backbone, soft Gaussian target)"", ""n_parameters"": 9025, ""n_samples"": 450, ""n_test"": 5014, ""n_train"": 15912, ""n_val"": 6991, ""samples_per_min"": 15, ""seed"": 1, ""sigma_end"": null, ""sigma_samples"": 5.0, ""sigma_seconds"": 20.0, ""sigma_start"": null, ""started_at"": ""2026-07-13T15:52:55.975404"", ""test_chips"": [""D20240719_E03_C44_F4500KHz_U_COV_SD""], ""val_chips_held_out"": [""D20240822_E02_C00_F4500KHz_U_1e9""], ""val_n_chips"": 1, ""wmse_base"": null}",4.0664369583129885,3.1732003723144553,0.0396003723144552,0.0756086426941464,0.0451336132979922,0.0999999999999999,False
p1_fa_focal_mse_seed1_sigma5_focal_mse_g2_first_moment_thr0p5,"{""batch_size"": 32, ""cache"": ""regress_all_filt_abcd_ntcRaw_madk1p5_spatA3"", ""curriculum_sigma"": false, ""device"": ""cuda"", ""dir"": ""p1_fa_focal_mse/seed1_sigma5_focal_mse_g2"", ""epochs"": 40, ""experiment"": ""p1_fa_focal_mse"", ""extraction_rule"": ""first_moment_thr0p5"", ""focal_gamma"": 2.0, ""loss"": ""focal_mse"", ""lr"": 0.001, ""lr_gamma"": 0.75, ""lr_step"": 10, ""method"": ""F6 PDF regression (cnn1d backbone, soft Gaussian target)"", ""n_parameters"": 9025, ""n_samples"": 450, ""n_test"": 5014, ""n_train"": 15912, ""n_val"": 6991, ""samples_per_min"": 15, ""seed"": 1, ""sigma_end"": null, ""sigma_samples"": 5.0, ""sigma_seconds"": 20.0, ""sigma_start"": null, ""started_at"": ""2026-07-13T15:52:55.975404"", ""test_chips"": [""D20240719_E03_C44_F4500KHz_U_COV_SD""], ""val_chips_held_out"": [""D20240822_E02_C00_F4500KHz_U_1e9""], ""val_n_chips"": 1, ""wmse_base"": null}",4.105091667175293,3.1611014877319352,0.0275014877319352,0.0239122658070818,0.0638855277834526,0.0999999999999999,False
p1_fa_focal_mse_seed2_sigma5_focal_mse_g2_hard_argmax,"{""batch_size"": 32, ""cache"": ""regress_all_filt_abcd_ntcRaw_madk1p5_spatA3"", ""curriculum_sigma"": false, ""device"": ""cuda"", ""dir"": ""p1_fa_focal_mse/seed2_sigma5_focal_mse_g2"", ""epochs"": 40, ""experiment"": ""p1_fa_focal_mse"", ""extraction_rule"": ""hard_argmax"", ""focal_gamma"": 2.0, ""loss"": ""focal_mse"", ""lr"": 0.001, ""lr_gamma"": 0.75, ""lr_step"": 10, ""method"": ""F6 PDF regression (cnn1d backbone, soft Gaussian target)"", ""n_parameters"": 9025, ""n_samples"": 450, ""n_test"": 5014, ""n_train"": 17225, ""n_val"": 5678, ""samples_per_min"": 15, ""seed"": 2, ""sigma_end"": null, ""sigma_samples"": 5.0, ""sigma_seconds"": 20.0, ""sigma_start"": null, ""started_at"": ""2026-07-13T15:55:50.055581"", ""test_chips"": [""D20240719_E03_C44_F4500KHz_U_COV_SD""], ""val_chips_held_out"": [""D20240821_E01_C09_F4500KHz_U_1e6""], ""val_n_chips"": 1, ""wmse_base"": null}",3.969284057617187,2.95685315475464,-0.1767468452453598,0.0654863089986304,0.13436914836861,-0.3,False
p1_fa_focal_mse_seed2_sigma5_focal_mse_g2_soft_argmax_top5,"{""batch_size"": 32, ""cache"": ""regress_all_filt_abcd_ntcRaw_madk1p5_spatA3"", ""curriculum_sigma"": false, ""device"": ""cuda"", ""dir"": ""p1_fa_focal_mse/seed2_sigma5_focal_mse_g2"", ""epochs"": 40, ""experiment"": ""p1_fa_focal_mse"", ""extraction_rule"": ""soft_argmax_top5"", ""focal_gamma"": 2.0, ""loss"": ""focal_mse"", ""lr"": 0.001, ""lr_gamma"": 0.75, ""lr_step"": 10, ""method"": ""F6 PDF regression (cnn1d backbone, soft Gaussian target)"", ""n_parameters"": 9025, ""n_samples"": 450, ""n_test"": 5014, ""n_train"": 17225, ""n_val"": 5678, ""samples_per_min"": 15, ""seed"": 2, ""sigma_end"": null, ""sigma_samples"": 5.0, ""sigma_seconds"": 20.0, ""sigma_start"": null, ""started_at"": ""2026-07-13T15:55:50.055581"", ""test_chips"": [""D20240719_E03_C44_F4500KHz_U_COV_SD""], ""val_chips_held_out"": [""D20240821_E01_C09_F4500KHz_U_1e6""], ""val_n_chips"": 1, ""wmse_base"": null}",3.9582386016845703,2.953941491699222,-0.1796585083007779,0.0676009473906048,0.1345203536859013,-0.3,False
p1_fa_focal_mse_seed2_sigma5_focal_mse_g2_expected_value,"{""batch_size"": 32, ""cache"": ""regress_all_filt_abcd_ntcRaw_madk1p5_spatA3"", ""curriculum_sigma"": false, ""device"": ""cuda"", ""dir"": ""p1_fa_focal_mse/seed2_sigma5_focal_mse_g2"", ""epochs"": 40, ""experiment"": ""p1_fa_focal_mse"", ""extraction_rule"": ""expected_value"", ""focal_gamma"": 2.0, ""loss"": ""focal_mse"", ""lr"": 0.001, ""lr_gamma"": 0.75, ""lr_step"": 10, ""method"": ""F6 PDF regression (cnn1d backbone, soft Gaussian target)"", ""n_parameters"": 9025, ""n_samples"": 450, ""n_test"": 5014, ""n_train"": 17225, ""n_val"": 5678, ""samples_per_min"": 15, ""seed"": 2, ""sigma_end"": null, ""sigma_samples"": 5.0, ""sigma_seconds"": 20.0, ""sigma_start"": null, ""started_at"": ""2026-07-13T15:55:50.055581"", ""test_chips"": [""D20240719_E03_C44_F4500KHz_U_COV_SD""], ""val_chips_held_out"": [""D20240821_E01_C09_F4500KHz_U_1e6""], ""val_n_chips"": 1, ""wmse_base"": null}",3.94454288482666,3.182244733428957,0.048644733428957,0.0810642812909441,0.0588644179059961,0.0999999999999999,False
p1_fa_focal_mse_seed2_sigma5_focal_mse_g2_first_moment_thr0p5,"{""batch_size"": 32, ""cache"": ""regress_all_filt_abcd_ntcRaw_madk1p5_spatA3"", ""curriculum_sigma"": false, ""device"": ""cuda"", ""dir"": ""p1_fa_focal_mse/seed2_sigma5_focal_mse_g2"", ""epochs"": 40, ""experiment"": ""p1_fa_focal_mse"", ""extraction_rule"": ""first_moment_thr0p5"", ""focal_gamma"": 2.0, ""loss"": ""focal_mse"", ""lr"": 0.001, ""lr_gamma"": 0.75, ""lr_step"": 10, ""method"": ""F6 PDF regression (cnn1d backbone, soft Gaussian target)"", ""n_parameters"": 9025, ""n_samples"": 450, ""n_test"": 5014, ""n_train"": 17225, ""n_val"": 5678, ""samples_per_min"": 15, ""seed"": 2, ""sigma_end"": null, ""sigma_samples"": 5.0, ""sigma_seconds"": 20.0, ""sigma_start"": null, ""started_at"": ""2026-07-13T15:55:50.055581"", ""test_chips"": [""D20240719_E03_C44_F4500KHz_U_COV_SD""], ""val_chips_held_out"": [""D20240821_E01_C09_F4500KHz_U_1e6""], ""val_n_chips"": 1, ""wmse_base"": null}",3.847904586791992,3.116936162567141,-0.0166638374328591,0.0045599865485267,0.0866520414434345,0.0999999999999999,False
p1_fa_kl_seed0_sigma5_kl_hard_argmax,"{""batch_size"": 32, ""cache"": ""regress_all_filt_abcd_ntcRaw_madk1p5_spatA3"", ""curriculum_sigma"": false, ""device"": ""cuda"", ""dir"": ""p1_fa_kl/seed0_sigma5_kl"", ""epochs"": 40, ""experiment"": ""p1_fa_kl"", ""extraction_rule"": ""hard_argmax"", ""focal_gamma"": null, ""loss"": ""kl"", ""lr"": 0.001, ""lr_gamma"": 0.75, ""lr_step"": 10, ""method"": ""F6 PDF regression (cnn1d backbone, soft Gaussian target)"", ""n_parameters"": 9025, ""n_samples"": 450, ""n_test"": 5014, ""n_train"": 17225, ""n_val"": 5678, ""samples_per_min"": 15, ""seed"": 0, ""sigma_end"": null, ""sigma_samples"": 5.0, ""sigma_seconds"": 20.0, ""sigma_start"": null, ""started_at"": ""2026-07-13T15:55:50.056054"", ""test_chips"": [""D20240719_E03_C44_F4500KHz_U_COV_SD""], ""val_chips_held_out"": [""D20240821_E01_C09_F4500KHz_U_1e6""], ""val_n_chips"": 1, ""wmse_base"": null}",3.630481147766113,2.801810029602052,-0.3317899703979478,0.4577784375131493,0.1656173735630715,-0.7,False
p1_fa_kl_seed0_sigma5_kl_soft_argmax_top5,"{""batch_size"": 32, ""cache"": ""regress_all_filt_abcd_ntcRaw_madk1p5_spatA3"", ""curriculum_sigma"": false, ""device"": ""cuda"", ""dir"": ""p1_fa_kl/seed0_sigma5_kl"", ""epochs"": 40, ""experiment"": ""p1_fa_kl"", ""extraction_rule"": ""soft_argmax_top5"", ""focal_gamma"": null, ""loss"": ""kl"", ""lr"": 0.001, ""lr_gamma"": 0.75, ""lr_step"": 10, ""method"": ""F6 PDF regression (cnn1d backbone, soft Gaussian target)"", ""n_parameters"": 9025, ""n_samples"": 450, ""n_test"": 5014, ""n_train"": 17225, ""n_val"": 5678, ""samples_per_min"": 15, ""seed"": 0, ""sigma_end"": null, ""sigma_samples"": 5.0, ""sigma_seconds"": 20.0, ""sigma_start"": null, ""started_at"": ""2026-07-13T15:55:50.056054"", ""test_chips"": [""D20240719_E03_C44_F4500KHz_U_COV_SD""], ""val_chips_held_out"": [""D20240821_E01_C09_F4500KHz_U_1e6""], ""val_n_chips"": 1, ""wmse_base"": null}",3.6073078155517577,2.8029199157714864,-0.3306800842285138,0.4613566477092914,0.1459832486620265,-0.7,False
p1_fa_kl_seed0_sigma5_kl_expected_value,"{""batch_size"": 32, ""cache"": ""regress_all_filt_abcd_ntcRaw_madk1p5_spatA3"", ""curriculum_sigma"": false, ""device"": ""cuda"", ""dir"": ""p1_fa_kl/seed0_sigma5_kl"", ""epochs"": 40, ""experiment"": ""p1_fa_kl"", ""extraction_rule"": ""expected_value"", ""focal_gamma"": null, ""loss"": ""kl"", ""lr"": 0.001, ""lr_gamma"": 0.75, ""lr_step"": 10, ""method"": ""F6 PDF regression (cnn1d backbone, soft Gaussian target)"", ""n_parameters"": 9025, ""n_samples"": 450, ""n_test"": 5014, ""n_train"": 17225, ""n_val"": 5678, ""samples_per_min"": 15, ""seed"": 0, ""sigma_end"": null, ""sigma_samples"": 5.0, ""sigma_seconds"": 20.0, ""sigma_start"": null, ""started_at"": ""2026-07-13T15:55:50.056054"", ""test_chips"": [""D20240719_E03_C44_F4500KHz_U_COV_SD""], ""val_chips_held_out"": [""D20240821_E01_C09_F4500KHz_U_1e6""], ""val_n_chips"": 1, ""wmse_base"": null}",3.805874252319336,3.1464274917602553,0.0128274917602552,0.100799877078026,0.0173364529899377,0.1999999999999999,False
p1_fa_kl_seed0_sigma5_kl_first_moment_thr0p5,"{""batch_size"": 32, ""cache"": ""regress_all_filt_abcd_ntcRaw_madk1p5_spatA3"", ""curriculum_sigma"": false, ""device"": ""cuda"", ""dir"": ""p1_fa_kl/seed0_sigma5_kl"", ""epochs"": 40, ""experiment"": ""p1_fa_kl"", ""extraction_rule"": ""first_moment_thr0p5"", ""focal_gamma"": null, ""loss"": ""kl"", ""lr"": 0.001, ""lr_gamma"": 0.75, ""lr_step"": 10, ""method"": ""F6 PDF regression (cnn1d backbone, soft Gaussian target)"", ""n_parameters"": 9025, ""n_samples"": 450, ""n_test"": 5014, ""n_train"": 17225, ""n_val"": 5678, ""samples_per_min"": 15, ""seed"": 0, ""sigma_end"": null, ""sigma_samples"": 5.0, ""sigma_seconds"": 20.0, ""sigma_start"": null, ""started_at"": ""2026-07-13T15:55:50.056054"", ""test_chips"": [""D20240719_E03_C44_F4500KHz_U_COV_SD""], ""val_chips_held_out"": [""D20240821_E01_C09_F4500KHz_U_1e6""], ""val_n_chips"": 1, ""wmse_base"": null}",3.7432790756225582,3.096165231323243,-0.037434768676757,0.1562303723338516,0.0406873473262571,-0.6,False
p1_fa_kl_seed1_sigma5_kl_hard_argmax,"{""batch_size"": 32, ""cache"": ""regress_all_filt_abcd_ntcRaw_madk1p5_spatA3"", ""curriculum_sigma"": false, ""device"": ""cuda"", ""dir"": ""p1_fa_kl/seed1_sigma5_kl"", ""epochs"": 40, ""experiment"": ""p1_fa_kl"", ""extraction_rule"": ""hard_argmax"", ""focal_gamma"": null, ""loss"": ""kl"", ""lr"": 0.001, ""lr_gamma"": 0.75, ""lr_step"": 10, ""method"": ""F6 PDF regression (cnn1d backbone, soft Gaussian target)"", ""n_parameters"": 9025, ""n_samples"": 450, ""n_test"": 5014, ""n_train"": 15912, ""n_val"": 6991, ""samples_per_min"": 15, ""seed"": 1, ""sigma_end"": null, ""sigma_samples"": 5.0, ""sigma_seconds"": 20.0, ""sigma_start"": null, ""started_at"": ""2026-07-13T15:58:46.474796"", ""test_chips"": [""D20240719_E03_C44_F4500KHz_U_COV_SD""], ""val_chips_held_out"": [""D20240822_E02_C00_F4500KHz_U_1e9""], ""val_n_chips"": 1, ""wmse_base"": null}",4.138441848754883,2.834177354431154,-0.2994226455688459,0.2300773461478024,0.3253308853088504,-0.1999999999999999,False
p1_fa_kl_seed1_sigma5_kl_soft_argmax_top5,"{""batch_size"": 32, ""cache"": ""regress_all_filt_abcd_ntcRaw_madk1p5_spatA3"", ""curriculum_sigma"": false, ""device"": ""cuda"", ""dir"": ""p1_fa_kl/seed1_sigma5_kl"", ""epochs"": 40, ""experiment"": ""p1_fa_kl"", ""extraction_rule"": ""soft_argmax_top5"", ""focal_gamma"": null, ""loss"": ""kl"", ""lr"": 0.001, ""lr_gamma"": 0.75, ""lr_step"": 10, ""method"": ""F6 PDF regression (cnn1d backbone, soft Gaussian target)"", ""n_parameters"": 9025, ""n_samples"": 450, ""n_test"": 5014, ""n_train"": 15912, ""n_val"": 6991, ""samples_per_min"": 15, ""seed"": 1, ""sigma_end"": null, ""sigma_samples"": 5.0, ""sigma_seconds"": 20.0, ""sigma_start"": null, ""started_at"": ""2026-07-13T15:58:46.474796"", ""test_chips"": [""D20240719_E03_C44_F4500KHz_U_COV_SD""], ""val_chips_held_out"": [""D20240822_E02_C00_F4500KHz_U_1e9""], ""val_n_chips"": 1, ""wmse_base"": null}",3.7470497131347655,2.8419838462829614,-0.2916161537170386,0.3830541684076325,0.1869394060993972,-0.6,False
p1_fa_kl_seed1_sigma5_kl_expected_value,"{""batch_size"": 32, ""cache"": ""regress_all_filt_abcd_ntcRaw_madk1p5_spatA3"", ""curriculum_sigma"": false, ""device"": ""cuda"", ""dir"": ""p1_fa_kl/seed1_sigma5_kl"", ""epochs"": 40, ""experiment"": ""p1_fa_kl"", ""extraction_rule"": ""expected_value"", ""focal_gamma"": null, ""loss"": ""kl"", ""lr"": 0.001, ""lr_gamma"": 0.75, ""lr_step"": 10, ""method"": ""F6 PDF regression (cnn1d backbone, soft Gaussian target)"", ""n_parameters"": 9025, ""n_samples"": 450, ""n_test"": 5014, ""n_train"": 15912, ""n_val"": 6991, ""samples_per_min"": 15, ""seed"": 1, ""sigma_end"": null, ""sigma_samples"": 5.0, ""sigma_seconds"": 20.0, ""sigma_start"": null, ""started_at"": ""2026-07-13T15:58:46.474796"", ""test_chips"": [""D20240719_E03_C44_F4500KHz_U_COV_SD""], ""val_chips_held_out"": [""D20240822_E02_C00_F4500KHz_U_1e9""], ""val_n_chips"": 1, ""wmse_base"": null}",3.78732967376709,3.1324637924194354,-0.0011362075805645,0.0058975717113437,0.0048804495900989,0.0999999999999999,False
p1_fa_kl_seed1_sigma5_kl_first_moment_thr0p5,"{""batch_size"": 32, ""cache"": ""regress_all_filt_abcd_ntcRaw_madk1p5_spatA3"", ""curriculum_sigma"": false, ""device"": ""cuda"", ""dir"": ""p1_fa_kl/seed1_sigma5_kl"", ""epochs"": 40, ""experiment"": ""p1_fa_kl"", ""extraction_rule"": ""first_moment_thr0p5"", ""focal_gamma"": null, ""loss"": ""kl"", ""lr"": 0.001, ""lr_gamma"": 0.75, ""lr_step"": 10, ""method"": ""F6 PDF regression (cnn1d backbone, soft Gaussian target)"", ""n_parameters"": 9025, ""n_samples"": 450, ""n_test"": 5014, ""n_train"": 15912, ""n_val"": 6991, ""samples_per_min"": 15, ""seed"": 1, ""sigma_end"": null, ""sigma_samples"": 5.0, ""sigma_seconds"": 20.0, ""sigma_start"": null, ""started_at"": ""2026-07-13T15:58:46.474796"", ""test_chips"": [""D20240719_E03_C44_F4500KHz_U_COV_SD""], ""val_chips_held_out"": [""D20240822_E02_C00_F4500KHz_U_1e9""], ""val_n_chips"": 1, ""wmse_base"": null}",3.7961177825927734,3.13156600341797,-0.0020339965820298,0.0075778661610234,0.0089717236107876,0.0999999999999999,False
p1_fa_kl_seed2_sigma5_kl_hard_argmax,"{""batch_size"": 32, ""cache"": ""regress_all_filt_abcd_ntcRaw_madk1p5_spatA3"", ""curriculum_sigma"": false, ""device"": ""cuda"", ""dir"": ""p1_fa_kl/seed2_sigma5_kl"", ""epochs"": 40, ""experiment"": ""p1_fa_kl"", ""extraction_rule"": ""hard_argmax"", ""focal_gamma"": null, ""loss"": ""kl"", ""lr"": 0.001, ""lr_gamma"": 0.75, ""lr_step"": 10, ""method"": ""F6 PDF regression (cnn1d backbone, soft Gaussian target)"", ""n_parameters"": 9025, ""n_samples"": 450, ""n_test"": 5014, ""n_train"": 17225, ""n_val"": 5678, ""samples_per_min"": 15, ""seed"": 2, ""sigma_end"": null, ""sigma_samples"": 5.0, ""sigma_seconds"": 20.0, ""sigma_start"": null, ""started_at"": ""2026-07-13T15:58:46.474943"", ""test_chips"": [""D20240719_E03_C44_F4500KHz_U_COV_SD""], ""val_chips_held_out"": [""D20240821_E01_C09_F4500KHz_U_1e6""], ""val_n_chips"": 1, ""wmse_base"": null}",3.5798933029174806,2.688654283142092,-0.4449457168579077,0.7289553817578844,0.1518690870038201,-0.7,False
p1_fa_kl_seed2_sigma5_kl_soft_argmax_top5,"{""batch_size"": 32, ""cache"": ""regress_all_filt_abcd_ntcRaw_madk1p5_spatA3"", ""curriculum_sigma"": false, ""device"": ""cuda"", ""dir"": ""p1_fa_kl/seed2_sigma5_kl"", ""epochs"": 40, ""experiment"": ""p1_fa_kl"", ""extraction_rule"": ""soft_argmax_top5"", ""focal_gamma"": null, ""loss"": ""kl"", ""lr"": 0.001, ""lr_gamma"": 0.75, ""lr_step"": 10, ""method"": ""F6 PDF regression (cnn1d backbone, soft Gaussian target)"", ""n_parameters"": 9025, ""n_samples"": 450, ""n_test"": 5014, ""n_train"": 17225, ""n_val"": 5678, ""samples_per_min"": 15, ""seed"": 2, ""sigma_end"": null, ""sigma_samples"": 5.0, ""sigma_seconds"": 20.0, ""sigma_start"": null, ""started_at"": ""2026-07-13T15:58:46.474943"", ""test_chips"": [""D20240719_E03_C44_F4500KHz_U_COV_SD""], ""val_chips_held_out"": [""D20240821_E01_C09_F4500KHz_U_1e6""], ""val_n_chips"": 1, ""wmse_base"": null}",3.5951391220092774,2.7367420707702665,-0.3968579292297336,0.6303639024215442,0.1366705184858442,-0.7,False
p1_fa_kl_seed2_sigma5_kl_expected_value,"{""batch_size"": 32, ""cache"": ""regress_all_filt_abcd_ntcRaw_madk1p5_spatA3"", ""curriculum_sigma"": false, ""device"": ""cuda"", ""dir"": ""p1_fa_kl/seed2_sigma5_kl"", ""epochs"": 40, ""experiment"": ""p1_fa_kl"", ""extraction_rule"": ""expected_value"", ""focal_gamma"": null, ""loss"": ""kl"", ""lr"": 0.001, ""lr_gamma"": 0.75, ""lr_step"": 10, ""method"": ""F6 PDF regression (cnn1d backbone, soft Gaussian target)"", ""n_parameters"": 9025, ""n_samples"": 450, ""n_test"": 5014, ""n_train"": 17225, ""n_val"": 5678, ""samples_per_min"": 15, ""seed"": 2, ""sigma_end"": null, ""sigma_samples"": 5.0, ""sigma_seconds"": 20.0, ""sigma_start"": null, ""started_at"": ""2026-07-13T15:58:46.474943"", ""test_chips"": [""D20240719_E03_C44_F4500KHz_U_COV_SD""], ""val_chips_held_out"": [""D20240821_E01_C09_F4500KHz_U_1e6""], ""val_n_chips"": 1, ""wmse_base"": null}",3.8531097412109374,3.1668461357116713,0.0332461357116711,0.3966794756739051,0.0177373140070843,0.4999999999999999,False
p1_fa_kl_seed2_sigma5_kl_first_moment_thr0p5,"{""batch_size"": 32, ""cache"": ""regress_all_filt_abcd_ntcRaw_madk1p5_spatA3"", ""curriculum_sigma"": false, ""device"": ""cuda"", ""dir"": ""p1_fa_kl/seed2_sigma5_kl"", ""epochs"": 40, ""experiment"": ""p1_fa_kl"", ""extraction_rule"": ""first_moment_thr0p5"", ""focal_gamma"": null, ""loss"": ""kl"", ""lr"": 0.001, ""lr_gamma"": 0.75, ""lr_step"": 10, ""method"": ""F6 PDF regression (cnn1d backbone, soft Gaussian target)"", ""n_parameters"": 9025, ""n_samples"": 450, ""n_test"": 5014, ""n_train"": 17225, ""n_val"": 5678, ""samples_per_min"": 15, ""seed"": 2, ""sigma_end"": null, ""sigma_samples"": 5.0, ""sigma_seconds"": 20.0, ""sigma_start"": null, ""started_at"": ""2026-07-13T15:58:46.474943"", ""test_chips"": [""D20240719_E03_C44_F4500KHz_U_COV_SD""], ""val_chips_held_out"": [""D20240821_E01_C09_F4500KHz_U_1e6""], ""val_n_chips"": 1, ""wmse_base"": null}",3.804407119750977,3.1259290252685563,-0.0076709747314435,0.00688994144769,0.0415093278224803,0.0999999999999999,False
p1_fa_sigma12_wmse_seed0_sigma12_wmse0.1_hard_argmax,"{""batch_size"": 32, ""cache"": ""regress_all_filt_abcd_ntcRaw_madk1p5_spatA3"", ""curriculum_sigma"": false, ""device"": ""cuda"", ""dir"": ""p1_fa_sigma12_wmse/seed0_sigma12_wmse0.1"", ""epochs"": 40, ""experiment"": ""p1_fa_sigma12_wmse"", ""extraction_rule"": ""hard_argmax"", ""focal_gamma"": null, ""loss"": ""wmse"", ""lr"": 0.001, ""lr_gamma"": 0.75, ""lr_step"": 10, ""method"": ""F6 PDF regression (cnn1d backbone, soft Gaussian target)"", ""n_parameters"": 9025, ""n_samples"": 450, ""n_test"": 5014, ""n_train"": 17225, ""n_val"": 5678, ""samples_per_min"": 15, ""seed"": 0, ""sigma_end"": null, ""sigma_samples"": 12.0, ""sigma_seconds"": 48.0, ""sigma_start"": null, ""started_at"": ""2026-07-13T15:49:30.206109"", ""test_chips"": [""D20240719_E03_C44_F4500KHz_U_COV_SD""], ""val_chips_held_out"": [""D20240821_E01_C09_F4500KHz_U_1e6""], ""val_n_chips"": 1, ""wmse_base"": 0.1}",3.398633575439453,2.0454206024169945,-1.0881793975830052,0.9673690727371184,0.1279553043869443,-1.0,True
p1_fa_sigma12_wmse_seed0_sigma12_wmse0.1_soft_argmax_top5,"{""batch_size"": 32, ""cache"": ""regress_all_filt_abcd_ntcRaw_madk1p5_spatA3"", ""curriculum_sigma"": false, ""device"": ""cuda"", ""dir"": ""p1_fa_sigma12_wmse/seed0_sigma12_wmse0.1"", ""epochs"": 40, ""experiment"": ""p1_fa_sigma12_wmse"", ""extraction_rule"": ""soft_argmax_top5"", ""focal_gamma"": null, ""loss"": ""wmse"", ""lr"": 0.001, ""lr_gamma"": 0.75, ""lr_step"": 10, ""method"": ""F6 PDF regression (cnn1d backbone, soft Gaussian target)"", ""n_parameters"": 9025, ""n_samples"": 450, ""n_test"": 5014, ""n_train"": 17225, ""n_val"": 5678, ""samples_per_min"": 15, ""seed"": 0, ""sigma_end"": null, ""sigma_samples"": 12.0, ""sigma_seconds"": 48.0, ""sigma_start"": null, ""started_at"": ""2026-07-13T15:49:30.206109"", ""test_chips"": [""D20240719_E03_C44_F4500KHz_U_COV_SD""], ""val_chips_held_out"": [""D20240821_E01_C09_F4500KHz_U_1e6""], ""val_n_chips"": 1, ""wmse_base"": 0.1}",3.3566932678222656,2.183084634399416,-0.9505153656005836,0.960892483406476,0.1104103942886517,-1.0,True
p1_fa_sigma12_wmse_seed0_sigma12_wmse0.1_expected_value,"{""batch_size"": 32, ""cache"": ""regress_all_filt_abcd_ntcRaw_madk1p5_spatA3"", ""curriculum_sigma"": false, ""device"": ""cuda"", ""dir"": ""p1_fa_sigma12_wmse/seed0_sigma12_wmse0.1"", ""epochs"": 40, ""experiment"": ""p1_fa_sigma12_wmse"", ""extraction_rule"": ""expected_value"", ""focal_gamma"": null, ""loss"": ""wmse"", ""lr"": 0.001, ""lr_gamma"": 0.75, ""lr_step"": 10, ""method"": ""F6 PDF regression (cnn1d backbone, soft Gaussian target)"", ""n_parameters"": 9025, ""n_samples"": 450, ""n_test"": 5014, ""n_train"": 17225, ""n_val"": 5678, ""samples_per_min"": 15, ""seed"": 0, ""sigma_end"": null, ""sigma_samples"": 12.0, ""sigma_seconds"": 48.0, ""sigma_start"": null, ""started_at"": ""2026-07-13T15:49:30.206109"", ""test_chips"": [""D20240719_E03_C44_F4500KHz_U_COV_SD""], ""val_chips_held_out"": [""D20240821_E01_C09_F4500KHz_U_1e6""], ""val_n_chips"": 1, ""wmse_base"": 0.1}",3.8151809692382814,3.119848779296877,-0.0137512207031229,0.006752113940564,0.0913844841465619,-0.0999999999999999,False
p1_fa_sigma12_wmse_seed0_sigma12_wmse0.1_first_moment_thr0p5,"{""batch_size"": 32, ""cache"": ""regress_all_filt_abcd_ntcRaw_madk1p5_spatA3"", ""curriculum_sigma"": false, ""device"": ""cuda"", ""dir"": ""p1_fa_sigma12_wmse/seed0_sigma12_wmse0.1"", ""epochs"": 40, ""experiment"": ""p1_fa_sigma12_wmse"", ""extraction_rule"": ""first_moment_thr0p5"", ""focal_gamma"": null, ""loss"": ""wmse"", ""lr"": 0.001, ""lr_gamma"": 0.75, ""lr_step"": 10, ""method"": ""F6 PDF regression (cnn1d backbone, soft Gaussian target)"", ""n_parameters"": 9025, ""n_samples"": 450, ""n_test"": 5014, ""n_train"": 17225, ""n_val"": 5678, ""samples_per_min"": 15, ""seed"": 0, ""sigma_end"": null, ""sigma_samples"": 12.0, ""sigma_seconds"": 48.0, ""sigma_start"": null, ""started_at"": ""2026-07-13T15:49:30.206109"", ""test_chips"": [""D20240719_E03_C44_F4500KHz_U_COV_SD""], ""val_chips_held_out"": [""D20240821_E01_C09_F4500KHz_U_1e6""], ""val_n_chips"": 1, ""wmse_base"": 0.1}",3.718380165100098,3.0242889915466327,-0.1093110084533674,0.1379851791362853,0.1224980820874697,-0.3,False
p1_fa_sigma12_wmse_seed1_sigma12_wmse0.1_hard_argmax,"{""batch_size"": 32, ""cache"": ""regress_all_filt_abcd_ntcRaw_madk1p5_spatA3"", ""curriculum_sigma"": false, ""device"": ""cuda"", ""dir"": ""p1_fa_sigma12_wmse/seed1_sigma12_wmse0.1"", ""epochs"": 40, ""experiment"": ""p1_fa_sigma12_wmse"", ""extraction_rule"": ""hard_argmax"", ""focal_gamma"": null, ""loss"": ""wmse"", ""lr"": 0.001, ""lr_gamma"": 0.75, ""lr_step"": 10, ""method"": ""F6 PDF regression (cnn1d backbone, soft Gaussian target)"", ""n_parameters"": 9025, ""n_samples"": 450, ""n_test"": 5014, ""n_train"": 15912, ""n_val"": 6991, ""samples_per_min"": 15, ""seed"": 1, ""sigma_end"": null, ""sigma_samples"": 12.0, ""sigma_seconds"": 48.0, ""sigma_start"": null, ""started_at"": ""2026-07-13T15:49:30.206651"", ""test_chips"": [""D20240719_E03_C44_F4500KHz_U_COV_SD""], ""val_chips_held_out"": [""D20240822_E02_C00_F4500KHz_U_1e9""], ""val_n_chips"": 1, ""wmse_base"": 0.1}",3.0190242767333983,2.3940019165039095,-0.7395980834960902,0.9547180187345112,0.1482717379890979,-1.0,True
p1_fa_sigma12_wmse_seed1_sigma12_wmse0.1_soft_argmax_top5,"{""batch_size"": 32, ""cache"": ""regress_all_filt_abcd_ntcRaw_madk1p5_spatA3"", ""curriculum_sigma"": false, ""device"": ""cuda"", ""dir"": ""p1_fa_sigma12_wmse/seed1_sigma12_wmse0.1"", ""epochs"": 40, ""experiment"": ""p1_fa_sigma12_wmse"", ""extraction_rule"": ""soft_argmax_top5"", ""focal_gamma"": null, ""loss"": ""wmse"", ""lr"": 0.001, ""lr_gamma"": 0.75, ""lr_step"": 10, ""method"": ""F6 PDF regression (cnn1d backbone, soft Gaussian target)"", ""n_parameters"": 9025, ""n_samples"": 450, ""n_test"": 5014, ""n_train"": 15912, ""n_val"": 6991, ""samples_per_min"": 15, ""seed"": 1, ""sigma_end"": null, ""sigma_samples"": 12.0, ""sigma_seconds"": 48.0, ""sigma_start"": null, ""started_at"": ""2026-07-13T15:49:30.206651"", ""test_chips"": [""D20240719_E03_C44_F4500KHz_U_COV_SD""], ""val_chips_held_out"": [""D20240822_E02_C00_F4500KHz_U_1e9""], ""val_n_chips"": 1, ""wmse_base"": 0.1}",3.038239669799805,2.3992802177429224,-0.7343197822570775,0.9768194211399605,0.1243941552117125,-1.0,True
p1_fa_sigma12_wmse_seed1_sigma12_wmse0.1_expected_value,"{""batch_size"": 32, ""cache"": ""regress_all_filt_abcd_ntcRaw_madk1p5_spatA3"", ""curriculum_sigma"": false, ""device"": ""cuda"", ""dir"": ""p1_fa_sigma12_wmse/seed1_sigma12_wmse0.1"", ""epochs"": 40, ""experiment"": ""p1_fa_sigma12_wmse"", ""extraction_rule"": ""expected_value"", ""focal_gamma"": null, ""loss"": ""wmse"", ""lr"": 0.001, ""lr_gamma"": 0.75, ""lr_step"": 10, ""method"": ""F6 PDF regression (cnn1d backbone, soft Gaussian target)"", ""n_parameters"": 9025, ""n_samples"": 450, ""n_test"": 5014, ""n_train"": 15912, ""n_val"": 6991, ""samples_per_min"": 15, ""seed"": 1, ""sigma_end"": null, ""sigma_samples"": 12.0, ""sigma_seconds"": 48.0, ""sigma_start"": null, ""started_at"": ""2026-07-13T15:49:30.206651"", ""test_chips"": [""D20240719_E03_C44_F4500KHz_U_COV_SD""], ""val_chips_held_out"": [""D20240822_E02_C00_F4500KHz_U_1e9""], ""val_n_chips"": 1, ""wmse_base"": 0.1}",4.179968452453613,3.167109826660158,0.0335098266601581,0.0176409847111428,0.0899414516630956,0.0999999999999999,False
p1_fa_sigma12_wmse_seed1_sigma12_wmse0.1_first_moment_thr0p5,"{""batch_size"": 32, ""cache"": ""regress_all_filt_abcd_ntcRaw_madk1p5_spatA3"", ""curriculum_sigma"": false, ""device"": ""cuda"", ""dir"": ""p1_fa_sigma12_wmse/seed1_sigma12_wmse0.1"", ""epochs"": 40, ""experiment"": ""p1_fa_sigma12_wmse"", ""extraction_rule"": ""first_moment_thr0p5"", ""focal_gamma"": null, ""loss"": ""wmse"", ""lr"": 0.001, ""lr_gamma"": 0.75, ""lr_step"": 10, ""method"": ""F6 PDF regression (cnn1d backbone, soft Gaussian target)"", ""n_parameters"": 9025, ""n_samples"": 450, ""n_test"": 5014, ""n_train"": 15912, ""n_val"": 6991, ""samples_per_min"": 15, ""seed"": 1, ""sigma_end"": null, ""sigma_samples"": 12.0, ""sigma_seconds"": 48.0, ""sigma_start"": null, ""started_at"": ""2026-07-13T15:49:30.206651"", ""test_chips"": [""D20240719_E03_C44_F4500KHz_U_COV_SD""], ""val_chips_held_out"": [""D20240822_E02_C00_F4500KHz_U_1e9""], ""val_n_chips"": 1, ""wmse_base"": 0.1}",4.105720329284668,3.1069043670654315,-0.0266956329345686,0.0094386545597733,0.1045738421836114,-0.3,False
p1_fa_sigma12_wmse_seed2_sigma12_wmse0.1_hard_argmax,"{""batch_size"": 32, ""cache"": ""regress_all_filt_abcd_ntcRaw_madk1p5_spatA3"", ""curriculum_sigma"": false, ""device"": ""cuda"", ""dir"": ""p1_fa_sigma12_wmse/seed2_sigma12_wmse0.1"", ""epochs"": 40, ""experiment"": ""p1_fa_sigma12_wmse"", ""extraction_rule"": ""hard_argmax"", ""focal_gamma"": null, ""loss"": ""wmse"", ""lr"": 0.001, ""lr_gamma"": 0.75, ""lr_step"": 10, ""method"": ""F6 PDF regression (cnn1d backbone, soft Gaussian target)"", ""n_parameters"": 9025, ""n_samples"": 450, ""n_test"": 5014, ""n_train"": 17225, ""n_val"": 5678, ""samples_per_min"": 15, ""seed"": 2, ""sigma_end"": null, ""sigma_samples"": 12.0, ""sigma_seconds"": 48.0, ""sigma_start"": null, ""started_at"": ""2026-07-13T15:52:55.971129"", ""test_chips"": [""D20240719_E03_C44_F4500KHz_U_COV_SD""], ""val_chips_held_out"": [""D20240821_E01_C09_F4500KHz_U_1e6""], ""val_n_chips"": 1, ""wmse_base"": 0.1}",3.5534736633300783,2.2933850799560576,-0.8402149200439424,0.9366107068989618,0.1066636777143336,-1.0,True
p1_fa_sigma12_wmse_seed2_sigma12_wmse0.1_soft_argmax_top5,"{""batch_size"": 32, ""cache"": ""regress_all_filt_abcd_ntcRaw_madk1p5_spatA3"", ""curriculum_sigma"": false, ""device"": ""cuda"", ""dir"": ""p1_fa_sigma12_wmse/seed2_sigma12_wmse0.1"", ""epochs"": 40, ""experiment"": ""p1_fa_sigma12_wmse"", ""extraction_rule"": ""soft_argmax_top5"", ""focal_gamma"": null, ""loss"": ""wmse"", ""lr"": 0.001, ""lr_gamma"": 0.75, ""lr_step"": 10, ""method"": ""F6 PDF regression (cnn1d backbone, soft Gaussian target)"", ""n_parameters"": 9025, ""n_samples"": 450, ""n_test"": 5014, ""n_train"": 17225, ""n_val"": 5678, ""samples_per_min"": 15, ""seed"": 2, ""sigma_end"": null, ""sigma_samples"": 12.0, ""sigma_seconds"": 48.0, ""sigma_start"": null, ""started_at"": ""2026-07-13T15:52:55.971129"", ""test_chips"": [""D20240719_E03_C44_F4500KHz_U_COV_SD""], ""val_chips_held_out"": [""D20240821_E01_C09_F4500KHz_U_1e6""], ""val_n_chips"": 1, ""wmse_base"": 0.1}",3.532583999633789,2.3889813934326205,-0.7446186065673795,0.8777460167456819,0.1036780088093676,-0.8999999999999998,False
p1_fa_sigma12_wmse_seed2_sigma12_wmse0.1_expected_value,"{""batch_size"": 32, ""cache"": ""regress_all_filt_abcd_ntcRaw_madk1p5_spatA3"", ""curriculum_sigma"": false, ""device"": ""cuda"", ""dir"": ""p1_fa_sigma12_wmse/seed2_sigma12_wmse0.1"", ""epochs"": 40, ""experiment"": ""p1_fa_sigma12_wmse"", ""extraction_rule"": ""expected_value"", ""focal_gamma"": null, ""loss"": ""wmse"", ""lr"": 0.001, ""lr_gamma"": 0.75, ""lr_step"": 10, ""method"": ""F6 PDF regression (cnn1d backbone, soft Gaussian target)"", ""n_parameters"": 9025, ""n_samples"": 450, ""n_test"": 5014, ""n_train"": 17225, ""n_val"": 5678, ""samples_per_min"": 15, ""seed"": 2, ""sigma_end"": null, ""sigma_samples"": 12.0, ""sigma_seconds"": 48.0, ""sigma_start"": null, ""started_at"": ""2026-07-13T15:52:55.971129"", ""test_chips"": [""D20240719_E03_C44_F4500KHz_U_COV_SD""], ""val_chips_held_out"": [""D20240821_E01_C09_F4500KHz_U_1e6""], ""val_n_chips"": 1, ""wmse_base"": 0.1}",3.789571189880371,3.1646923576355004,0.0310923576355002,0.0230303977650668,0.0969310689467311,0.1999999999999999,False
p1_fa_sigma12_wmse_seed2_sigma12_wmse0.1_first_moment_thr0p5,"{""batch_size"": 32, ""cache"": ""regress_all_filt_abcd_ntcRaw_madk1p5_spatA3"", ""curriculum_sigma"": false, ""device"": ""cuda"", ""dir"": ""p1_fa_sigma12_wmse/seed2_sigma12_wmse0.1"", ""epochs"": 40, ""experiment"": ""p1_fa_sigma12_wmse"", ""extraction_rule"": ""first_moment_thr0p5"", ""focal_gamma"": null, ""loss"": ""wmse"", ""lr"": 0.001, ""lr_gamma"": 0.75, ""lr_step"": 10, ""method"": ""F6 PDF regression (cnn1d backbone, soft Gaussian target)"", ""n_parameters"": 9025, ""n_samples"": 450, ""n_test"": 5014, ""n_train"": 17225, ""n_val"": 5678, ""samples_per_min"": 15, ""seed"": 2, ""sigma_end"": null, ""sigma_samples"": 12.0, ""sigma_seconds"": 48.0, ""sigma_start"": null, ""started_at"": ""2026-07-13T15:52:55.971129"", ""test_chips"": [""D20240719_E03_C44_F4500KHz_U_COV_SD""], ""val_chips_held_out"": [""D20240821_E01_C09_F4500KHz_U_1e6""], ""val_n_chips"": 1, ""wmse_base"": 0.1}",3.659652900695801,3.054433396911622,-0.0791666030883773,0.0596002738921256,0.124792084495079,-0.3,False
p1_fa_sigma2_wmse_seed0_sigma2_wmse0.1_hard_argmax,"{""batch_size"": 32, ""cache"": ""regress_all_filt_abcd_ntcRaw_madk1p5_spatA3"", ""curriculum_sigma"": false, ""device"": ""cuda"", ""dir"": ""p1_fa_sigma2_wmse/seed0_sigma2_wmse0.1"", ""epochs"": 40, ""experiment"": ""p1_fa_sigma2_wmse"", ""extraction_rule"": ""hard_argmax"", ""focal_gamma"": null, ""loss"": ""wmse"", ""lr"": 0.001, ""lr_gamma"": 0.75, ""lr_step"": 10, ""method"": ""F6 PDF regression (cnn1d backbone, soft Gaussian target)"", ""n_parameters"": 9025, ""n_samples"": 450, ""n_test"": 5014, ""n_train"": 17225, ""n_val"": 5678, ""samples_per_min"": 15, ""seed"": 0, ""sigma_end"": null, ""sigma_samples"": 2.0, ""sigma_seconds"": 8.0, ""sigma_start"": null, ""started_at"": ""2026-07-13T15:14:29.755131"", ""test_chips"": [""D20240719_E03_C44_F4500KHz_U_COV_SD""], ""val_chips_held_out"": [""D20240821_E01_C09_F4500KHz_U_1e6""], ""val_n_chips"": 1, ""wmse_base"": 0.1}",3.658787155151367,2.8771751914978045,-0.2564248085021953,0.1446836928555254,0.1460217251048184,-0.3999999999999999,False
p1_fa_sigma2_wmse_seed0_sigma2_wmse0.1_soft_argmax_top5,"{""batch_size"": 32, ""cache"": ""regress_all_filt_abcd_ntcRaw_madk1p5_spatA3"", ""curriculum_sigma"": false, ""device"": ""cuda"", ""dir"": ""p1_fa_sigma2_wmse/seed0_sigma2_wmse0.1"", ""epochs"": 40, ""experiment"": ""p1_fa_sigma2_wmse"", ""extraction_rule"": ""soft_argmax_top5"", ""focal_gamma"": null, ""loss"": ""wmse"", ""lr"": 0.001, ""lr_gamma"": 0.75, ""lr_step"": 10, ""method"": ""F6 PDF regression (cnn1d backbone, soft Gaussian target)"", ""n_parameters"": 9025, ""n_samples"": 450, ""n_test"": 5014, ""n_train"": 17225, ""n_val"": 5678, ""samples_per_min"": 15, ""seed"": 0, ""sigma_end"": null, ""sigma_samples"": 2.0, ""sigma_seconds"": 8.0, ""sigma_start"": null, ""started_at"": ""2026-07-13T15:14:29.755131"", ""test_chips"": [""D20240719_E03_C44_F4500KHz_U_COV_SD""], ""val_chips_held_out"": [""D20240821_E01_C09_F4500KHz_U_1e6""], ""val_n_chips"": 1, ""wmse_base"": 0.1}",3.5802495956420897,2.85208592758179,-0.2815140724182107,0.1827741140632376,0.1367230487919594,-0.3999999999999999,False
p1_fa_sigma2_wmse_seed0_sigma2_wmse0.1_expected_value,"{""batch_size"": 32, ""cache"": ""regress_all_filt_abcd_ntcRaw_madk1p5_spatA3"", ""curriculum_sigma"": false, ""device"": ""cuda"", ""dir"": ""p1_fa_sigma2_wmse/seed0_sigma2_wmse0.1"", ""epochs"": 40, ""experiment"": ""p1_fa_sigma2_wmse"", ""extraction_rule"": ""expected_value"", ""focal_gamma"": null, ""loss"": ""wmse"", ""lr"": 0.001, ""lr_gamma"": 0.75, ""lr_step"": 10, ""method"": ""F6 PDF regression (cnn1d backbone, soft Gaussian target)"", ""n_parameters"": 9025, ""n_samples"": 450, ""n_test"": 5014, ""n_train"": 17225, ""n_val"": 5678, ""samples_per_min"": 15, ""seed"": 0, ""sigma_end"": null, ""sigma_samples"": 2.0, ""sigma_seconds"": 8.0, ""sigma_start"": null, ""started_at"": ""2026-07-13T15:14:29.755131"", ""test_chips"": [""D20240719_E03_C44_F4500KHz_U_COV_SD""], ""val_chips_held_out"": [""D20240821_E01_C09_F4500KHz_U_1e6""], ""val_n_chips"": 1, ""wmse_base"": 0.1}",3.498513412475586,2.89007888183594,-0.2435211181640597,0.4213549289010994,0.1406916093518586,-0.6,False
p1_fa_sigma2_wmse_seed0_sigma2_wmse0.1_first_moment_thr0p5,"{""batch_size"": 32, ""cache"": ""regress_all_filt_abcd_ntcRaw_madk1p5_spatA3"", ""curriculum_sigma"": false, ""device"": ""cuda"", ""dir"": ""p1_fa_sigma2_wmse/seed0_sigma2_wmse0.1"", ""epochs"": 40, ""experiment"": ""p1_fa_sigma2_wmse"", ""extraction_rule"": ""first_moment_thr0p5"", ""focal_gamma"": null, ""loss"": ""wmse"", ""lr"": 0.001, ""lr_gamma"": 0.75, ""lr_step"": 10, ""method"": ""F6 PDF regression (cnn1d backbone, soft Gaussian target)"", ""n_parameters"": 9025, ""n_samples"": 450, ""n_test"": 5014, ""n_train"": 17225, ""n_val"": 5678, ""samples_per_min"": 15, ""seed"": 0, ""sigma_end"": null, ""sigma_samples"": 2.0, ""sigma_seconds"": 8.0, ""sigma_start"": null, ""started_at"": ""2026-07-13T15:14:29.755131"", ""test_chips"": [""D20240719_E03_C44_F4500KHz_U_COV_SD""], ""val_chips_held_out"": [""D20240821_E01_C09_F4500KHz_U_1e6""], ""val_n_chips"": 1, ""wmse_base"": 0.1}",3.50164737701416,2.924834588623049,-0.2087654113769509,0.2701512496989173,0.1434509909185853,-0.6,False
p1_fa_sigma2_wmse_seed1_sigma2_wmse0.1_hard_argmax,"{""batch_size"": 32, ""cache"": ""regress_all_filt_abcd_ntcRaw_madk1p5_spatA3"", ""curriculum_sigma"": false, ""device"": ""cuda"", ""dir"": ""p1_fa_sigma2_wmse/seed1_sigma2_wmse0.1"", ""epochs"": 40, ""experiment"": ""p1_fa_sigma2_wmse"", ""extraction_rule"": ""hard_argmax"", ""focal_gamma"": null, ""loss"": ""wmse"", ""lr"": 0.001, ""lr_gamma"": 0.75, ""lr_step"": 10, ""method"": ""F6 PDF regression (cnn1d backbone, soft Gaussian target)"", ""n_parameters"": 9025, ""n_samples"": 450, ""n_test"": 5014, ""n_train"": 15912, ""n_val"": 6991, ""samples_per_min"": 15, ""seed"": 1, ""sigma_end"": null, ""sigma_samples"": 2.0, ""sigma_seconds"": 8.0, ""sigma_start"": null, ""started_at"": ""2026-07-13T15:18:26.344425"", ""test_chips"": [""D20240719_E03_C44_F4500KHz_U_COV_SD""], ""val_chips_held_out"": [""D20240822_E02_C00_F4500KHz_U_1e9""], ""val_n_chips"": 1, ""wmse_base"": 0.1}",3.206342315673828,2.4992020164489768,-0.6343979835510233,0.976329075350628,0.1592897414911394,-1.0,True
p1_fa_sigma2_wmse_seed1_sigma2_wmse0.1_soft_argmax_top5,"{""batch_size"": 32, ""cache"": ""regress_all_filt_abcd_ntcRaw_madk1p5_spatA3"", ""curriculum_sigma"": false, ""device"": ""cuda"", ""dir"": ""p1_fa_sigma2_wmse/seed1_sigma2_wmse0.1"", ""epochs"": 40, ""experiment"": ""p1_fa_sigma2_wmse"", ""extraction_rule"": ""soft_argmax_top5"", ""focal_gamma"": null, ""loss"": ""wmse"", ""lr"": 0.001, ""lr_gamma"": 0.75, ""lr_step"": 10, ""method"": ""F6 PDF regression (cnn1d backbone, soft Gaussian target)"", ""n_parameters"": 9025, ""n_samples"": 450, ""n_test"": 5014, ""n_train"": 15912, ""n_val"": 6991, ""samples_per_min"": 15, ""seed"": 1, ""sigma_end"": null, ""sigma_samples"": 2.0, ""sigma_seconds"": 8.0, ""sigma_start"": null, ""started_at"": ""2026-07-13T15:18:26.344425"", ""test_chips"": [""D20240719_E03_C44_F4500KHz_U_COV_SD""], ""val_chips_held_out"": [""D20240822_E02_C00_F4500KHz_U_1e9""], ""val_n_chips"": 1, ""wmse_base"": 0.1}",3.2361949920654296,2.512754682159426,-0.6208453178405741,0.9914605606887078,0.1358235212328931,-1.0,True
p1_fa_sigma2_wmse_seed1_sigma2_wmse0.1_expected_value,"{""batch_size"": 32, ""cache"": ""regress_all_filt_abcd_ntcRaw_madk1p5_spatA3"", ""curriculum_sigma"": false, ""device"": ""cuda"", ""dir"": ""p1_fa_sigma2_wmse/seed1_sigma2_wmse0.1"", ""epochs"": 40, ""experiment"": ""p1_fa_sigma2_wmse"", ""extraction_rule"": ""expected_value"", ""focal_gamma"": null, ""loss"": ""wmse"", ""lr"": 0.001, ""lr_gamma"": 0.75, ""lr_step"": 10, ""method"": ""F6 PDF regression (cnn1d backbone, soft Gaussian target)"", ""n_parameters"": 9025, ""n_samples"": 450, ""n_test"": 5014, ""n_train"": 15912, ""n_val"": 6991, ""samples_per_min"": 15, ""seed"": 1, ""sigma_end"": null, ""sigma_samples"": 2.0, ""sigma_seconds"": 8.0, ""sigma_start"": null, ""started_at"": ""2026-07-13T15:18:26.344425"", ""test_chips"": [""D20240719_E03_C44_F4500KHz_U_COV_SD""], ""val_chips_held_out"": [""D20240822_E02_C00_F4500KHz_U_1e9""], ""val_n_chips"": 1, ""wmse_base"": 0.1}",4.271590042114258,3.1940431152343773,0.0604431152343775,0.0531580913370359,0.0976265159187731,0.0999999999999999,False
p1_fa_sigma2_wmse_seed1_sigma2_wmse0.1_first_moment_thr0p5,"{""batch_size"": 32, ""cache"": ""regress_all_filt_abcd_ntcRaw_madk1p5_spatA3"", ""curriculum_sigma"": false, ""device"": ""cuda"", ""dir"": ""p1_fa_sigma2_wmse/seed1_sigma2_wmse0.1"", ""epochs"": 40, ""experiment"": ""p1_fa_sigma2_wmse"", ""extraction_rule"": ""first_moment_thr0p5"", ""focal_gamma"": null, ""loss"": ""wmse"", ""lr"": 0.001, ""lr_gamma"": 0.75, ""lr_step"": 10, ""method"": ""F6 PDF regression (cnn1d backbone, soft Gaussian target)"", ""n_parameters"": 9025, ""n_samples"": 450, ""n_test"": 5014, ""n_train"": 15912, ""n_val"": 6991, ""samples_per_min"": 15, ""seed"": 1, ""sigma_end"": null, ""sigma_samples"": 2.0, ""sigma_seconds"": 8.0, ""sigma_start"": null, ""started_at"": ""2026-07-13T15:18:26.344425"", ""test_chips"": [""D20240719_E03_C44_F4500KHz_U_COV_SD""], ""val_chips_held_out"": [""D20240822_E02_C00_F4500KHz_U_1e9""], ""val_n_chips"": 1, ""wmse_base"": 0.1}",4.156845474243164,3.1094821487426767,-0.0241178512573232,0.0073560949914871,0.1108695748881001,-0.3,False
p1_fa_sigma2_wmse_seed2_sigma2_wmse0.1_hard_argmax,"{""batch_size"": 32, ""cache"": ""regress_all_filt_abcd_ntcRaw_madk1p5_spatA3"", ""curriculum_sigma"": false, ""device"": ""cuda"", ""dir"": ""p1_fa_sigma2_wmse/seed2_sigma2_wmse0.1"", ""epochs"": 40, ""experiment"": ""p1_fa_sigma2_wmse"", ""extraction_rule"": ""hard_argmax"", ""focal_gamma"": null, ""loss"": ""wmse"", ""lr"": 0.001, ""lr_gamma"": 0.75, ""lr_step"": 10, ""method"": ""F6 PDF regression (cnn1d backbone, soft Gaussian target)"", ""n_parameters"": 9025, ""n_samples"": 450, ""n_test"": 5014, ""n_train"": 17225, ""n_val"": 5678, ""samples_per_min"": 15, ""seed"": 2, ""sigma_end"": null, ""sigma_samples"": 2.0, ""sigma_seconds"": 8.0, ""sigma_start"": null, ""started_at"": ""2026-07-13T15:24:12.648100"", ""test_chips"": [""D20240719_E03_C44_F4500KHz_U_COV_SD""], ""val_chips_held_out"": [""D20240821_E01_C09_F4500KHz_U_1e6""], ""val_n_chips"": 1, ""wmse_base"": 0.1}",3.8043336868286137,2.912845948791506,-0.2207540512084936,0.142216785982274,0.1566192108727966,-0.3,False
p1_fa_sigma2_wmse_seed2_sigma2_wmse0.1_soft_argmax_top5,"{""batch_size"": 32, ""cache"": ""regress_all_filt_abcd_ntcRaw_madk1p5_spatA3"", ""curriculum_sigma"": false, ""device"": ""cuda"", ""dir"": ""p1_fa_sigma2_wmse/seed2_sigma2_wmse0.1"", ""epochs"": 40, ""experiment"": ""p1_fa_sigma2_wmse"", ""extraction_rule"": ""soft_argmax_top5"", ""focal_gamma"": null, ""loss"": ""wmse"", ""lr"": 0.001, ""lr_gamma"": 0.75, ""lr_step"": 10, ""method"": ""F6 PDF regression (cnn1d backbone, soft Gaussian target)"", ""n_parameters"": 9025, ""n_samples"": 450, ""n_test"": 5014, ""n_train"": 17225, ""n_val"": 5678, ""samples_per_min"": 15, ""seed"": 2, ""sigma_end"": null, ""sigma_samples"": 2.0, ""sigma_seconds"": 8.0, ""sigma_start"": null, ""started_at"": ""2026-07-13T15:24:12.648100"", ""test_chips"": [""D20240719_E03_C44_F4500KHz_U_COV_SD""], ""val_chips_held_out"": [""D20240821_E01_C09_F4500KHz_U_1e6""], ""val_n_chips"": 1, ""wmse_base"": 0.1}",3.590300178527832,2.7842360054016133,-0.3493639945983865,0.3744056996129434,0.1385139905568421,-0.7,False
p1_fa_sigma2_wmse_seed2_sigma2_wmse0.1_expected_value,"{""batch_size"": 32, ""cache"": ""regress_all_filt_abcd_ntcRaw_madk1p5_spatA3"", ""curriculum_sigma"": false, ""device"": ""cuda"", ""dir"": ""p1_fa_sigma2_wmse/seed2_sigma2_wmse0.1"", ""epochs"": 40, ""experiment"": ""p1_fa_sigma2_wmse"", ""extraction_rule"": ""expected_value"", ""focal_gamma"": null, ""loss"": ""wmse"", ""lr"": 0.001, ""lr_gamma"": 0.75, ""lr_step"": 10, ""method"": ""F6 PDF regression (cnn1d backbone, soft Gaussian target)"", ""n_parameters"": 9025, ""n_samples"": 450, ""n_test"": 5014, ""n_train"": 17225, ""n_val"": 5678, ""samples_per_min"": 15, ""seed"": 2, ""sigma_end"": null, ""sigma_samples"": 2.0, ""sigma_seconds"": 8.0, ""sigma_start"": null, ""started_at"": ""2026-07-13T15:24:12.648100"", ""test_chips"": [""D20240719_E03_C44_F4500KHz_U_COV_SD""], ""val_chips_held_out"": [""D20240821_E01_C09_F4500KHz_U_1e6""], ""val_n_chips"": 1, ""wmse_base"": 0.1}",3.5350435256958006,2.870869592285158,-0.2627304077148417,0.4575353482405427,0.1396540697366277,-0.6,False
p1_fa_sigma2_wmse_seed2_sigma2_wmse0.1_first_moment_thr0p5,"{""batch_size"": 32, ""cache"": ""regress_all_filt_abcd_ntcRaw_madk1p5_spatA3"", ""curriculum_sigma"": false, ""device"": ""cuda"", ""dir"": ""p1_fa_sigma2_wmse/seed2_sigma2_wmse0.1"", ""epochs"": 40, ""experiment"": ""p1_fa_sigma2_wmse"", ""extraction_rule"": ""first_moment_thr0p5"", ""focal_gamma"": null, ""loss"": ""wmse"", ""lr"": 0.001, ""lr_gamma"": 0.75, ""lr_step"": 10, ""method"": ""F6 PDF regression (cnn1d backbone, soft Gaussian target)"", ""n_parameters"": 9025, ""n_samples"": 450, ""n_test"": 5014, ""n_train"": 17225, ""n_val"": 5678, ""samples_per_min"": 15, ""seed"": 2, ""sigma_end"": null, ""sigma_samples"": 2.0, ""sigma_seconds"": 8.0, ""sigma_start"": null, ""started_at"": ""2026-07-13T15:24:12.648100"", ""test_chips"": [""D20240719_E03_C44_F4500KHz_U_COV_SD""], ""val_chips_held_out"": [""D20240821_E01_C09_F4500KHz_U_1e6""], ""val_n_chips"": 1, ""wmse_base"": 0.1}",3.554111289978027,2.9443346534729025,-0.1892653465270974,0.2047030729618164,0.1463975231851672,-0.3,False
p1_fa_sigma3_wmse_seed0_sigma3_wmse0.1_hard_argmax,"{""batch_size"": 32, ""cache"": ""regress_all_filt_abcd_ntcRaw_madk1p5_spatA3"", ""curriculum_sigma"": false, ""device"": ""cuda"", ""dir"": ""p1_fa_sigma3_wmse/seed0_sigma3_wmse0.1"", ""epochs"": 40, ""experiment"": ""p1_fa_sigma3_wmse"", ""extraction_rule"": ""hard_argmax"", ""focal_gamma"": null, ""loss"": ""wmse"", ""lr"": 0.001, ""lr_gamma"": 0.75, ""lr_step"": 10, ""method"": ""F6 PDF regression (cnn1d backbone, soft Gaussian target)"", ""n_parameters"": 9025, ""n_samples"": 450, ""n_test"": 5014, ""n_train"": 17225, ""n_val"": 5678, ""samples_per_min"": 15, ""seed"": 0, ""sigma_end"": null, ""sigma_samples"": 3.0, ""sigma_seconds"": 12.0, ""sigma_start"": null, ""started_at"": ""2026-07-13T15:29:23.875878"", ""test_chips"": [""D20240719_E03_C44_F4500KHz_U_COV_SD""], ""val_chips_held_out"": [""D20240821_E01_C09_F4500KHz_U_1e6""], ""val_n_chips"": 1, ""wmse_base"": 0.1}",3.424710273742676,2.3042453323364285,-0.8293546676635712,0.9369898301638134,0.1270800814623223,-0.8999999999999998,False
p1_fa_sigma3_wmse_seed0_sigma3_wmse0.1_soft_argmax_top5,"{""batch_size"": 32, ""cache"": ""regress_all_filt_abcd_ntcRaw_madk1p5_spatA3"", ""curriculum_sigma"": false, ""device"": ""cuda"", ""dir"": ""p1_fa_sigma3_wmse/seed0_sigma3_wmse0.1"", ""epochs"": 40, ""experiment"": ""p1_fa_sigma3_wmse"", ""extraction_rule"": ""soft_argmax_top5"", ""focal_gamma"": null, ""loss"": ""wmse"", ""lr"": 0.001, ""lr_gamma"": 0.75, ""lr_step"": 10, ""method"": ""F6 PDF regression (cnn1d backbone, soft Gaussian target)"", ""n_parameters"": 9025, ""n_samples"": 450, ""n_test"": 5014, ""n_train"": 17225, ""n_val"": 5678, ""samples_per_min"": 15, ""seed"": 0, ""sigma_end"": null, ""sigma_samples"": 3.0, ""sigma_seconds"": 12.0, ""sigma_start"": null, ""started_at"": ""2026-07-13T15:29:23.875878"", ""test_chips"": [""D20240719_E03_C44_F4500KHz_U_COV_SD""], ""val_chips_held_out"": [""D20240821_E01_C09_F4500KHz_U_1e6""], ""val_n_chips"": 1, ""wmse_base"": 0.1}",3.3663639068603515,2.388033631896975,-0.745566368103025,0.9112045805652528,0.1187868818226615,-0.8999999999999998,False
p1_fa_sigma3_wmse_seed0_sigma3_wmse0.1_expected_value,"{""batch_size"": 32, ""cache"": ""regress_all_filt_abcd_ntcRaw_madk1p5_spatA3"", ""curriculum_sigma"": false, ""device"": ""cuda"", ""dir"": ""p1_fa_sigma3_wmse/seed0_sigma3_wmse0.1"", ""epochs"": 40, ""experiment"": ""p1_fa_sigma3_wmse"", ""extraction_rule"": ""expected_value"", ""focal_gamma"": null, ""loss"": ""wmse"", ""lr"": 0.001, ""lr_gamma"": 0.75, ""lr_step"": 10, ""method"": ""F6 PDF regression (cnn1d backbone, soft Gaussian target)"", ""n_parameters"": 9025, ""n_samples"": 450, ""n_test"": 5014, ""n_train"": 17225, ""n_val"": 5678, ""samples_per_min"": 15, ""seed"": 0, ""sigma_end"": null, ""sigma_samples"": 3.0, ""sigma_seconds"": 12.0, ""sigma_start"": null, ""started_at"": ""2026-07-13T15:29:23.875878"", ""test_chips"": [""D20240719_E03_C44_F4500KHz_U_COV_SD""], ""val_chips_held_out"": [""D20240821_E01_C09_F4500KHz_U_1e6""], ""val_n_chips"": 1, ""wmse_base"": 0.1}",3.547189712524414,2.893553784942629,-0.2400462150573711,0.4072581558992342,0.1373113824199107,-0.6,False
p1_fa_sigma3_wmse_seed0_sigma3_wmse0.1_first_moment_thr0p5,"{""batch_size"": 32, ""cache"": ""regress_all_filt_abcd_ntcRaw_madk1p5_spatA3"", ""curriculum_sigma"": false, ""device"": ""cuda"", ""dir"": ""p1_fa_sigma3_wmse/seed0_sigma3_wmse0.1"", ""epochs"": 40, ""experiment"": ""p1_fa_sigma3_wmse"", ""extraction_rule"": ""first_moment_thr0p5"", ""focal_gamma"": null, ""loss"": ""wmse"", ""lr"": 0.001, ""lr_gamma"": 0.75, ""lr_step"": 10, ""method"": ""F6 PDF regression (cnn1d backbone, soft Gaussian target)"", ""n_parameters"": 9025, ""n_samples"": 450, ""n_test"": 5014, ""n_train"": 17225, ""n_val"": 5678, ""samples_per_min"": 15, ""seed"": 0, ""sigma_end"": null, ""sigma_samples"": 3.0, ""sigma_seconds"": 12.0, ""sigma_start"": null, ""started_at"": ""2026-07-13T15:29:23.875878"", ""test_chips"": [""D20240719_E03_C44_F4500KHz_U_COV_SD""], ""val_chips_held_out"": [""D20240821_E01_C09_F4500KHz_U_1e6""], ""val_n_chips"": 1, ""wmse_base"": 0.1}",3.62783260345459,3.020228150939943,-0.1133718490600566,0.0823775792345034,0.1499004297848212,-0.3,False
p1_fa_sigma3_wmse_seed1_sigma3_wmse0.1_hard_argmax,"{""batch_size"": 32, ""cache"": ""regress_all_filt_abcd_ntcRaw_madk1p5_spatA3"", ""curriculum_sigma"": false, ""device"": ""cuda"", ""dir"": ""p1_fa_sigma3_wmse/seed1_sigma3_wmse0.1"", ""epochs"": 40, ""experiment"": ""p1_fa_sigma3_wmse"", ""extraction_rule"": ""hard_argmax"", ""focal_gamma"": null, ""loss"": ""wmse"", ""lr"": 0.001, ""lr_gamma"": 0.75, ""lr_step"": 10, ""method"": ""F6 PDF regression (cnn1d backbone, soft Gaussian target)"", ""n_parameters"": 9025, ""n_samples"": 450, ""n_test"": 5014, ""n_train"": 15912, ""n_val"": 6991, ""samples_per_min"": 15, ""seed"": 1, ""sigma_end"": null, ""sigma_samples"": 3.0, ""sigma_seconds"": 12.0, ""sigma_start"": null, ""started_at"": ""2026-07-13T15:35:17.352332"", ""test_chips"": [""D20240719_E03_C44_F4500KHz_U_COV_SD""], ""val_chips_held_out"": [""D20240822_E02_C00_F4500KHz_U_1e9""], ""val_n_chips"": 1, ""wmse_base"": 0.1}",7.217312622070312,1.8545516525268604,-1.2790483474731396,0.5935415062631451,0.3179579173629392,-0.7999999999999999,False
p1_fa_sigma3_wmse_seed1_sigma3_wmse0.1_soft_argmax_top5,"{""batch_size"": 32, ""cache"": ""regress_all_filt_abcd_ntcRaw_madk1p5_spatA3"", ""curriculum_sigma"": false, ""device"": ""cuda"", ""dir"": ""p1_fa_sigma3_wmse/seed1_sigma3_wmse0.1"", ""epochs"": 40, ""experiment"": ""p1_fa_sigma3_wmse"", ""extraction_rule"": ""soft_argmax_top5"", ""focal_gamma"": null, ""loss"": ""wmse"", ""lr"": 0.001, ""lr_gamma"": 0.75, ""lr_step"": 10, ""method"": ""F6 PDF regression (cnn1d backbone, soft Gaussian target)"", ""n_parameters"": 9025, ""n_samples"": 450, ""n_test"": 5014, ""n_train"": 15912, ""n_val"": 6991, ""samples_per_min"": 15, ""seed"": 1, ""sigma_end"": null, ""sigma_samples"": 3.0, ""sigma_seconds"": 12.0, ""sigma_start"": null, ""started_at"": ""2026-07-13T15:35:17.352332"", ""test_chips"": [""D20240719_E03_C44_F4500KHz_U_COV_SD""], ""val_chips_held_out"": [""D20240822_E02_C00_F4500KHz_U_1e9""], ""val_n_chips"": 1, ""wmse_base"": 0.1}",4.195194053649902,2.3484035049438505,-0.7851964950561496,0.8920674045908537,0.1824081779102522,-1.0,True
p1_fa_sigma3_wmse_seed1_sigma3_wmse0.1_expected_value,"{""batch_size"": 32, ""cache"": ""regress_all_filt_abcd_ntcRaw_madk1p5_spatA3"", ""curriculum_sigma"": false, ""device"": ""cuda"", ""dir"": ""p1_fa_sigma3_wmse/seed1_sigma3_wmse0.1"", ""epochs"": 40, ""experiment"": ""p1_fa_sigma3_wmse"", ""extraction_rule"": ""expected_value"", ""focal_gamma"": null, ""loss"": ""wmse"", ""lr"": 0.001, ""lr_gamma"": 0.75, ""lr_step"": 10, ""method"": ""F6 PDF regression (cnn1d backbone, soft Gaussian target)"", ""n_parameters"": 9025, ""n_samples"": 450, ""n_test"": 5014, ""n_train"": 15912, ""n_val"": 6991, ""samples_per_min"": 15, ""seed"": 1, ""sigma_end"": null, ""sigma_samples"": 3.0, ""sigma_seconds"": 12.0, ""sigma_start"": null, ""started_at"": ""2026-07-13T15:35:17.352332"", ""test_chips"": [""D20240719_E03_C44_F4500KHz_U_COV_SD""], ""val_chips_held_out"": [""D20240822_E02_C00_F4500KHz_U_1e9""], ""val_n_chips"": 1, ""wmse_base"": 0.1}",5.190817642211914,3.4207231079101588,0.2871231079101586,0.4681926459755871,0.1101678111423767,0.6,False
p1_fa_sigma3_wmse_seed1_sigma3_wmse0.1_first_moment_thr0p5,"{""batch_size"": 32, ""cache"": ""regress_all_filt_abcd_ntcRaw_madk1p5_spatA3"", ""curriculum_sigma"": false, ""device"": ""cuda"", ""dir"": ""p1_fa_sigma3_wmse/seed1_sigma3_wmse0.1"", ""epochs"": 40, ""experiment"": ""p1_fa_sigma3_wmse"", ""extraction_rule"": ""first_moment_thr0p5"", ""focal_gamma"": null, ""loss"": ""wmse"", ""lr"": 0.001, ""lr_gamma"": 0.75, ""lr_step"": 10, ""method"": ""F6 PDF regression (cnn1d backbone, soft Gaussian target)"", ""n_parameters"": 9025, ""n_samples"": 450, ""n_test"": 5014, ""n_train"": 15912, ""n_val"": 6991, ""samples_per_min"": 15, ""seed"": 1, ""sigma_end"": null, ""sigma_samples"": 3.0, ""sigma_seconds"": 12.0, ""sigma_start"": null, ""started_at"": ""2026-07-13T15:35:17.352332"", ""test_chips"": [""D20240719_E03_C44_F4500KHz_U_COV_SD""], ""val_chips_held_out"": [""D20240822_E02_C00_F4500KHz_U_1e9""], ""val_n_chips"": 1, ""wmse_base"": 0.1}",4.733636474609375,3.330458596801759,0.196858596801759,0.3382132754661537,0.1236467248546782,0.6,False
p1_fa_sigma3_wmse_seed2_sigma3_wmse0.1_hard_argmax,"{""batch_size"": 32, ""cache"": ""regress_all_filt_abcd_ntcRaw_madk1p5_spatA3"", ""curriculum_sigma"": false, ""device"": ""cuda"", ""dir"": ""p1_fa_sigma3_wmse/seed2_sigma3_wmse0.1"", ""epochs"": 40, ""experiment"": ""p1_fa_sigma3_wmse"", ""extraction_rule"": ""hard_argmax"", ""focal_gamma"": null, ""loss"": ""wmse"", ""lr"": 0.001, ""lr_gamma"": 0.75, ""lr_step"": 10, ""method"": ""F6 PDF regression (cnn1d backbone, soft Gaussian target)"", ""n_parameters"": 9025, ""n_samples"": 450, ""n_test"": 5014, ""n_train"": 17225, ""n_val"": 5678, ""samples_per_min"": 15, ""seed"": 2, ""sigma_end"": null, ""sigma_samples"": 3.0, ""sigma_seconds"": 12.0, ""sigma_start"": null, ""started_at"": ""2026-07-13T15:41:52.789209"", ""test_chips"": [""D20240719_E03_C44_F4500KHz_U_COV_SD""], ""val_chips_held_out"": [""D20240821_E01_C09_F4500KHz_U_1e6""], ""val_n_chips"": 1, ""wmse_base"": 0.1}",3.4875654220581054,2.6178726707458524,-0.5157273292541475,0.7875829704488468,0.1465918108907674,-0.7,False
p1_fa_sigma3_wmse_seed2_sigma3_wmse0.1_soft_argmax_top5,"{""batch_size"": 32, ""cache"": ""regress_all_filt_abcd_ntcRaw_madk1p5_spatA3"", ""curriculum_sigma"": false, ""device"": ""cuda"", ""dir"": ""p1_fa_sigma3_wmse/seed2_sigma3_wmse0.1"", ""epochs"": 40, ""experiment"": ""p1_fa_sigma3_wmse"", ""extraction_rule"": ""soft_argmax_top5"", ""focal_gamma"": null, ""loss"": ""wmse"", ""lr"": 0.001, ""lr_gamma"": 0.75, ""lr_step"": 10, ""method"": ""F6 PDF regression (cnn1d backbone, soft Gaussian target)"", ""n_parameters"": 9025, ""n_samples"": 450, ""n_test"": 5014, ""n_train"": 17225, ""n_val"": 5678, ""samples_per_min"": 15, ""seed"": 2, ""sigma_end"": null, ""sigma_samples"": 3.0, ""sigma_seconds"": 12.0, ""sigma_start"": null, ""started_at"": ""2026-07-13T15:41:52.789209"", ""test_chips"": [""D20240719_E03_C44_F4500KHz_U_COV_SD""], ""val_chips_held_out"": [""D20240821_E01_C09_F4500KHz_U_1e6""], ""val_n_chips"": 1, ""wmse_base"": 0.1}",3.5287635803222654,2.6897852455139195,-0.4438147544860805,0.6691132614641355,0.1325561032983553,-0.6,False
p1_fa_sigma3_wmse_seed2_sigma3_wmse0.1_expected_value,"{""batch_size"": 32, ""cache"": ""regress_all_filt_abcd_ntcRaw_madk1p5_spatA3"", ""curriculum_sigma"": false, ""device"": ""cuda"", ""dir"": ""p1_fa_sigma3_wmse/seed2_sigma3_wmse0.1"", ""epochs"": 40, ""experiment"": ""p1_fa_sigma3_wmse"", ""extraction_rule"": ""expected_value"", ""focal_gamma"": null, ""loss"": ""wmse"", ""lr"": 0.001, ""lr_gamma"": 0.75, ""lr_step"": 10, ""method"": ""F6 PDF regression (cnn1d backbone, soft Gaussian target)"", ""n_parameters"": 9025, ""n_samples"": 450, ""n_test"": 5014, ""n_train"": 17225, ""n_val"": 5678, ""samples_per_min"": 15, ""seed"": 2, ""sigma_end"": null, ""sigma_samples"": 3.0, ""sigma_seconds"": 12.0, ""sigma_start"": null, ""started_at"": ""2026-07-13T15:41:52.789209"", ""test_chips"": [""D20240719_E03_C44_F4500KHz_U_COV_SD""], ""val_chips_held_out"": [""D20240821_E01_C09_F4500KHz_U_1e6""], ""val_n_chips"": 1, ""wmse_base"": 0.1}",3.8205209732055665,3.1769835029602067,0.0433835029602068,0.0376868756818987,0.113295986181172,0.1999999999999999,False
p1_fa_sigma3_wmse_seed2_sigma3_wmse0.1_first_moment_thr0p5,"{""batch_size"": 32, ""cache"": ""regress_all_filt_abcd_ntcRaw_madk1p5_spatA3"", ""curriculum_sigma"": false, ""device"": ""cuda"", ""dir"": ""p1_fa_sigma3_wmse/seed2_sigma3_wmse0.1"", ""epochs"": 40, ""experiment"": ""p1_fa_sigma3_wmse"", ""extraction_rule"": ""first_moment_thr0p5"", ""focal_gamma"": null, ""loss"": ""wmse"", ""lr"": 0.001, ""lr_gamma"": 0.75, ""lr_step"": 10, ""method"": ""F6 PDF regression (cnn1d backbone, soft Gaussian target)"", ""n_parameters"": 9025, ""n_samples"": 450, ""n_test"": 5014, ""n_train"": 17225, ""n_val"": 5678, ""samples_per_min"": 15, ""seed"": 2, ""sigma_end"": null, ""sigma_samples"": 3.0, ""sigma_seconds"": 12.0, ""sigma_start"": null, ""started_at"": ""2026-07-13T15:41:52.789209"", ""test_chips"": [""D20240719_E03_C44_F4500KHz_U_COV_SD""], ""val_chips_held_out"": [""D20240821_E01_C09_F4500KHz_U_1e6""], ""val_n_chips"": 1, ""wmse_base"": 0.1}",3.6932395935058593,3.0904797111511253,-0.0431202888488748,0.0142200451936814,0.1389985341029763,0.0999999999999999,False
p1_fa_sigma5_wmse_seed0_sigma5_wmse0.1_hard_argmax,"{""batch_size"": 32, ""cache"": ""regress_all_filt_abcd_ntcRaw_madk1p5_spatA3"", ""curriculum_sigma"": false, ""device"": ""cuda"", ""dir"": ""p1_fa_sigma5_wmse/seed0_sigma5_wmse0.1"", ""epochs"": 40, ""experiment"": ""p1_fa_sigma5_wmse"", ""extraction_rule"": ""hard_argmax"", ""focal_gamma"": null, ""loss"": ""wmse"", ""lr"": 0.001, ""lr_gamma"": 0.75, ""lr_step"": 10, ""method"": ""F6 PDF regression (cnn1d backbone, soft Gaussian target)"", ""n_parameters"": 9025, ""n_samples"": 450, ""n_test"": 5014, ""n_train"": 17225, ""n_val"": 5678, ""samples_per_min"": 15, ""seed"": 0, ""sigma_end"": null, ""sigma_samples"": 5.0, ""sigma_seconds"": 20.0, ""sigma_start"": null, ""started_at"": ""2026-07-13T15:41:52.788597"", ""test_chips"": [""D20240719_E03_C44_F4500KHz_U_COV_SD""], ""val_chips_held_out"": [""D20240821_E01_C09_F4500KHz_U_1e6""], ""val_n_chips"": 1, ""wmse_base"": 0.1}",3.7198938369750976,2.1622594390869176,-0.9713405609130824,0.9721000276803948,0.1130439695402224,-1.0,True
p1_fa_sigma5_wmse_seed0_sigma5_wmse0.1_soft_argmax_top5,"{""batch_size"": 32, ""cache"": ""regress_all_filt_abcd_ntcRaw_madk1p5_spatA3"", ""curriculum_sigma"": false, ""device"": ""cuda"", ""dir"": ""p1_fa_sigma5_wmse/seed0_sigma5_wmse0.1"", ""epochs"": 40, ""experiment"": ""p1_fa_sigma5_wmse"", ""extraction_rule"": ""soft_argmax_top5"", ""focal_gamma"": null, ""loss"": ""wmse"", ""lr"": 0.001, ""lr_gamma"": 0.75, ""lr_step"": 10, ""method"": ""F6 PDF regression (cnn1d backbone, soft Gaussian target)"", ""n_parameters"": 9025, ""n_samples"": 450, ""n_test"": 5014, ""n_train"": 17225, ""n_val"": 5678, ""samples_per_min"": 15, ""seed"": 0, ""sigma_end"": null, ""sigma_samples"": 5.0, ""sigma_seconds"": 20.0, ""sigma_start"": null, ""started_at"": ""2026-07-13T15:41:52.788597"", ""test_chips"": [""D20240719_E03_C44_F4500KHz_U_COV_SD""], ""val_chips_held_out"": [""D20240821_E01_C09_F4500KHz_U_1e6""], ""val_n_chips"": 1, ""wmse_base"": 0.1}",3.5144676208496093,2.189746812438968,-0.943853187561032,0.9603464611923516,0.1051317207182494,-1.0,True
p1_fa_sigma5_wmse_seed0_sigma5_wmse0.1_expected_value,"{""batch_size"": 32, ""cache"": ""regress_all_filt_abcd_ntcRaw_madk1p5_spatA3"", ""curriculum_sigma"": false, ""device"": ""cuda"", ""dir"": ""p1_fa_sigma5_wmse/seed0_sigma5_wmse0.1"", ""epochs"": 40, ""experiment"": ""p1_fa_sigma5_wmse"", ""extraction_rule"": ""expected_value"", ""focal_gamma"": null, ""loss"": ""wmse"", ""lr"": 0.001, ""lr_gamma"": 0.75, ""lr_step"": 10, ""method"": ""F6 PDF regression (cnn1d backbone, soft Gaussian target)"", ""n_parameters"": 9025, ""n_samples"": 450, ""n_test"": 5014, ""n_train"": 17225, ""n_val"": 5678, ""samples_per_min"": 15, ""seed"": 0, ""sigma_end"": null, ""sigma_samples"": 5.0, ""sigma_seconds"": 20.0, ""sigma_start"": null, ""started_at"": ""2026-07-13T15:41:52.788597"", ""test_chips"": [""D20240719_E03_C44_F4500KHz_U_COV_SD""], ""val_chips_held_out"": [""D20240821_E01_C09_F4500KHz_U_1e6""], ""val_n_chips"": 1, ""wmse_base"": 0.1}",3.867756652832031,3.178659108734132,0.0450591087341322,0.0489487918436908,0.102272958238541,0.1999999999999999,False
p1_fa_sigma5_wmse_seed0_sigma5_wmse0.1_first_moment_thr0p5,"{""batch_size"": 32, ""cache"": ""regress_all_filt_abcd_ntcRaw_madk1p5_spatA3"", ""curriculum_sigma"": false, ""device"": ""cuda"", ""dir"": ""p1_fa_sigma5_wmse/seed0_sigma5_wmse0.1"", ""epochs"": 40, ""experiment"": ""p1_fa_sigma5_wmse"", ""extraction_rule"": ""first_moment_thr0p5"", ""focal_gamma"": null, ""loss"": ""wmse"", ""lr"": 0.001, ""lr_gamma"": 0.75, ""lr_step"": 10, ""method"": ""F6 PDF regression (cnn1d backbone, soft Gaussian target)"", ""n_parameters"": 9025, ""n_samples"": 450, ""n_test"": 5014, ""n_train"": 17225, ""n_val"": 5678, ""samples_per_min"": 15, ""seed"": 0, ""sigma_end"": null, ""sigma_samples"": 5.0, ""sigma_seconds"": 20.0, ""sigma_start"": null, ""started_at"": ""2026-07-13T15:41:52.788597"", ""test_chips"": [""D20240719_E03_C44_F4500KHz_U_COV_SD""], ""val_chips_held_out"": [""D20240821_E01_C09_F4500KHz_U_1e6""], ""val_n_chips"": 1, ""wmse_base"": 0.1}",3.6967962265014647,3.0673170600891133,-0.0662829399108865,0.0402374795951775,0.1309635962966692,-0.3,False
p1_fa_sigma5_wmse_seed1_sigma5_wmse0.1_hard_argmax,"{""batch_size"": 32, ""cache"": ""regress_all_filt_abcd_ntcRaw_madk1p5_spatA3"", ""curriculum_sigma"": false, ""device"": ""cuda"", ""dir"": ""p1_fa_sigma5_wmse/seed1_sigma5_wmse0.1"", ""epochs"": 40, ""experiment"": ""p1_fa_sigma5_wmse"", ""extraction_rule"": ""hard_argmax"", ""focal_gamma"": null, ""loss"": ""wmse"", ""lr"": 0.001, ""lr_gamma"": 0.75, ""lr_step"": 10, ""method"": ""F6 PDF regression (cnn1d backbone, soft Gaussian target)"", ""n_parameters"": 9025, ""n_samples"": 450, ""n_test"": 5014, ""n_train"": 15912, ""n_val"": 6991, ""samples_per_min"": 15, ""seed"": 1, ""sigma_end"": null, ""sigma_samples"": 5.0, ""sigma_seconds"": 20.0, ""sigma_start"": null, ""started_at"": ""2026-07-13T15:42:44.022755"", ""test_chips"": [""D20240719_E03_C44_F4500KHz_U_COV_SD""], ""val_chips_held_out"": [""D20240822_E02_C00_F4500KHz_U_1e9""], ""val_n_chips"": 1, ""wmse_base"": 0.1}",6.935043716430664,2.325778344726567,-0.8078216552734331,0.6873713948776601,0.2934872838088597,-0.7999999999999999,False
p1_fa_sigma5_wmse_seed1_sigma5_wmse0.1_soft_argmax_top5,"{""batch_size"": 32, ""cache"": ""regress_all_filt_abcd_ntcRaw_madk1p5_spatA3"", ""curriculum_sigma"": false, ""device"": ""cuda"", ""dir"": ""p1_fa_sigma5_wmse/seed1_sigma5_wmse0.1"", ""epochs"": 40, ""experiment"": ""p1_fa_sigma5_wmse"", ""extraction_rule"": ""soft_argmax_top5"", ""focal_gamma"": null, ""loss"": ""wmse"", ""lr"": 0.001, ""lr_gamma"": 0.75, ""lr_step"": 10, ""method"": ""F6 PDF regression (cnn1d backbone, soft Gaussian target)"", ""n_parameters"": 9025, ""n_samples"": 450, ""n_test"": 5014, ""n_train"": 15912, ""n_val"": 6991, ""samples_per_min"": 15, ""seed"": 1, ""sigma_end"": null, ""sigma_samples"": 5.0, ""sigma_seconds"": 20.0, ""sigma_start"": null, ""started_at"": ""2026-07-13T15:42:44.022755"", ""test_chips"": [""D20240719_E03_C44_F4500KHz_U_COV_SD""], ""val_chips_held_out"": [""D20240822_E02_C00_F4500KHz_U_1e9""], ""val_n_chips"": 1, ""wmse_base"": 0.1}",5.443058776855469,2.8680493865966823,-0.2655506134033176,0.3609913034533503,0.2182190192145433,-0.4999999999999999,False
p1_fa_sigma5_wmse_seed1_sigma5_wmse0.1_expected_value,"{""batch_size"": 32, ""cache"": ""regress_all_filt_abcd_ntcRaw_madk1p5_spatA3"", ""curriculum_sigma"": false, ""device"": ""cuda"", ""dir"": ""p1_fa_sigma5_wmse/seed1_sigma5_wmse0.1"", ""epochs"": 40, ""experiment"": ""p1_fa_sigma5_wmse"", ""extraction_rule"": ""expected_value"", ""focal_gamma"": null, ""loss"": ""wmse"", ""lr"": 0.001, ""lr_gamma"": 0.75, ""lr_step"": 10, ""method"": ""F6 PDF regression (cnn1d backbone, soft Gaussian target)"", ""n_parameters"": 9025, ""n_samples"": 450, ""n_test"": 5014, ""n_train"": 15912, ""n_val"": 6991, ""samples_per_min"": 15, ""seed"": 1, ""sigma_end"": null, ""sigma_samples"": 5.0, ""sigma_seconds"": 20.0, ""sigma_start"": null, ""started_at"": ""2026-07-13T15:42:44.022755"", ""test_chips"": [""D20240719_E03_C44_F4500KHz_U_COV_SD""], ""val_chips_held_out"": [""D20240822_E02_C00_F4500KHz_U_1e9""], ""val_n_chips"": 1, ""wmse_base"": 0.1}",4.599720764160156,3.384296182250978,0.2506961822509778,0.4174443123333843,0.1121046787501773,0.6,False
p1_fa_sigma5_wmse_seed1_sigma5_wmse0.1_first_moment_thr0p5,"{""batch_size"": 32, ""cache"": ""regress_all_filt_abcd_ntcRaw_madk1p5_spatA3"", ""curriculum_sigma"": false, ""device"": ""cuda"", ""dir"": ""p1_fa_sigma5_wmse/seed1_sigma5_wmse0.1"", ""epochs"": 40, ""experiment"": ""p1_fa_sigma5_wmse"", ""extraction_rule"": ""first_moment_thr0p5"", ""focal_gamma"": null, ""loss"": ""wmse"", ""lr"": 0.001, ""lr_gamma"": 0.75, ""lr_step"": 10, ""method"": ""F6 PDF regression (cnn1d backbone, soft Gaussian target)"", ""n_parameters"": 9025, ""n_samples"": 450, ""n_test"": 5014, ""n_train"": 15912, ""n_val"": 6991, ""samples_per_min"": 15, ""seed"": 1, ""sigma_end"": null, ""sigma_samples"": 5.0, ""sigma_seconds"": 20.0, ""sigma_start"": null, ""started_at"": ""2026-07-13T15:42:44.022755"", ""test_chips"": [""D20240719_E03_C44_F4500KHz_U_COV_SD""], ""val_chips_held_out"": [""D20240822_E02_C00_F4500KHz_U_1e9""], ""val_n_chips"": 1, ""wmse_base"": 0.1}",4.331768417358399,3.2906882797241224,0.1570882797241223,0.3653169677250346,0.1331095465066084,0.6,False
p1_fa_sigma5_wmse_seed2_sigma5_wmse0.1_hard_argmax,"{""batch_size"": 32, ""cache"": ""regress_all_filt_abcd_ntcRaw_madk1p5_spatA3"", ""curriculum_sigma"": false, ""device"": ""cuda"", ""dir"": ""p1_fa_sigma5_wmse/seed2_sigma5_wmse0.1"", ""epochs"": 40, ""experiment"": ""p1_fa_sigma5_wmse"", ""extraction_rule"": ""hard_argmax"", ""focal_gamma"": null, ""loss"": ""wmse"", ""lr"": 0.001, ""lr_gamma"": 0.75, ""lr_step"": 10, ""method"": ""F6 PDF regression (cnn1d backbone, soft Gaussian target)"", ""n_parameters"": 9025, ""n_samples"": 450, ""n_test"": 5014, ""n_train"": 17225, ""n_val"": 5678, ""samples_per_min"": 15, ""seed"": 2, ""sigma_end"": null, ""sigma_samples"": 5.0, ""sigma_seconds"": 20.0, ""sigma_start"": null, ""started_at"": ""2026-07-13T15:46:12.128257"", ""test_chips"": [""D20240719_E03_C44_F4500KHz_U_COV_SD""], ""val_chips_held_out"": [""D20240821_E01_C09_F4500KHz_U_1e6""], ""val_n_chips"": 1, ""wmse_base"": 0.1}",3.4496492385864257,2.297362664794925,-0.8362373352050755,0.964553719657247,0.1275626963149492,-1.0,True
p1_fa_sigma5_wmse_seed2_sigma5_wmse0.1_soft_argmax_top5,"{""batch_size"": 32, ""cache"": ""regress_all_filt_abcd_ntcRaw_madk1p5_spatA3"", ""curriculum_sigma"": false, ""device"": ""cuda"", ""dir"": ""p1_fa_sigma5_wmse/seed2_sigma5_wmse0.1"", ""epochs"": 40, ""experiment"": ""p1_fa_sigma5_wmse"", ""extraction_rule"": ""soft_argmax_top5"", ""focal_gamma"": null, ""loss"": ""wmse"", ""lr"": 0.001, ""lr_gamma"": 0.75, ""lr_step"": 10, ""method"": ""F6 PDF regression (cnn1d backbone, soft Gaussian target)"", ""n_parameters"": 9025, ""n_samples"": 450, ""n_test"": 5014, ""n_train"": 17225, ""n_val"": 5678, ""samples_per_min"": 15, ""seed"": 2, ""sigma_end"": null, ""sigma_samples"": 5.0, ""sigma_seconds"": 20.0, ""sigma_start"": null, ""started_at"": ""2026-07-13T15:46:12.128257"", ""test_chips"": [""D20240719_E03_C44_F4500KHz_U_COV_SD""], ""val_chips_held_out"": [""D20240821_E01_C09_F4500KHz_U_1e6""], ""val_n_chips"": 1, ""wmse_base"": 0.1}",3.2930171966552733,2.3480586563110393,-0.7855413436889609,0.944970927031718,0.1139465528345582,-1.0,True
p1_fa_sigma5_wmse_seed2_sigma5_wmse0.1_expected_value,"{""batch_size"": 32, ""cache"": ""regress_all_filt_abcd_ntcRaw_madk1p5_spatA3"", ""curriculum_sigma"": false, ""device"": ""cuda"", ""dir"": ""p1_fa_sigma5_wmse/seed2_sigma5_wmse0.1"", ""epochs"": 40, ""experiment"": ""p1_fa_sigma5_wmse"", ""extraction_rule"": ""expected_value"", ""focal_gamma"": null, ""loss"": ""wmse"", ""lr"": 0.001, ""lr_gamma"": 0.75, ""lr_step"": 10, ""method"": ""F6 PDF regression (cnn1d backbone, soft Gaussian target)"", ""n_parameters"": 9025, ""n_samples"": 450, ""n_test"": 5014, ""n_train"": 17225, ""n_val"": 5678, ""samples_per_min"": 15, ""seed"": 2, ""sigma_end"": null, ""sigma_samples"": 5.0, ""sigma_seconds"": 20.0, ""sigma_start"": null, ""started_at"": ""2026-07-13T15:46:12.128257"", ""test_chips"": [""D20240719_E03_C44_F4500KHz_U_COV_SD""], ""val_chips_held_out"": [""D20240821_E01_C09_F4500KHz_U_1e6""], ""val_n_chips"": 1, ""wmse_base"": 0.1}",3.9346460342407226,3.2525024925231945,0.1189024925231946,0.3441645866521731,0.100428152692688,0.4999999999999999,False
p1_fa_sigma5_wmse_seed2_sigma5_wmse0.1_first_moment_thr0p5,"{""batch_size"": 32, ""cache"": ""regress_all_filt_abcd_ntcRaw_madk1p5_spatA3"", ""curriculum_sigma"": false, ""device"": ""cuda"", ""dir"": ""p1_fa_sigma5_wmse/seed2_sigma5_wmse0.1"", ""epochs"": 40, ""experiment"": ""p1_fa_sigma5_wmse"", ""extraction_rule"": ""first_moment_thr0p5"", ""focal_gamma"": null, ""loss"": ""wmse"", ""lr"": 0.001, ""lr_gamma"": 0.75, ""lr_step"": 10, ""method"": ""F6 PDF regression (cnn1d backbone, soft Gaussian target)"", ""n_parameters"": 9025, ""n_samples"": 450, ""n_test"": 5014, ""n_train"": 17225, ""n_val"": 5678, ""samples_per_min"": 15, ""seed"": 2, ""sigma_end"": null, ""sigma_samples"": 5.0, ""sigma_seconds"": 20.0, ""sigma_start"": null, ""started_at"": ""2026-07-13T15:46:12.128257"", ""test_chips"": [""D20240719_E03_C44_F4500KHz_U_COV_SD""], ""val_chips_held_out"": [""D20240821_E01_C09_F4500KHz_U_1e6""], ""val_n_chips"": 1, ""wmse_base"": 0.1}",3.701335906982422,3.090723851776125,-0.0428761482238751,0.019136127368301,0.1304636167030029,-0.3,False
p1_fa_sigma8_wmse_seed0_sigma8_wmse0.1_hard_argmax,"{""batch_size"": 32, ""cache"": ""regress_all_filt_abcd_ntcRaw_madk1p5_spatA3"", ""curriculum_sigma"": false, ""device"": ""cuda"", ""dir"": ""p1_fa_sigma8_wmse/seed0_sigma8_wmse0.1"", ""epochs"": 40, ""experiment"": ""p1_fa_sigma8_wmse"", ""extraction_rule"": ""hard_argmax"", ""focal_gamma"": null, ""loss"": ""wmse"", ""lr"": 0.001, ""lr_gamma"": 0.75, ""lr_step"": 10, ""method"": ""F6 PDF regression (cnn1d backbone, soft Gaussian target)"", ""n_parameters"": 9025, ""n_samples"": 450, ""n_test"": 5014, ""n_train"": 17225, ""n_val"": 5678, ""samples_per_min"": 15, ""seed"": 0, ""sigma_end"": null, ""sigma_samples"": 8.0, ""sigma_seconds"": 32.0, ""sigma_start"": null, ""started_at"": ""2026-07-13T15:46:12.125607"", ""test_chips"": [""D20240719_E03_C44_F4500KHz_U_COV_SD""], ""val_chips_held_out"": [""D20240821_E01_C09_F4500KHz_U_1e6""], ""val_n_chips"": 1, ""wmse_base"": 0.1}",3.6870555877685542,2.7596081291198757,-0.3739918708801242,0.3246378600300006,0.1419810788369591,-0.7,False
p1_fa_sigma8_wmse_seed0_sigma8_wmse0.1_soft_argmax_top5,"{""batch_size"": 32, ""cache"": ""regress_all_filt_abcd_ntcRaw_madk1p5_spatA3"", ""curriculum_sigma"": false, ""device"": ""cuda"", ""dir"": ""p1_fa_sigma8_wmse/seed0_sigma8_wmse0.1"", ""epochs"": 40, ""experiment"": ""p1_fa_sigma8_wmse"", ""extraction_rule"": ""soft_argmax_top5"", ""focal_gamma"": null, ""loss"": ""wmse"", ""lr"": 0.001, ""lr_gamma"": 0.75, ""lr_step"": 10, ""method"": ""F6 PDF regression (cnn1d backbone, soft Gaussian target)"", ""n_parameters"": 9025, ""n_samples"": 450, ""n_test"": 5014, ""n_train"": 17225, ""n_val"": 5678, ""samples_per_min"": 15, ""seed"": 0, ""sigma_end"": null, ""sigma_samples"": 8.0, ""sigma_seconds"": 32.0, ""sigma_start"": null, ""started_at"": ""2026-07-13T15:46:12.125607"", ""test_chips"": [""D20240719_E03_C44_F4500KHz_U_COV_SD""], ""val_chips_held_out"": [""D20240821_E01_C09_F4500KHz_U_1e6""], ""val_n_chips"": 1, ""wmse_base"": 0.1}",3.607401847839355,2.795012334442142,-0.3385876655578583,0.3032089338321125,0.1343338276197432,-0.7,False
p1_fa_sigma8_wmse_seed0_sigma8_wmse0.1_expected_value,"{""batch_size"": 32, ""cache"": ""regress_all_filt_abcd_ntcRaw_madk1p5_spatA3"", ""curriculum_sigma"": false, ""device"": ""cuda"", ""dir"": ""p1_fa_sigma8_wmse/seed0_sigma8_wmse0.1"", ""epochs"": 40, ""experiment"": ""p1_fa_sigma8_wmse"", ""extraction_rule"": ""expected_value"", ""focal_gamma"": null, ""loss"": ""wmse"", ""lr"": 0.001, ""lr_gamma"": 0.75, ""lr_step"": 10, ""method"": ""F6 PDF regression (cnn1d backbone, soft Gaussian target)"", ""n_parameters"": 9025, ""n_samples"": 450, ""n_test"": 5014, ""n_train"": 17225, ""n_val"": 5678, ""samples_per_min"": 15, ""seed"": 0, ""sigma_end"": null, ""sigma_samples"": 8.0, ""sigma_seconds"": 32.0, ""sigma_start"": null, ""started_at"": ""2026-07-13T15:46:12.125607"", ""test_chips"": [""D20240719_E03_C44_F4500KHz_U_COV_SD""], ""val_chips_held_out"": [""D20240821_E01_C09_F4500KHz_U_1e6""], ""val_n_chips"": 1, ""wmse_base"": 0.1}",3.5177310943603515,2.8304164443969735,-0.3031835556030263,0.5727893868617433,0.1306228816425036,-0.6,False
p1_fa_sigma8_wmse_seed0_sigma8_wmse0.1_first_moment_thr0p5,"{""batch_size"": 32, ""cache"": ""regress_all_filt_abcd_ntcRaw_madk1p5_spatA3"", ""curriculum_sigma"": false, ""device"": ""cuda"", ""dir"": ""p1_fa_sigma8_wmse/seed0_sigma8_wmse0.1"", ""epochs"": 40, ""experiment"": ""p1_fa_sigma8_wmse"", ""extraction_rule"": ""first_moment_thr0p5"", ""focal_gamma"": null, ""loss"": ""wmse"", ""lr"": 0.001, ""lr_gamma"": 0.75, ""lr_step"": 10, ""method"": ""F6 PDF regression (cnn1d backbone, soft Gaussian target)"", ""n_parameters"": 9025, ""n_samples"": 450, ""n_test"": 5014, ""n_train"": 17225, ""n_val"": 5678, ""samples_per_min"": 15, ""seed"": 0, ""sigma_end"": null, ""sigma_samples"": 8.0, ""sigma_seconds"": 32.0, ""sigma_start"": null, ""started_at"": ""2026-07-13T15:46:12.125607"", ""test_chips"": [""D20240719_E03_C44_F4500KHz_U_COV_SD""], ""val_chips_held_out"": [""D20240821_E01_C09_F4500KHz_U_1e6""], ""val_n_chips"": 1, ""wmse_base"": 0.1}",3.5410282135009767,2.9234025512695334,-0.2101974487304667,0.2919061226767033,0.1413562333639992,-0.6,False
p1_fa_sigma8_wmse_seed1_sigma8_wmse0.1_hard_argmax,"{""batch_size"": 32, ""cache"": ""regress_all_filt_abcd_ntcRaw_madk1p5_spatA3"", ""curriculum_sigma"": false, ""device"": ""cuda"", ""dir"": ""p1_fa_sigma8_wmse/seed1_sigma8_wmse0.1"", ""epochs"": 40, ""experiment"": ""p1_fa_sigma8_wmse"", ""extraction_rule"": ""hard_argmax"", ""focal_gamma"": null, ""loss"": ""wmse"", ""lr"": 0.001, ""lr_gamma"": 0.75, ""lr_step"": 10, ""method"": ""F6 PDF regression (cnn1d backbone, soft Gaussian target)"", ""n_parameters"": 9025, ""n_samples"": 450, ""n_test"": 5014, ""n_train"": 15912, ""n_val"": 6991, ""samples_per_min"": 15, ""seed"": 1, ""sigma_end"": null, ""sigma_samples"": 8.0, ""sigma_seconds"": 32.0, ""sigma_start"": null, ""started_at"": ""2026-07-13T15:46:16.342445"", ""test_chips"": [""D20240719_E03_C44_F4500KHz_U_COV_SD""], ""val_chips_held_out"": [""D20240822_E02_C00_F4500KHz_U_1e9""], ""val_n_chips"": 1, ""wmse_base"": 0.1}",3.304062080383301,2.6082249198913603,-0.5253750801086395,0.941476727191591,0.1849417981517998,-1.0,True
p1_fa_sigma8_wmse_seed1_sigma8_wmse0.1_soft_argmax_top5,"{""batch_size"": 32, ""cache"": ""regress_all_filt_abcd_ntcRaw_madk1p5_spatA3"", ""curriculum_sigma"": false, ""device"": ""cuda"", ""dir"": ""p1_fa_sigma8_wmse/seed1_sigma8_wmse0.1"", ""epochs"": 40, ""experiment"": ""p1_fa_sigma8_wmse"", ""extraction_rule"": ""soft_argmax_top5"", ""focal_gamma"": null, ""loss"": ""wmse"", ""lr"": 0.001, ""lr_gamma"": 0.75, ""lr_step"": 10, ""method"": ""F6 PDF regression (cnn1d backbone, soft Gaussian target)"", ""n_parameters"": 9025, ""n_samples"": 450, ""n_test"": 5014, ""n_train"": 15912, ""n_val"": 6991, ""samples_per_min"": 15, ""seed"": 1, ""sigma_end"": null, ""sigma_samples"": 8.0, ""sigma_seconds"": 32.0, ""sigma_start"": null, ""started_at"": ""2026-07-13T15:46:16.342445"", ""test_chips"": [""D20240719_E03_C44_F4500KHz_U_COV_SD""], ""val_chips_held_out"": [""D20240822_E02_C00_F4500KHz_U_1e9""], ""val_n_chips"": 1, ""wmse_base"": 0.1}",3.333866310119629,2.628797582244875,-0.504802417755125,0.924473999534871,0.1497979287063415,-1.0,True
p1_fa_sigma8_wmse_seed1_sigma8_wmse0.1_expected_value,"{""batch_size"": 32, ""cache"": ""regress_all_filt_abcd_ntcRaw_madk1p5_spatA3"", ""curriculum_sigma"": false, ""device"": ""cuda"", ""dir"": ""p1_fa_sigma8_wmse/seed1_sigma8_wmse0.1"", ""epochs"": 40, ""experiment"": ""p1_fa_sigma8_wmse"", ""extraction_rule"": ""expected_value"", ""focal_gamma"": null, ""loss"": ""wmse"", ""lr"": 0.001, ""lr_gamma"": 0.75, ""lr_step"": 10, ""method"": ""F6 PDF regression (cnn1d backbone, soft Gaussian target)"", ""n_parameters"": 9025, ""n_samples"": 450, ""n_test"": 5014, ""n_train"": 15912, ""n_val"": 6991, ""samples_per_min"": 15, ""seed"": 1, ""sigma_end"": null, ""sigma_samples"": 8.0, ""sigma_seconds"": 32.0, ""sigma_start"": null, ""started_at"": ""2026-07-13T15:46:16.342445"", ""test_chips"": [""D20240719_E03_C44_F4500KHz_U_COV_SD""], ""val_chips_held_out"": [""D20240822_E02_C00_F4500KHz_U_1e9""], ""val_n_chips"": 1, ""wmse_base"": 0.1}",4.615905380249023,3.2478969131469753,0.1142969131469752,0.1436659808841119,0.0960052028651144,0.3,False
p1_fa_sigma8_wmse_seed1_sigma8_wmse0.1_first_moment_thr0p5,"{""batch_size"": 32, ""cache"": ""regress_all_filt_abcd_ntcRaw_madk1p5_spatA3"", ""curriculum_sigma"": false, ""device"": ""cuda"", ""dir"": ""p1_fa_sigma8_wmse/seed1_sigma8_wmse0.1"", ""epochs"": 40, ""experiment"": ""p1_fa_sigma8_wmse"", ""extraction_rule"": ""first_moment_thr0p5"", ""focal_gamma"": null, ""loss"": ""wmse"", ""lr"": 0.001, ""lr_gamma"": 0.75, ""lr_step"": 10, ""method"": ""F6 PDF regression (cnn1d backbone, soft Gaussian target)"", ""n_parameters"": 9025, ""n_samples"": 450, ""n_test"": 5014, ""n_train"": 15912, ""n_val"": 6991, ""samples_per_min"": 15, ""seed"": 1, ""sigma_end"": null, ""sigma_samples"": 8.0, ""sigma_seconds"": 32.0, ""sigma_start"": null, ""started_at"": ""2026-07-13T15:46:16.342445"", ""test_chips"": [""D20240719_E03_C44_F4500KHz_U_COV_SD""], ""val_chips_held_out"": [""D20240822_E02_C00_F4500KHz_U_1e9""], ""val_n_chips"": 1, ""wmse_base"": 0.1}",4.497071838378906,3.2055818115234405,0.0719818115234407,0.0586956789741034,0.1096840270034588,0.3,False
p1_fa_sigma8_wmse_seed2_sigma8_wmse0.1_hard_argmax,"{""batch_size"": 32, ""cache"": ""regress_all_filt_abcd_ntcRaw_madk1p5_spatA3"", ""curriculum_sigma"": false, ""device"": ""cuda"", ""dir"": ""p1_fa_sigma8_wmse/seed2_sigma8_wmse0.1"", ""epochs"": 40, ""experiment"": ""p1_fa_sigma8_wmse"", ""extraction_rule"": ""hard_argmax"", ""focal_gamma"": null, ""loss"": ""wmse"", ""lr"": 0.001, ""lr_gamma"": 0.75, ""lr_step"": 10, ""method"": ""F6 PDF regression (cnn1d backbone, soft Gaussian target)"", ""n_parameters"": 9025, ""n_samples"": 450, ""n_test"": 5014, ""n_train"": 17225, ""n_val"": 5678, ""samples_per_min"": 15, ""seed"": 2, ""sigma_end"": null, ""sigma_samples"": 8.0, ""sigma_seconds"": 32.0, ""sigma_start"": null, ""started_at"": ""2026-07-13T15:49:30.206041"", ""test_chips"": [""D20240719_E03_C44_F4500KHz_U_COV_SD""], ""val_chips_held_out"": [""D20240821_E01_C09_F4500KHz_U_1e6""], ""val_n_chips"": 1, ""wmse_base"": 0.1}",3.6449928283691406,2.7439687286376966,-0.3896312713623031,0.3679610161296768,0.1373334329165825,-0.7,False
p1_fa_sigma8_wmse_seed2_sigma8_wmse0.1_soft_argmax_top5,"{""batch_size"": 32, ""cache"": ""regress_all_filt_abcd_ntcRaw_madk1p5_spatA3"", ""curriculum_sigma"": false, ""device"": ""cuda"", ""dir"": ""p1_fa_sigma8_wmse/seed2_sigma8_wmse0.1"", ""epochs"": 40, ""experiment"": ""p1_fa_sigma8_wmse"", ""extraction_rule"": ""soft_argmax_top5"", ""focal_gamma"": null, ""loss"": ""wmse"", ""lr"": 0.001, ""lr_gamma"": 0.75, ""lr_step"": 10, ""method"": ""F6 PDF regression (cnn1d backbone, soft Gaussian target)"", ""n_parameters"": 9025, ""n_samples"": 450, ""n_test"": 5014, ""n_train"": 17225, ""n_val"": 5678, ""samples_per_min"": 15, ""seed"": 2, ""sigma_end"": null, ""sigma_samples"": 8.0, ""sigma_seconds"": 32.0, ""sigma_start"": null, ""started_at"": ""2026-07-13T15:49:30.206041"", ""test_chips"": [""D20240719_E03_C44_F4500KHz_U_COV_SD""], ""val_chips_held_out"": [""D20240821_E01_C09_F4500KHz_U_1e6""], ""val_n_chips"": 1, ""wmse_base"": 0.1}",3.514534568786621,2.727249959564211,-0.406350040435789,0.415706438059273,0.1266573218806684,-0.7,False
p1_fa_sigma8_wmse_seed2_sigma8_wmse0.1_expected_value,"{""batch_size"": 32, ""cache"": ""regress_all_filt_abcd_ntcRaw_madk1p5_spatA3"", ""curriculum_sigma"": false, ""device"": ""cuda"", ""dir"": ""p1_fa_sigma8_wmse/seed2_sigma8_wmse0.1"", ""epochs"": 40, ""experiment"": ""p1_fa_sigma8_wmse"", ""extraction_rule"": ""expected_value"", ""focal_gamma"": null, ""loss"": ""wmse"", ""lr"": 0.001, ""lr_gamma"": 0.75, ""lr_step"": 10, ""method"": ""F6 PDF regression (cnn1d backbone, soft Gaussian target)"", ""n_parameters"": 9025, ""n_samples"": 450, ""n_test"": 5014, ""n_train"": 17225, ""n_val"": 5678, ""samples_per_min"": 15, ""seed"": 2, ""sigma_end"": null, ""sigma_samples"": 8.0, ""sigma_seconds"": 32.0, ""sigma_start"": null, ""started_at"": ""2026-07-13T15:49:30.206041"", ""test_chips"": [""D20240719_E03_C44_F4500KHz_U_COV_SD""], ""val_chips_held_out"": [""D20240821_E01_C09_F4500KHz_U_1e6""], ""val_n_chips"": 1, ""wmse_base"": 0.1}",3.599124717712402,2.8309814964294455,-0.3026185035705545,0.57684450637948,0.132821779060462,-0.6,False
p1_fa_sigma8_wmse_seed2_sigma8_wmse0.1_first_moment_thr0p5,"{""batch_size"": 32, ""cache"": ""regress_all_filt_abcd_ntcRaw_madk1p5_spatA3"", ""curriculum_sigma"": false, ""device"": ""cuda"", ""dir"": ""p1_fa_sigma8_wmse/seed2_sigma8_wmse0.1"", ""epochs"": 40, ""experiment"": ""p1_fa_sigma8_wmse"", ""extraction_rule"": ""first_moment_thr0p5"", ""focal_gamma"": null, ""loss"": ""wmse"", ""lr"": 0.001, ""lr_gamma"": 0.75, ""lr_step"": 10, ""method"": ""F6 PDF regression (cnn1d backbone, soft Gaussian target)"", ""n_parameters"": 9025, ""n_samples"": 450, ""n_test"": 5014, ""n_train"": 17225, ""n_val"": 5678, ""samples_per_min"": 15, ""seed"": 2, ""sigma_end"": null, ""sigma_samples"": 8.0, ""sigma_seconds"": 32.0, ""sigma_start"": null, ""started_at"": ""2026-07-13T15:49:30.206041"", ""test_chips"": [""D20240719_E03_C44_F4500KHz_U_COV_SD""], ""val_chips_held_out"": [""D20240821_E01_C09_F4500KHz_U_1e6""], ""val_n_chips"": 1, ""wmse_base"": 0.1}",3.6265764236450195,2.9224707160949728,-0.2111292839050271,0.30074728541066287,0.14303135395420666,-0.6,False
