method_id,config_json,per_well_mae_min,slope_proximity_min_per_decade,slope_min_per_decade,per_well_r2,within_well_cov,spearman_r_well_means,passes_spearman_filter
p1_fb_slide_cls_w120_stride10_spatA3_seed0_first_above_K1_thr0p5,"{""batch_size"": 256, ""cache_stem"": ""regress_all_filt_abcd_ntcRaw_madk1p5_spatA3"", ""device"": ""cuda"", ""epochs"": 30, ""extraction_rule_family"": ""threshold"", ""extraction_rule_id"": ""first_above_K1_thr0p5"", ""extraction_rule_label"": ""first t: P>0.5 (K=1)"", ""k_consecutive"": 3, ""lr"": 0.001, ""max_train_pixels"": null, ""method"": ""P1.2 F-B sliding-window classifier (Paper 18 / Li et al. 2024 adaptation)"", ""n_params"": 180641, ""n_test_pixels"": 5014, ""n_train_pixels"": 17225, ""n_val_pixels"": 5678, ""samples_per_min"": 15, ""seed"": 0, ""stride"": 10, ""window"": 120}",2.9241138458251954,2.421611550903323,-0.7119884490966769,0.7365288931114742,0.0909611122757223,-0.7,False
p1_fb_slide_cls_w120_stride10_spatA3_seed0_first_above_K2_thr0p5,"{""batch_size"": 256, ""cache_stem"": ""regress_all_filt_abcd_ntcRaw_madk1p5_spatA3"", ""device"": ""cuda"", ""epochs"": 30, ""extraction_rule_family"": ""threshold"", ""extraction_rule_id"": ""first_above_K2_thr0p5"", ""extraction_rule_label"": ""first t: P>0.5 (K=2)"", ""k_consecutive"": 3, ""lr"": 0.001, ""max_train_pixels"": null, ""method"": ""P1.2 F-B sliding-window classifier (Paper 18 / Li et al. 2024 adaptation)"", ""n_params"": 180641, ""n_test_pixels"": 5014, ""n_train_pixels"": 17225, ""n_val_pixels"": 5678, ""samples_per_min"": 15, ""seed"": 0, ""stride"": 10, ""window"": 120}",2.8502439498901366,2.357589200592044,-0.7760107994079559,0.830347834202837,0.0875310585545564,-0.8999999999999998,False
p1_fb_slide_cls_w120_stride10_spatA3_seed0_first_above_K3_thr0p5,"{""batch_size"": 256, ""cache_stem"": ""regress_all_filt_abcd_ntcRaw_madk1p5_spatA3"", ""device"": ""cuda"", ""epochs"": 30, ""extraction_rule_family"": ""threshold"", ""extraction_rule_id"": ""first_above_K3_thr0p5"", ""extraction_rule_label"": ""first t: P>0.5 (K=3, F-B default)"", ""k_consecutive"": 3, ""lr"": 0.001, ""max_train_pixels"": null, ""method"": ""P1.2 F-B sliding-window classifier (Paper 18 / Li et al. 2024 adaptation)"", ""n_params"": 180641, ""n_test_pixels"": 5014, ""n_train_pixels"": 17225, ""n_val_pixels"": 5678, ""samples_per_min"": 15, ""seed"": 0, ""stride"": 10, ""window"": 120}",2.79556941986084,2.3038635765075712,-0.8297364234924286,0.903119868033308,0.0845488513313487,-0.8999999999999998,False
p1_fb_slide_cls_w120_stride10_spatA3_seed0_first_above_K5_thr0p5,"{""batch_size"": 256, ""cache_stem"": ""regress_all_filt_abcd_ntcRaw_madk1p5_spatA3"", ""device"": ""cuda"", ""epochs"": 30, ""extraction_rule_family"": ""threshold"", ""extraction_rule_id"": ""first_above_K5_thr0p5"", ""extraction_rule_label"": ""first t: P>0.5 (K=5)"", ""k_consecutive"": 3, ""lr"": 0.001, ""max_train_pixels"": null, ""method"": ""P1.2 F-B sliding-window classifier (Paper 18 / Li et al. 2024 adaptation)"", ""n_params"": 180641, ""n_test_pixels"": 5014, ""n_train_pixels"": 17225, ""n_val_pixels"": 5678, ""samples_per_min"": 15, ""seed"": 0, ""stride"": 10, ""window"": 120}",2.709882354736328,2.234489396667483,-0.8991106033325174,0.9619935727448496,0.1114533776187166,-1.0,True
p1_fb_slide_cls_w120_stride10_spatA3_seed0_first_above_K3_thr0p3,"{""batch_size"": 256, ""cache_stem"": ""regress_all_filt_abcd_ntcRaw_madk1p5_spatA3"", ""device"": ""cuda"", ""epochs"": 30, ""extraction_rule_family"": ""threshold"", ""extraction_rule_id"": ""first_above_K3_thr0p3"", ""extraction_rule_label"": ""first t: P>0.3 (K=3)"", ""k_consecutive"": 3, ""lr"": 0.001, ""max_train_pixels"": null, ""method"": ""P1.2 F-B sliding-window classifier (Paper 18 / Li et al. 2024 adaptation)"", ""n_params"": 180641, ""n_test_pixels"": 5014, ""n_train_pixels"": 17225, ""n_val_pixels"": 5678, ""samples_per_min"": 15, ""seed"": 0, ""stride"": 10, ""window"": 120}",3.1527191162109376,2.5690873657226594,-0.5645126342773407,0.5469552645829048,0.1105107562758462,-0.7,False
p1_fb_slide_cls_w120_stride10_spatA3_seed0_first_above_K3_thr0p7,"{""batch_size"": 256, ""cache_stem"": ""regress_all_filt_abcd_ntcRaw_madk1p5_spatA3"", ""device"": ""cuda"", ""epochs"": 30, ""extraction_rule_family"": ""threshold"", ""extraction_rule_id"": ""first_above_K3_thr0p7"", ""extraction_rule_label"": ""first t: P>0.7 (K=3)"", ""k_consecutive"": 3, ""lr"": 0.001, ""max_train_pixels"": null, ""method"": ""P1.2 F-B sliding-window classifier (Paper 18 / Li et al. 2024 adaptation)"", ""n_params"": 180641, ""n_test_pixels"": 5014, ""n_train_pixels"": 17225, ""n_val_pixels"": 5678, ""samples_per_min"": 15, ""seed"": 0, ""stride"": 10, ""window"": 120}",2.575091743469238,2.1340360198974637,-0.9995639801025364,0.995837242518948,0.0747333436554815,-1.0,True
p1_fb_slide_cls_w120_stride10_spatA3_seed0_fraction_above_lb10_thr0p5_f0p5,"{""batch_size"": 256, ""cache_stem"": ""regress_all_filt_abcd_ntcRaw_madk1p5_spatA3"", ""device"": ""cuda"", ""epochs"": 30, ""extraction_rule_family"": ""threshold"", ""extraction_rule_id"": ""fraction_above_lb10_thr0p5_f0p5"", ""extraction_rule_label"": ""5-of-10 above 0.5"", ""k_consecutive"": 3, ""lr"": 0.001, ""max_train_pixels"": null, ""method"": ""P1.2 F-B sliding-window classifier (Paper 18 / Li et al. 2024 adaptation)"", ""n_params"": 180641, ""n_test_pixels"": 5014, ""n_train_pixels"": 17225, ""n_val_pixels"": 5678, ""samples_per_min"": 15, ""seed"": 0, ""stride"": 10, ""window"": 120}",3.7393293380737305,2.2989535842895528,-0.8346464157104473,0.8930741449056949,0.1446443064633809,-0.8999999999999998,False
p1_fb_slide_cls_w120_stride10_spatA3_seed0_end_of_K3_run_thr0p5,"{""batch_size"": 256, ""cache_stem"": ""regress_all_filt_abcd_ntcRaw_madk1p5_spatA3"", ""device"": ""cuda"", ""epochs"": 30, ""extraction_rule_family"": ""threshold"", ""extraction_rule_id"": ""end_of_K3_run_thr0p5"", ""extraction_rule_label"": ""end of first K=3 run above 0.5"", ""k_consecutive"": 3, ""lr"": 0.001, ""max_train_pixels"": null, ""method"": ""P1.2 F-B sliding-window classifier (Paper 18 / Li et al. 2024 adaptation)"", ""n_params"": 180641, ""n_test_pixels"": 5014, ""n_train_pixels"": 17225, ""n_val_pixels"": 5678, ""samples_per_min"": 15, ""seed"": 0, ""stride"": 10, ""window"": 120}",2.927891731262207,2.3038636718750016,-0.8297363281249983,0.9031198724204784,0.077215718364888,-0.8999999999999998,False
p1_fb_slide_cls_w120_stride10_spatA3_seed0_linear_interp_thr0p5,"{""batch_size"": 256, ""cache_stem"": ""regress_all_filt_abcd_ntcRaw_madk1p5_spatA3"", ""device"": ""cuda"", ""epochs"": 30, ""extraction_rule_family"": ""interp"", ""extraction_rule_id"": ""linear_interp_thr0p5"", ""extraction_rule_label"": ""linear interp at P=0.5"", ""k_consecutive"": 3, ""lr"": 0.001, ""max_train_pixels"": null, ""method"": ""P1.2 F-B sliding-window classifier (Paper 18 / Li et al. 2024 adaptation)"", ""n_params"": 180641, ""n_test_pixels"": 5014, ""n_train_pixels"": 17225, ""n_val_pixels"": 5678, ""samples_per_min"": 15, ""seed"": 0, ""stride"": 10, ""window"": 120}",2.9904739379882814,2.418473104095462,-0.7151268959045379,0.7459102027650228,0.0913993132716659,-0.7,False
p1_fb_slide_cls_w120_stride10_spatA3_seed0_linear_interp_thr0p3,"{""batch_size"": 256, ""cache_stem"": ""regress_all_filt_abcd_ntcRaw_madk1p5_spatA3"", ""device"": ""cuda"", ""epochs"": 30, ""extraction_rule_family"": ""interp"", ""extraction_rule_id"": ""linear_interp_thr0p3"", ""extraction_rule_label"": ""linear interp at P=0.3"", ""k_consecutive"": 3, ""lr"": 0.001, ""max_train_pixels"": null, ""method"": ""P1.2 F-B sliding-window classifier (Paper 18 / Li et al. 2024 adaptation)"", ""n_params"": 180641, ""n_test_pixels"": 5014, ""n_train_pixels"": 17225, ""n_val_pixels"": 5678, ""samples_per_min"": 15, ""seed"": 0, ""stride"": 10, ""window"": 120}",3.326294708251953,2.657056478118899,-0.4765435218811011,0.3971800558564383,0.1153433087137403,-0.7,False
p1_fb_slide_cls_w120_stride10_spatA3_seed0_sigmoid_fit_thr0p5,"{""batch_size"": 256, ""cache_stem"": ""regress_all_filt_abcd_ntcRaw_madk1p5_spatA3"", ""device"": ""cuda"", ""epochs"": 30, ""extraction_rule_family"": ""interp"", ""extraction_rule_id"": ""sigmoid_fit_thr0p5"", ""extraction_rule_label"": ""fit sigmoid, t at P=0.5"", ""k_consecutive"": 3, ""lr"": 0.001, ""max_train_pixels"": null, ""method"": ""P1.2 F-B sliding-window classifier (Paper 18 / Li et al. 2024 adaptation)"", ""n_params"": 180641, ""n_test_pixels"": 5014, ""n_train_pixels"": 17225, ""n_val_pixels"": 5678, ""samples_per_min"": 15, ""seed"": 0, ""stride"": 10, ""window"": 120}",2.9562360763549806,2.4004770790100105,-0.7331229209899893,0.9161256113401336,0.131945925773617,-1.0,True
p1_fb_slide_cls_w120_stride10_spatA3_seed0_first_deriv_peak,"{""batch_size"": 256, ""cache_stem"": ""regress_all_filt_abcd_ntcRaw_madk1p5_spatA3"", ""device"": ""cuda"", ""epochs"": 30, ""extraction_rule_family"": ""deriv"", ""extraction_rule_id"": ""first_deriv_peak"", ""extraction_rule_label"": ""argmax(dP/dt) \u2014 paper-6 analogue"", ""k_consecutive"": 3, ""lr"": 0.001, ""max_train_pixels"": null, ""method"": ""P1.2 F-B sliding-window classifier (Paper 18 / Li et al. 2024 adaptation)"", ""n_params"": 180641, ""n_test_pixels"": 5014, ""n_train_pixels"": 17225, ""n_val_pixels"": 5678, ""samples_per_min"": 15, ""seed"": 0, ""stride"": 10, ""window"": 120}",3.748004913330078,2.992448381042483,-0.1411516189575169,0.1868999127238274,0.2318206125983781,-0.3,False
p1_fb_slide_cls_w120_stride10_spatA3_seed0_second_deriv_peak,"{""batch_size"": 256, ""cache_stem"": ""regress_all_filt_abcd_ntcRaw_madk1p5_spatA3"", ""device"": ""cuda"", ""epochs"": 30, ""extraction_rule_family"": ""deriv"", ""extraction_rule_id"": ""second_deriv_peak"", ""extraction_rule_label"": ""argmax(d\u00b2P/dt\u00b2) \u2014 SDM analogue"", ""k_consecutive"": 3, ""lr"": 0.001, ""max_train_pixels"": null, ""method"": ""P1.2 F-B sliding-window classifier (Paper 18 / Li et al. 2024 adaptation)"", ""n_params"": 180641, ""n_test_pixels"": 5014, ""n_train_pixels"": 17225, ""n_val_pixels"": 5678, ""samples_per_min"": 15, ""seed"": 0, ""stride"": 10, ""window"": 120}",5.626507949829102,4.009760049438476,0.8761600494384768,0.4815009944131523,0.2485543085849633,0.6,False
p1_fb_slide_cls_w120_stride10_spatA3_seed0_inflection_sigmoid,"{""batch_size"": 256, ""cache_stem"": ""regress_all_filt_abcd_ntcRaw_madk1p5_spatA3"", ""device"": ""cuda"", ""epochs"": 30, ""extraction_rule_family"": ""deriv"", ""extraction_rule_id"": ""inflection_sigmoid"", ""extraction_rule_label"": ""sigmoid inflection \u2014 Cy0 analogue"", ""k_consecutive"": 3, ""lr"": 0.001, ""max_train_pixels"": null, ""method"": ""P1.2 F-B sliding-window classifier (Paper 18 / Li et al. 2024 adaptation)"", ""n_params"": 180641, ""n_test_pixels"": 5014, ""n_train_pixels"": 17225, ""n_val_pixels"": 5678, ""samples_per_min"": 15, ""seed"": 0, ""stride"": 10, ""window"": 120}",2.9562360763549806,2.4004770790100105,-0.7331229209899893,0.9161256113401336,0.131945925773617,-1.0,True
p1_fb_slide_cls_w120_stride10_spatA3_seed0_argmax_P,"{""batch_size"": 256, ""cache_stem"": ""regress_all_filt_abcd_ntcRaw_madk1p5_spatA3"", ""device"": ""cuda"", ""epochs"": 30, ""extraction_rule_family"": ""argmax"", ""extraction_rule_id"": ""argmax_P"", ""extraction_rule_label"": ""argmax(P) \u2014 sanity check"", ""k_consecutive"": 3, ""lr"": 0.001, ""max_train_pixels"": null, ""method"": ""P1.2 F-B sliding-window classifier (Paper 18 / Li et al. 2024 adaptation)"", ""n_params"": 180641, ""n_test_pixels"": 5014, ""n_train_pixels"": 17225, ""n_val_pixels"": 5678, ""samples_per_min"": 15, ""seed"": 0, ""stride"": 10, ""window"": 120}",5.130522918701172,1.4034593139648477,-1.7301406860351525,0.9650887779609252,0.0682091820421455,-1.0,True
p1_fb_slide_cls_w120_stride10_spatA3_seed0_first_local_max,"{""batch_size"": 256, ""cache_stem"": ""regress_all_filt_abcd_ntcRaw_madk1p5_spatA3"", ""device"": ""cuda"", ""epochs"": 30, ""extraction_rule_family"": ""argmax"", ""extraction_rule_id"": ""first_local_max"", ""extraction_rule_label"": ""first local max of P"", ""k_consecutive"": 3, ""lr"": 0.001, ""max_train_pixels"": null, ""method"": ""P1.2 F-B sliding-window classifier (Paper 18 / Li et al. 2024 adaptation)"", ""n_params"": 180641, ""n_test_pixels"": 5014, ""n_train_pixels"": 17225, ""n_val_pixels"": 5678, ""samples_per_min"": 15, ""seed"": 0, ""stride"": 10, ""window"": 120}",6.696502304077148,3.470810416793823,0.3372104167938232,0.5823175295305079,0.3808929973167599,0.7999999999999999,False
p1_fb_slide_cls_w120_stride10_spatA3_seed1_first_above_K1_thr0p5,"{""batch_size"": 256, ""cache_stem"": ""regress_all_filt_abcd_ntcRaw_madk1p5_spatA3"", ""device"": ""cuda"", ""epochs"": 30, ""extraction_rule_family"": ""threshold"", ""extraction_rule_id"": ""first_above_K1_thr0p5"", ""extraction_rule_label"": ""first t: P>0.5 (K=1)"", ""k_consecutive"": 3, ""lr"": 0.001, ""max_train_pixels"": null, ""method"": ""P1.2 F-B sliding-window classifier (Paper 18 / Li et al. 2024 adaptation)"", ""n_params"": 180641, ""n_test_pixels"": 5014, ""n_train_pixels"": 15912, ""n_val_pixels"": 6991, ""samples_per_min"": 15, ""seed"": 1, ""stride"": 10, ""window"": 120}",3.251353073120117,2.7329376731872586,-0.4006623268127416,0.3964500985990954,0.1350598418631111,-0.7,False
p1_fb_slide_cls_w120_stride10_spatA3_seed1_first_above_K2_thr0p5,"{""batch_size"": 256, ""cache_stem"": ""regress_all_filt_abcd_ntcRaw_madk1p5_spatA3"", ""device"": ""cuda"", ""epochs"": 30, ""extraction_rule_family"": ""threshold"", ""extraction_rule_id"": ""first_above_K2_thr0p5"", ""extraction_rule_label"": ""first t: P>0.5 (K=2)"", ""k_consecutive"": 3, ""lr"": 0.001, ""max_train_pixels"": null, ""method"": ""P1.2 F-B sliding-window classifier (Paper 18 / Li et al. 2024 adaptation)"", ""n_params"": 180641, ""n_test_pixels"": 5014, ""n_train_pixels"": 15912, ""n_val_pixels"": 6991, ""samples_per_min"": 15, ""seed"": 1, ""stride"": 10, ""window"": 120}",3.2504669189453126,2.7311835800170923,-0.4024164199829078,0.4551032157376368,0.1374646825825123,-0.7,False
p1_fb_slide_cls_w120_stride10_spatA3_seed1_first_above_K3_thr0p5,"{""batch_size"": 256, ""cache_stem"": ""regress_all_filt_abcd_ntcRaw_madk1p5_spatA3"", ""device"": ""cuda"", ""epochs"": 30, ""extraction_rule_family"": ""threshold"", ""extraction_rule_id"": ""first_above_K3_thr0p5"", ""extraction_rule_label"": ""first t: P>0.5 (K=3, F-B default)"", ""k_consecutive"": 3, ""lr"": 0.001, ""max_train_pixels"": null, ""method"": ""P1.2 F-B sliding-window classifier (Paper 18 / Li et al. 2024 adaptation)"", ""n_params"": 180641, ""n_test_pixels"": 5014, ""n_train_pixels"": 15912, ""n_val_pixels"": 6991, ""samples_per_min"": 15, ""seed"": 1, ""stride"": 10, ""window"": 120}",3.231071662902832,2.701567033386233,-0.432032966613767,0.5771553261512734,0.148965997273843,-0.6,False
p1_fb_slide_cls_w120_stride10_spatA3_seed1_first_above_K5_thr0p5,"{""batch_size"": 256, ""cache_stem"": ""regress_all_filt_abcd_ntcRaw_madk1p5_spatA3"", ""device"": ""cuda"", ""epochs"": 30, ""extraction_rule_family"": ""threshold"", ""extraction_rule_id"": ""first_above_K5_thr0p5"", ""extraction_rule_label"": ""first t: P>0.5 (K=5)"", ""k_consecutive"": 3, ""lr"": 0.001, ""max_train_pixels"": null, ""method"": ""P1.2 F-B sliding-window classifier (Paper 18 / Li et al. 2024 adaptation)"", ""n_params"": 180641, ""n_test_pixels"": 5014, ""n_train_pixels"": 15912, ""n_val_pixels"": 6991, ""samples_per_min"": 15, ""seed"": 1, ""stride"": 10, ""window"": 120}",3.825064468383789,3.0983464752197283,-0.0352535247802716,0.0278436448429486,0.235254356683444,-0.0999999999999999,False
p1_fb_slide_cls_w120_stride10_spatA3_seed1_first_above_K3_thr0p3,"{""batch_size"": 256, ""cache_stem"": ""regress_all_filt_abcd_ntcRaw_madk1p5_spatA3"", ""device"": ""cuda"", ""epochs"": 30, ""extraction_rule_family"": ""threshold"", ""extraction_rule_id"": ""first_above_K3_thr0p3"", ""extraction_rule_label"": ""first t: P>0.3 (K=3)"", ""k_consecutive"": 3, ""lr"": 0.001, ""max_train_pixels"": null, ""method"": ""P1.2 F-B sliding-window classifier (Paper 18 / Li et al. 2024 adaptation)"", ""n_params"": 180641, ""n_test_pixels"": 5014, ""n_train_pixels"": 15912, ""n_val_pixels"": 6991, ""samples_per_min"": 15, ""seed"": 1, ""stride"": 10, ""window"": 120}",3.478641128540039,2.8837425743103045,-0.2498574256896956,0.1738920023187314,0.161912175835236,-0.3,False
p1_fb_slide_cls_w120_stride10_spatA3_seed1_first_above_K3_thr0p7,"{""batch_size"": 256, ""cache_stem"": ""regress_all_filt_abcd_ntcRaw_madk1p5_spatA3"", ""device"": ""cuda"", ""epochs"": 30, ""extraction_rule_family"": ""threshold"", ""extraction_rule_id"": ""first_above_K3_thr0p7"", ""extraction_rule_label"": ""first t: P>0.7 (K=3)"", ""k_consecutive"": 3, ""lr"": 0.001, ""max_train_pixels"": null, ""method"": ""P1.2 F-B sliding-window classifier (Paper 18 / Li et al. 2024 adaptation)"", ""n_params"": 180641, ""n_test_pixels"": 5014, ""n_train_pixels"": 15912, ""n_val_pixels"": 6991, ""samples_per_min"": 15, ""seed"": 1, ""stride"": 10, ""window"": 120}",3.201385498046875,2.594970944976809,-0.5386290550231911,0.8151556120566081,0.1454468474250057,-0.8999999999999998,False
p1_fb_slide_cls_w120_stride10_spatA3_seed1_fraction_above_lb10_thr0p5_f0p5,"{""batch_size"": 256, ""cache_stem"": ""regress_all_filt_abcd_ntcRaw_madk1p5_spatA3"", ""device"": ""cuda"", ""epochs"": 30, ""extraction_rule_family"": ""threshold"", ""extraction_rule_id"": ""fraction_above_lb10_thr0p5_f0p5"", ""extraction_rule_label"": ""5-of-10 above 0.5"", ""k_consecutive"": 3, ""lr"": 0.001, ""max_train_pixels"": null, ""method"": ""P1.2 F-B sliding-window classifier (Paper 18 / Li et al. 2024 adaptation)"", ""n_params"": 180641, ""n_test_pixels"": 5014, ""n_train_pixels"": 15912, ""n_val_pixels"": 6991, ""samples_per_min"": 15, ""seed"": 1, ""stride"": 10, ""window"": 120}",4.2289787292480465,3.0922207389831557,-0.0413792610168443,0.0191030195724513,0.3164126241595927,-0.0999999999999999,False
p1_fb_slide_cls_w120_stride10_spatA3_seed1_end_of_K3_run_thr0p5,"{""batch_size"": 256, ""cache_stem"": ""regress_all_filt_abcd_ntcRaw_madk1p5_spatA3"", ""device"": ""cuda"", ""epochs"": 30, ""extraction_rule_family"": ""threshold"", ""extraction_rule_id"": ""end_of_K3_run_thr0p5"", ""extraction_rule_label"": ""end of first K=3 run above 0.5"", ""k_consecutive"": 3, ""lr"": 0.001, ""max_train_pixels"": null, ""method"": ""P1.2 F-B sliding-window classifier (Paper 18 / Li et al. 2024 adaptation)"", ""n_params"": 180641, ""n_test_pixels"": 5014, ""n_train_pixels"": 15912, ""n_val_pixels"": 6991, ""samples_per_min"": 15, ""seed"": 1, ""stride"": 10, ""window"": 120}",3.497539520263672,2.7055350814819357,-0.4280649185180641,0.5695031401970323,0.1324033249918891,-0.6,False
p1_fb_slide_cls_w120_stride10_spatA3_seed1_linear_interp_thr0p5,"{""batch_size"": 256, ""cache_stem"": ""regress_all_filt_abcd_ntcRaw_madk1p5_spatA3"", ""device"": ""cuda"", ""epochs"": 30, ""extraction_rule_family"": ""interp"", ""extraction_rule_id"": ""linear_interp_thr0p5"", ""extraction_rule_label"": ""linear interp at P=0.5"", ""k_consecutive"": 3, ""lr"": 0.001, ""max_train_pixels"": null, ""method"": ""P1.2 F-B sliding-window classifier (Paper 18 / Li et al. 2024 adaptation)"", ""n_params"": 180641, ""n_test_pixels"": 5014, ""n_train_pixels"": 15912, ""n_val_pixels"": 6991, ""samples_per_min"": 15, ""seed"": 1, ""stride"": 10, ""window"": 120}",3.3283464431762697,2.737673047637942,-0.3959269523620577,0.3990709875347925,0.1373964322379157,-0.7,False
p1_fb_slide_cls_w120_stride10_spatA3_seed1_linear_interp_thr0p3,"{""batch_size"": 256, ""cache_stem"": ""regress_all_filt_abcd_ntcRaw_madk1p5_spatA3"", ""device"": ""cuda"", ""epochs"": 30, ""extraction_rule_family"": ""interp"", ""extraction_rule_id"": ""linear_interp_thr0p3"", ""extraction_rule_label"": ""linear interp at P=0.3"", ""k_consecutive"": 3, ""lr"": 0.001, ""max_train_pixels"": null, ""method"": ""P1.2 F-B sliding-window classifier (Paper 18 / Li et al. 2024 adaptation)"", ""n_params"": 180641, ""n_test_pixels"": 5014, ""n_train_pixels"": 15912, ""n_val_pixels"": 6991, ""samples_per_min"": 15, ""seed"": 1, ""stride"": 10, ""window"": 120}",3.5288040161132814,2.8540105377197285,-0.2795894622802714,0.1743059269353225,0.1493365794072202,-0.3,False
p1_fb_slide_cls_w120_stride10_spatA3_seed1_sigmoid_fit_thr0p5,"{""batch_size"": 256, ""cache_stem"": ""regress_all_filt_abcd_ntcRaw_madk1p5_spatA3"", ""device"": ""cuda"", ""epochs"": 30, ""extraction_rule_family"": ""interp"", ""extraction_rule_id"": ""sigmoid_fit_thr0p5"", ""extraction_rule_label"": ""fit sigmoid, t at P=0.5"", ""k_consecutive"": 3, ""lr"": 0.001, ""max_train_pixels"": null, ""method"": ""P1.2 F-B sliding-window classifier (Paper 18 / Li et al. 2024 adaptation)"", ""n_params"": 180641, ""n_test_pixels"": 5014, ""n_train_pixels"": 15912, ""n_val_pixels"": 6991, ""samples_per_min"": 15, ""seed"": 1, ""stride"": 10, ""window"": 120}",3.975803184509277,3.264756921386721,0.1311569213867208,0.3318680942717786,0.2398889038097641,0.6,False
p1_fb_slide_cls_w120_stride10_spatA3_seed1_first_deriv_peak,"{""batch_size"": 256, ""cache_stem"": ""regress_all_filt_abcd_ntcRaw_madk1p5_spatA3"", ""device"": ""cuda"", ""epochs"": 30, ""extraction_rule_family"": ""deriv"", ""extraction_rule_id"": ""first_deriv_peak"", ""extraction_rule_label"": ""argmax(dP/dt) \u2014 paper-6 analogue"", ""k_consecutive"": 3, ""lr"": 0.001, ""max_train_pixels"": null, ""method"": ""P1.2 F-B sliding-window classifier (Paper 18 / Li et al. 2024 adaptation)"", ""n_params"": 180641, ""n_test_pixels"": 5014, ""n_train_pixels"": 15912, ""n_val_pixels"": 6991, ""samples_per_min"": 15, ""seed"": 1, ""stride"": 10, ""window"": 120}",4.159817314147949,3.3465749298095715,0.2129749298095717,0.2000429348541601,0.2473968853916468,0.0999999999999999,False
p1_fb_slide_cls_w120_stride10_spatA3_seed1_second_deriv_peak,"{""batch_size"": 256, ""cache_stem"": ""regress_all_filt_abcd_ntcRaw_madk1p5_spatA3"", ""device"": ""cuda"", ""epochs"": 30, ""extraction_rule_family"": ""deriv"", ""extraction_rule_id"": ""second_deriv_peak"", ""extraction_rule_label"": ""argmax(d\u00b2P/dt\u00b2) \u2014 SDM analogue"", ""k_consecutive"": 3, ""lr"": 0.001, ""max_train_pixels"": null, ""method"": ""P1.2 F-B sliding-window classifier (Paper 18 / Li et al. 2024 adaptation)"", ""n_params"": 180641, ""n_test_pixels"": 5014, ""n_train_pixels"": 15912, ""n_val_pixels"": 6991, ""samples_per_min"": 15, ""seed"": 1, ""stride"": 10, ""window"": 120}",6.007840728759765,4.2564388786315925,1.1228388786315928,0.7072604110350853,0.2529951006083917,0.7,False
p1_fb_slide_cls_w120_stride10_spatA3_seed1_inflection_sigmoid,"{""batch_size"": 256, ""cache_stem"": ""regress_all_filt_abcd_ntcRaw_madk1p5_spatA3"", ""device"": ""cuda"", ""epochs"": 30, ""extraction_rule_family"": ""deriv"", ""extraction_rule_id"": ""inflection_sigmoid"", ""extraction_rule_label"": ""sigmoid inflection \u2014 Cy0 analogue"", ""k_consecutive"": 3, ""lr"": 0.001, ""max_train_pixels"": null, ""method"": ""P1.2 F-B sliding-window classifier (Paper 18 / Li et al. 2024 adaptation)"", ""n_params"": 180641, ""n_test_pixels"": 5014, ""n_train_pixels"": 15912, ""n_val_pixels"": 6991, ""samples_per_min"": 15, ""seed"": 1, ""stride"": 10, ""window"": 120}",3.975803184509277,3.264756921386721,0.1311569213867208,0.3318680942717786,0.2398889038097641,0.6,False
p1_fb_slide_cls_w120_stride10_spatA3_seed1_argmax_P,"{""batch_size"": 256, ""cache_stem"": ""regress_all_filt_abcd_ntcRaw_madk1p5_spatA3"", ""device"": ""cuda"", ""epochs"": 30, ""extraction_rule_family"": ""argmax"", ""extraction_rule_id"": ""argmax_P"", ""extraction_rule_label"": ""argmax(P) \u2014 sanity check"", ""k_consecutive"": 3, ""lr"": 0.001, ""max_train_pixels"": null, ""method"": ""P1.2 F-B sliding-window classifier (Paper 18 / Li et al. 2024 adaptation)"", ""n_params"": 180641, ""n_test_pixels"": 5014, ""n_train_pixels"": 15912, ""n_val_pixels"": 6991, ""samples_per_min"": 15, ""seed"": 1, ""stride"": 10, ""window"": 120}",4.387372970581055,2.036336091613774,-1.097263908386226,0.9572916827371816,0.0825409634256119,-1.0,True
p1_fb_slide_cls_w120_stride10_spatA3_seed1_first_local_max,"{""batch_size"": 256, ""cache_stem"": ""regress_all_filt_abcd_ntcRaw_madk1p5_spatA3"", ""device"": ""cuda"", ""epochs"": 30, ""extraction_rule_family"": ""argmax"", ""extraction_rule_id"": ""first_local_max"", ""extraction_rule_label"": ""first local max of P"", ""k_consecutive"": 3, ""lr"": 0.001, ""max_train_pixels"": null, ""method"": ""P1.2 F-B sliding-window classifier (Paper 18 / Li et al. 2024 adaptation)"", ""n_params"": 180641, ""n_test_pixels"": 5014, ""n_train_pixels"": 15912, ""n_val_pixels"": 6991, ""samples_per_min"": 15, ""seed"": 1, ""stride"": 10, ""window"": 120}",7.398883152008056,3.1587650810241708,0.0251650810241706,0.004694320211393,0.3604345015580301,-0.1999999999999999,False
p1_fb_slide_cls_w120_stride10_spatA3_seed2_first_above_K1_thr0p5,"{""batch_size"": 256, ""cache_stem"": ""regress_all_filt_abcd_ntcRaw_madk1p5_spatA3"", ""device"": ""cuda"", ""epochs"": 30, ""extraction_rule_family"": ""threshold"", ""extraction_rule_id"": ""first_above_K1_thr0p5"", ""extraction_rule_label"": ""first t: P>0.5 (K=1)"", ""k_consecutive"": 3, ""lr"": 0.001, ""max_train_pixels"": null, ""method"": ""P1.2 F-B sliding-window classifier (Paper 18 / Li et al. 2024 adaptation)"", ""n_params"": 180641, ""n_test_pixels"": 5014, ""n_train_pixels"": 17225, ""n_val_pixels"": 5678, ""samples_per_min"": 15, ""seed"": 2, ""stride"": 10, ""window"": 120}",3.1600521087646483,2.5607949768066436,-0.5728050231933564,0.502555306356147,0.1051946600709494,-0.7,False
p1_fb_slide_cls_w120_stride10_spatA3_seed2_first_above_K2_thr0p5,"{""batch_size"": 256, ""cache_stem"": ""regress_all_filt_abcd_ntcRaw_madk1p5_spatA3"", ""device"": ""cuda"", ""epochs"": 30, ""extraction_rule_family"": ""threshold"", ""extraction_rule_id"": ""first_above_K2_thr0p5"", ""extraction_rule_label"": ""first t: P>0.5 (K=2)"", ""k_consecutive"": 3, ""lr"": 0.001, ""max_train_pixels"": null, ""method"": ""P1.2 F-B sliding-window classifier (Paper 18 / Li et al. 2024 adaptation)"", ""n_params"": 180641, ""n_test_pixels"": 5014, ""n_train_pixels"": 17225, ""n_val_pixels"": 5678, ""samples_per_min"": 15, ""seed"": 2, ""stride"": 10, ""window"": 120}",3.1284557342529298,2.535276177978518,-0.598323822021482,0.5481322857946602,0.1031907704444459,-0.7,False
p1_fb_slide_cls_w120_stride10_spatA3_seed2_first_above_K3_thr0p5,"{""batch_size"": 256, ""cache_stem"": ""regress_all_filt_abcd_ntcRaw_madk1p5_spatA3"", ""device"": ""cuda"", ""epochs"": 30, ""extraction_rule_family"": ""threshold"", ""extraction_rule_id"": ""first_above_K3_thr0p5"", ""extraction_rule_label"": ""first t: P>0.5 (K=3, F-B default)"", ""k_consecutive"": 3, ""lr"": 0.001, ""max_train_pixels"": null, ""method"": ""P1.2 F-B sliding-window classifier (Paper 18 / Li et al. 2024 adaptation)"", ""n_params"": 180641, ""n_test_pixels"": 5014, ""n_train_pixels"": 17225, ""n_val_pixels"": 5678, ""samples_per_min"": 15, ""seed"": 2, ""stride"": 10, ""window"": 120}",3.101008605957031,2.5111494575500517,-0.6224505424499482,0.5984405053784795,0.1033002486074615,-0.7,False
p1_fb_slide_cls_w120_stride10_spatA3_seed2_first_above_K5_thr0p5,"{""batch_size"": 256, ""cache_stem"": ""regress_all_filt_abcd_ntcRaw_madk1p5_spatA3"", ""device"": ""cuda"", ""epochs"": 30, ""extraction_rule_family"": ""threshold"", ""extraction_rule_id"": ""first_above_K5_thr0p5"", ""extraction_rule_label"": ""first t: P>0.5 (K=5)"", ""k_consecutive"": 3, ""lr"": 0.001, ""max_train_pixels"": null, ""method"": ""P1.2 F-B sliding-window classifier (Paper 18 / Li et al. 2024 adaptation)"", ""n_params"": 180641, ""n_test_pixels"": 5014, ""n_train_pixels"": 17225, ""n_val_pixels"": 5678, ""samples_per_min"": 15, ""seed"": 2, ""stride"": 10, ""window"": 120}",3.0561603546142577,2.4799472366333037,-0.6536527633666963,0.6548251733235886,0.1189735057124293,-0.7,False
p1_fb_slide_cls_w120_stride10_spatA3_seed2_first_above_K3_thr0p3,"{""batch_size"": 256, ""cache_stem"": ""regress_all_filt_abcd_ntcRaw_madk1p5_spatA3"", ""device"": ""cuda"", ""epochs"": 30, ""extraction_rule_family"": ""threshold"", ""extraction_rule_id"": ""first_above_K3_thr0p3"", ""extraction_rule_label"": ""first t: P>0.3 (K=3)"", ""k_consecutive"": 3, ""lr"": 0.001, ""max_train_pixels"": null, ""method"": ""P1.2 F-B sliding-window classifier (Paper 18 / Li et al. 2024 adaptation)"", ""n_params"": 180641, ""n_test_pixels"": 5014, ""n_train_pixels"": 17225, ""n_val_pixels"": 5678, ""samples_per_min"": 15, ""seed"": 2, ""stride"": 10, ""window"": 120}",3.3909435272216797,2.690558389282229,-0.443041610717771,0.3458616478114974,0.1276611228073467,-0.7,False
p1_fb_slide_cls_w120_stride10_spatA3_seed2_first_above_K3_thr0p7,"{""batch_size"": 256, ""cache_stem"": ""regress_all_filt_abcd_ntcRaw_madk1p5_spatA3"", ""device"": ""cuda"", ""epochs"": 30, ""extraction_rule_family"": ""threshold"", ""extraction_rule_id"": ""first_above_K3_thr0p7"", ""extraction_rule_label"": ""first t: P>0.7 (K=3)"", ""k_consecutive"": 3, ""lr"": 0.001, ""max_train_pixels"": null, ""method"": ""P1.2 F-B sliding-window classifier (Paper 18 / Li et al. 2024 adaptation)"", ""n_params"": 180641, ""n_test_pixels"": 5014, ""n_train_pixels"": 17225, ""n_val_pixels"": 5678, ""samples_per_min"": 15, ""seed"": 2, ""stride"": 10, ""window"": 120}",2.765614700317383,2.2543292556762724,-0.8792707443237275,0.8953711463613511,0.0824306873565784,-0.8999999999999998,False
p1_fb_slide_cls_w120_stride10_spatA3_seed2_fraction_above_lb10_thr0p5_f0p5,"{""batch_size"": 256, ""cache_stem"": ""regress_all_filt_abcd_ntcRaw_madk1p5_spatA3"", ""device"": ""cuda"", ""epochs"": 30, ""extraction_rule_family"": ""threshold"", ""extraction_rule_id"": ""fraction_above_lb10_thr0p5_f0p5"", ""extraction_rule_label"": ""5-of-10 above 0.5"", ""k_consecutive"": 3, ""lr"": 0.001, ""max_train_pixels"": null, ""method"": ""P1.2 F-B sliding-window classifier (Paper 18 / Li et al. 2024 adaptation)"", ""n_params"": 180641, ""n_test_pixels"": 5014, ""n_train_pixels"": 17225, ""n_val_pixels"": 5678, ""samples_per_min"": 15, ""seed"": 2, ""stride"": 10, ""window"": 120}",4.464679718017578,2.509399465179446,-0.6242005348205543,0.5822965139276772,0.1492985471375138,-0.7,False
p1_fb_slide_cls_w120_stride10_spatA3_seed2_end_of_K3_run_thr0p5,"{""batch_size"": 256, ""cache_stem"": ""regress_all_filt_abcd_ntcRaw_madk1p5_spatA3"", ""device"": ""cuda"", ""epochs"": 30, ""extraction_rule_family"": ""threshold"", ""extraction_rule_id"": ""end_of_K3_run_thr0p5"", ""extraction_rule_label"": ""end of first K=3 run above 0.5"", ""k_consecutive"": 3, ""lr"": 0.001, ""max_train_pixels"": null, ""method"": ""P1.2 F-B sliding-window classifier (Paper 18 / Li et al. 2024 adaptation)"", ""n_params"": 180641, ""n_test_pixels"": 5014, ""n_train_pixels"": 17225, ""n_val_pixels"": 5678, ""samples_per_min"": 15, ""seed"": 2, ""stride"": 10, ""window"": 120}",3.0469669342041015,2.5111493621826204,-0.6224506378173794,0.5984405630059655,0.0938327801731506,-0.7,False
p1_fb_slide_cls_w120_stride10_spatA3_seed2_linear_interp_thr0p5,"{""batch_size"": 256, ""cache_stem"": ""regress_all_filt_abcd_ntcRaw_madk1p5_spatA3"", ""device"": ""cuda"", ""epochs"": 30, ""extraction_rule_family"": ""interp"", ""extraction_rule_id"": ""linear_interp_thr0p5"", ""extraction_rule_label"": ""linear interp at P=0.5"", ""k_consecutive"": 3, ""lr"": 0.001, ""max_train_pixels"": null, ""method"": ""P1.2 F-B sliding-window classifier (Paper 18 / Li et al. 2024 adaptation)"", ""n_params"": 180641, ""n_test_pixels"": 5014, ""n_train_pixels"": 17225, ""n_val_pixels"": 5678, ""samples_per_min"": 15, ""seed"": 2, ""stride"": 10, ""window"": 120}",3.2262174606323244,2.556162217712405,-0.5774377822875948,0.5119675352325037,0.1060174929886154,-0.7,False
p1_fb_slide_cls_w120_stride10_spatA3_seed2_linear_interp_thr0p3,"{""batch_size"": 256, ""cache_stem"": ""regress_all_filt_abcd_ntcRaw_madk1p5_spatA3"", ""device"": ""cuda"", ""epochs"": 30, ""extraction_rule_family"": ""interp"", ""extraction_rule_id"": ""linear_interp_thr0p3"", ""extraction_rule_label"": ""linear interp at P=0.3"", ""k_consecutive"": 3, ""lr"": 0.001, ""max_train_pixels"": null, ""method"": ""P1.2 F-B sliding-window classifier (Paper 18 / Li et al. 2024 adaptation)"", ""n_params"": 180641, ""n_test_pixels"": 5014, ""n_train_pixels"": 17225, ""n_val_pixels"": 5678, ""samples_per_min"": 15, ""seed"": 2, ""stride"": 10, ""window"": 120}",3.537022018432617,2.7330219779968283,-0.4005780220031715,0.3003901192191138,0.1336866526580764,-0.7,False
p1_fb_slide_cls_w120_stride10_spatA3_seed2_sigmoid_fit_thr0p5,"{""batch_size"": 256, ""cache_stem"": ""regress_all_filt_abcd_ntcRaw_madk1p5_spatA3"", ""device"": ""cuda"", ""epochs"": 30, ""extraction_rule_family"": ""interp"", ""extraction_rule_id"": ""sigmoid_fit_thr0p5"", ""extraction_rule_label"": ""fit sigmoid, t at P=0.5"", ""k_consecutive"": 3, ""lr"": 0.001, ""max_train_pixels"": null, ""method"": ""P1.2 F-B sliding-window classifier (Paper 18 / Li et al. 2024 adaptation)"", ""n_params"": 180641, ""n_test_pixels"": 5014, ""n_train_pixels"": 17225, ""n_val_pixels"": 5678, ""samples_per_min"": 15, ""seed"": 2, ""stride"": 10, ""window"": 120}",3.211577224731445,2.5372012649536164,-0.5963987350463834,0.7197731841294621,0.14594866866693,-0.7,False
p1_fb_slide_cls_w120_stride10_spatA3_seed2_first_deriv_peak,"{""batch_size"": 256, ""cache_stem"": ""regress_all_filt_abcd_ntcRaw_madk1p5_spatA3"", ""device"": ""cuda"", ""epochs"": 30, ""extraction_rule_family"": ""deriv"", ""extraction_rule_id"": ""first_deriv_peak"", ""extraction_rule_label"": ""argmax(dP/dt) \u2014 paper-6 analogue"", ""k_consecutive"": 3, ""lr"": 0.001, ""max_train_pixels"": null, ""method"": ""P1.2 F-B sliding-window classifier (Paper 18 / Li et al. 2024 adaptation)"", ""n_params"": 180641, ""n_test_pixels"": 5014, ""n_train_pixels"": 17225, ""n_val_pixels"": 5678, ""samples_per_min"": 15, ""seed"": 2, ""stride"": 10, ""window"": 120}",3.632191276550293,3.0755165611267103,-0.0580834388732894,0.0115746331381395,0.2659444918099556,0.0999999999999999,False
p1_fb_slide_cls_w120_stride10_spatA3_seed2_second_deriv_peak,"{""batch_size"": 256, ""cache_stem"": ""regress_all_filt_abcd_ntcRaw_madk1p5_spatA3"", ""device"": ""cuda"", ""epochs"": 30, ""extraction_rule_family"": ""deriv"", ""extraction_rule_id"": ""second_deriv_peak"", ""extraction_rule_label"": ""argmax(d\u00b2P/dt\u00b2) \u2014 SDM analogue"", ""k_consecutive"": 3, ""lr"": 0.001, ""max_train_pixels"": null, ""method"": ""P1.2 F-B sliding-window classifier (Paper 18 / Li et al. 2024 adaptation)"", ""n_params"": 180641, ""n_test_pixels"": 5014, ""n_train_pixels"": 17225, ""n_val_pixels"": 5678, ""samples_per_min"": 15, ""seed"": 2, ""stride"": 10, ""window"": 120}",6.438800621032715,4.506712297058106,1.3731122970581064,0.7562213888093217,0.2619577400227711,0.7,False
p1_fb_slide_cls_w120_stride10_spatA3_seed2_inflection_sigmoid,"{""batch_size"": 256, ""cache_stem"": ""regress_all_filt_abcd_ntcRaw_madk1p5_spatA3"", ""device"": ""cuda"", ""epochs"": 30, ""extraction_rule_family"": ""deriv"", ""extraction_rule_id"": ""inflection_sigmoid"", ""extraction_rule_label"": ""sigmoid inflection \u2014 Cy0 analogue"", ""k_consecutive"": 3, ""lr"": 0.001, ""max_train_pixels"": null, ""method"": ""P1.2 F-B sliding-window classifier (Paper 18 / Li et al. 2024 adaptation)"", ""n_params"": 180641, ""n_test_pixels"": 5014, ""n_train_pixels"": 17225, ""n_val_pixels"": 5678, ""samples_per_min"": 15, ""seed"": 2, ""stride"": 10, ""window"": 120}",3.211577224731445,2.5372012649536164,-0.5963987350463834,0.7197731841294621,0.14594866866693,-0.7,False
p1_fb_slide_cls_w120_stride10_spatA3_seed2_argmax_P,"{""batch_size"": 256, ""cache_stem"": ""regress_all_filt_abcd_ntcRaw_madk1p5_spatA3"", ""device"": ""cuda"", ""epochs"": 30, ""extraction_rule_family"": ""argmax"", ""extraction_rule_id"": ""argmax_P"", ""extraction_rule_label"": ""argmax(P) \u2014 sanity check"", ""k_consecutive"": 3, ""lr"": 0.001, ""max_train_pixels"": null, ""method"": ""P1.2 F-B sliding-window classifier (Paper 18 / Li et al. 2024 adaptation)"", ""n_params"": 180641, ""n_test_pixels"": 5014, ""n_train_pixels"": 17225, ""n_val_pixels"": 5678, ""samples_per_min"": 15, ""seed"": 2, ""stride"": 10, ""window"": 120}",3.806723785400391,1.7663281951904326,-1.3672718048095671,0.9724849711653364,0.0679601782471109,-1.0,True
p1_fb_slide_cls_w120_stride10_spatA3_seed2_first_local_max,"{""batch_size"": 256, ""cache_stem"": ""regress_all_filt_abcd_ntcRaw_madk1p5_spatA3"", ""device"": ""cuda"", ""epochs"": 30, ""extraction_rule_family"": ""argmax"", ""extraction_rule_id"": ""first_local_max"", ""extraction_rule_label"": ""first local max of P"", ""k_consecutive"": 3, ""lr"": 0.001, ""max_train_pixels"": null, ""method"": ""P1.2 F-B sliding-window classifier (Paper 18 / Li et al. 2024 adaptation)"", ""n_params"": 180641, ""n_test_pixels"": 5014, ""n_train_pixels"": 17225, ""n_val_pixels"": 5678, ""samples_per_min"": 15, ""seed"": 2, ""stride"": 10, ""window"": 120}",6.692917156219482,3.231351903533936,0.097751903533936,0.1146905722601482,0.3863149593684701,0.3,False
p1_fb_slide_cls_w30_stride3_spatA3_seed0_first_above_K1_thr0p5,"{""batch_size"": 256, ""cache_stem"": ""regress_all_filt_abcd_ntcRaw_madk1p5_spatA3"", ""device"": ""cuda"", ""epochs"": 30, ""extraction_rule_family"": ""threshold"", ""extraction_rule_id"": ""first_above_K1_thr0p5"", ""extraction_rule_label"": ""first t: P>0.5 (K=1)"", ""k_consecutive"": 3, ""lr"": 0.001, ""max_train_pixels"": null, ""method"": ""P1.2 F-B sliding-window classifier (Paper 18 / Li et al. 2024 adaptation)"", ""n_params"": 135585, ""n_test_pixels"": 5014, ""n_train_pixels"": 17225, ""n_val_pixels"": 5678, ""samples_per_min"": 15, ""seed"": 0, ""stride"": 3, ""window"": 30}",4.113156127929687,3.386658338165285,0.253058338165285,0.0910235206973,0.1886526494797253,0.0999999999999999,False
p1_fb_slide_cls_w30_stride3_spatA3_seed0_first_above_K2_thr0p5,"{""batch_size"": 256, ""cache_stem"": ""regress_all_filt_abcd_ntcRaw_madk1p5_spatA3"", ""device"": ""cuda"", ""epochs"": 30, ""extraction_rule_family"": ""threshold"", ""extraction_rule_id"": ""first_above_K2_thr0p5"", ""extraction_rule_label"": ""first t: P>0.5 (K=2)"", ""k_consecutive"": 3, ""lr"": 0.001, ""max_train_pixels"": null, ""method"": ""P1.2 F-B sliding-window classifier (Paper 18 / Li et al. 2024 adaptation)"", ""n_params"": 135585, ""n_test_pixels"": 5014, ""n_train_pixels"": 17225, ""n_val_pixels"": 5678, ""samples_per_min"": 15, ""seed"": 0, ""stride"": 3, ""window"": 30}",4.03148078918457,3.2813762222290057,0.1477762222290058,0.035486516367882,0.1724361392273391,0.0999999999999999,False
p1_fb_slide_cls_w30_stride3_spatA3_seed0_first_above_K3_thr0p5,"{""batch_size"": 256, ""cache_stem"": ""regress_all_filt_abcd_ntcRaw_madk1p5_spatA3"", ""device"": ""cuda"", ""epochs"": 30, ""extraction_rule_family"": ""threshold"", ""extraction_rule_id"": ""first_above_K3_thr0p5"", ""extraction_rule_label"": ""first t: P>0.5 (K=3, F-B default)"", ""k_consecutive"": 3, ""lr"": 0.001, ""max_train_pixels"": null, ""method"": ""P1.2 F-B sliding-window classifier (Paper 18 / Li et al. 2024 adaptation)"", ""n_params"": 135585, ""n_test_pixels"": 5014, ""n_train_pixels"": 17225, ""n_val_pixels"": 5678, ""samples_per_min"": 15, ""seed"": 0, ""stride"": 3, ""window"": 30}",3.9843074798583986,3.2197578941345233,0.0861578941345233,0.0124599768481845,0.1640382712782783,0.0999999999999999,False
p1_fb_slide_cls_w30_stride3_spatA3_seed0_first_above_K5_thr0p5,"{""batch_size"": 256, ""cache_stem"": ""regress_all_filt_abcd_ntcRaw_madk1p5_spatA3"", ""device"": ""cuda"", ""epochs"": 30, ""extraction_rule_family"": ""threshold"", ""extraction_rule_id"": ""first_above_K5_thr0p5"", ""extraction_rule_label"": ""first t: P>0.5 (K=5)"", ""k_consecutive"": 3, ""lr"": 0.001, ""max_train_pixels"": null, ""method"": ""P1.2 F-B sliding-window classifier (Paper 18 / Li et al. 2024 adaptation)"", ""n_params"": 135585, ""n_test_pixels"": 5014, ""n_train_pixels"": 17225, ""n_val_pixels"": 5678, ""samples_per_min"": 15, ""seed"": 0, ""stride"": 3, ""window"": 30}",3.916270256042481,3.1414486442565943,0.0078486442565945,0.0001076843117938,0.1568871491632991,0.0999999999999999,False
p1_fb_slide_cls_w30_stride3_spatA3_seed0_first_above_K3_thr0p3,"{""batch_size"": 256, ""cache_stem"": ""regress_all_filt_abcd_ntcRaw_madk1p5_spatA3"", ""device"": ""cuda"", ""epochs"": 30, ""extraction_rule_family"": ""threshold"", ""extraction_rule_id"": ""first_above_K3_thr0p3"", ""extraction_rule_label"": ""first t: P>0.3 (K=3)"", ""k_consecutive"": 3, ""lr"": 0.001, ""max_train_pixels"": null, ""method"": ""P1.2 F-B sliding-window classifier (Paper 18 / Li et al. 2024 adaptation)"", ""n_params"": 135585, ""n_test_pixels"": 5014, ""n_train_pixels"": 17225, ""n_val_pixels"": 5678, ""samples_per_min"": 15, ""seed"": 0, ""stride"": 3, ""window"": 30}",4.382475090026856,3.594852212524415,0.461252212524415,0.2886102420516441,0.2191267686162944,0.3,False
p1_fb_slide_cls_w30_stride3_spatA3_seed0_first_above_K3_thr0p7,"{""batch_size"": 256, ""cache_stem"": ""regress_all_filt_abcd_ntcRaw_madk1p5_spatA3"", ""device"": ""cuda"", ""epochs"": 30, ""extraction_rule_family"": ""threshold"", ""extraction_rule_id"": ""first_above_K3_thr0p7"", ""extraction_rule_label"": ""first t: P>0.7 (K=3)"", ""k_consecutive"": 3, ""lr"": 0.001, ""max_train_pixels"": null, ""method"": ""P1.2 F-B sliding-window classifier (Paper 18 / Li et al. 2024 adaptation)"", ""n_params"": 135585, ""n_test_pixels"": 5014, ""n_train_pixels"": 17225, ""n_val_pixels"": 5678, ""samples_per_min"": 15, ""seed"": 0, ""stride"": 3, ""window"": 30}",3.5771020889282226,2.7528402839660675,-0.3807597160339326,0.26350551068026,0.1243002540784571,-0.3999999999999999,False
p1_fb_slide_cls_w30_stride3_spatA3_seed0_fraction_above_lb10_thr0p5_f0p5,"{""batch_size"": 256, ""cache_stem"": ""regress_all_filt_abcd_ntcRaw_madk1p5_spatA3"", ""device"": ""cuda"", ""epochs"": 30, ""extraction_rule_family"": ""threshold"", ""extraction_rule_id"": ""fraction_above_lb10_thr0p5_f0p5"", ""extraction_rule_label"": ""5-of-10 above 0.5"", ""k_consecutive"": 3, ""lr"": 0.001, ""max_train_pixels"": null, ""method"": ""P1.2 F-B sliding-window classifier (Paper 18 / Li et al. 2024 adaptation)"", ""n_params"": 135585, ""n_test_pixels"": 5014, ""n_train_pixels"": 17225, ""n_val_pixels"": 5678, ""samples_per_min"": 15, ""seed"": 0, ""stride"": 3, ""window"": 30}",3.838307189941406,3.22549147949219,0.09189147949219,0.0140412093885964,0.1775102606220795,0.0999999999999999,False
p1_fb_slide_cls_w30_stride3_spatA3_seed0_end_of_K3_run_thr0p5,"{""batch_size"": 256, ""cache_stem"": ""regress_all_filt_abcd_ntcRaw_madk1p5_spatA3"", ""device"": ""cuda"", ""epochs"": 30, ""extraction_rule_family"": ""threshold"", ""extraction_rule_id"": ""end_of_K3_run_thr0p5"", ""extraction_rule_label"": ""end of first K=3 run above 0.5"", ""k_consecutive"": 3, ""lr"": 0.001, ""max_train_pixels"": null, ""method"": ""P1.2 F-B sliding-window classifier (Paper 18 / Li et al. 2024 adaptation)"", ""n_params"": 135585, ""n_test_pixels"": 5014, ""n_train_pixels"": 17225, ""n_val_pixels"": 5678, ""samples_per_min"": 15, ""seed"": 0, ""stride"": 3, ""window"": 30}",4.064308547973633,3.219757989501954,0.0861579895019541,0.0124599874084659,0.1594454797076571,0.0999999999999999,False
p1_fb_slide_cls_w30_stride3_spatA3_seed0_linear_interp_thr0p5,"{""batch_size"": 256, ""cache_stem"": ""regress_all_filt_abcd_ntcRaw_madk1p5_spatA3"", ""device"": ""cuda"", ""epochs"": 30, ""extraction_rule_family"": ""interp"", ""extraction_rule_id"": ""linear_interp_thr0p5"", ""extraction_rule_label"": ""linear interp at P=0.5"", ""k_consecutive"": 3, ""lr"": 0.001, ""max_train_pixels"": null, ""method"": ""P1.2 F-B sliding-window classifier (Paper 18 / Li et al. 2024 adaptation)"", ""n_params"": 135585, ""n_test_pixels"": 5014, ""n_train_pixels"": 17225, ""n_val_pixels"": 5678, ""samples_per_min"": 15, ""seed"": 0, ""stride"": 3, ""window"": 30}",4.089484405517578,3.3825307403564473,0.2489307403564471,0.0885145317475207,0.1891980962578911,0.0999999999999999,False
p1_fb_slide_cls_w30_stride3_spatA3_seed0_linear_interp_thr0p3,"{""batch_size"": 256, ""cache_stem"": ""regress_all_filt_abcd_ntcRaw_madk1p5_spatA3"", ""device"": ""cuda"", ""epochs"": 30, ""extraction_rule_family"": ""interp"", ""extraction_rule_id"": ""linear_interp_thr0p3"", ""extraction_rule_label"": ""linear interp at P=0.3"", ""k_consecutive"": 3, ""lr"": 0.001, ""max_train_pixels"": null, ""method"": ""P1.2 F-B sliding-window classifier (Paper 18 / Li et al. 2024 adaptation)"", ""n_params"": 135585, ""n_test_pixels"": 5014, ""n_train_pixels"": 17225, ""n_val_pixels"": 5678, ""samples_per_min"": 15, ""seed"": 0, ""stride"": 3, ""window"": 30}",4.608565330505371,3.707964852905275,0.5743648529052747,0.3682661830649674,0.2455725051189112,0.6,False
p1_fb_slide_cls_w30_stride3_spatA3_seed0_sigmoid_fit_thr0p5,"{""batch_size"": 256, ""cache_stem"": ""regress_all_filt_abcd_ntcRaw_madk1p5_spatA3"", ""device"": ""cuda"", ""epochs"": 30, ""extraction_rule_family"": ""interp"", ""extraction_rule_id"": ""sigmoid_fit_thr0p5"", ""extraction_rule_label"": ""fit sigmoid, t at P=0.5"", ""k_consecutive"": 3, ""lr"": 0.001, ""max_train_pixels"": null, ""method"": ""P1.2 F-B sliding-window classifier (Paper 18 / Li et al. 2024 adaptation)"", ""n_params"": 135585, ""n_test_pixels"": 5014, ""n_train_pixels"": 17225, ""n_val_pixels"": 5678, ""samples_per_min"": 15, ""seed"": 0, ""stride"": 3, ""window"": 30}",3.632826423645019,2.9756307159423843,-0.1579692840576154,0.0748359249165001,0.1430279079590331,-0.3,False
p1_fb_slide_cls_w30_stride3_spatA3_seed0_first_deriv_peak,"{""batch_size"": 256, ""cache_stem"": ""regress_all_filt_abcd_ntcRaw_madk1p5_spatA3"", ""device"": ""cuda"", ""epochs"": 30, ""extraction_rule_family"": ""deriv"", ""extraction_rule_id"": ""first_deriv_peak"", ""extraction_rule_label"": ""argmax(dP/dt) \u2014 paper-6 analogue"", ""k_consecutive"": 3, ""lr"": 0.001, ""max_train_pixels"": null, ""method"": ""P1.2 F-B sliding-window classifier (Paper 18 / Li et al. 2024 adaptation)"", ""n_params"": 135585, ""n_test_pixels"": 5014, ""n_train_pixels"": 17225, ""n_val_pixels"": 5678, ""samples_per_min"": 15, ""seed"": 0, ""stride"": 3, ""window"": 30}",3.4170906066894533,2.428360513305666,-0.7052394866943337,0.6807643500383346,0.1566194013804082,-0.7,False
p1_fb_slide_cls_w30_stride3_spatA3_seed0_second_deriv_peak,"{""batch_size"": 256, ""cache_stem"": ""regress_all_filt_abcd_ntcRaw_madk1p5_spatA3"", ""device"": ""cuda"", ""epochs"": 30, ""extraction_rule_family"": ""deriv"", ""extraction_rule_id"": ""second_deriv_peak"", ""extraction_rule_label"": ""argmax(d\u00b2P/dt\u00b2) \u2014 SDM analogue"", ""k_consecutive"": 3, ""lr"": 0.001, ""max_train_pixels"": null, ""method"": ""P1.2 F-B sliding-window classifier (Paper 18 / Li et al. 2024 adaptation)"", ""n_params"": 135585, ""n_test_pixels"": 5014, ""n_train_pixels"": 17225, ""n_val_pixels"": 5678, ""samples_per_min"": 15, ""seed"": 0, ""stride"": 3, ""window"": 30}",3.9814849853515626,2.50762095794678,-0.6259790420532201,0.7198806965611174,0.1930671832922526,-0.8999999999999998,False
p1_fb_slide_cls_w30_stride3_spatA3_seed0_inflection_sigmoid,"{""batch_size"": 256, ""cache_stem"": ""regress_all_filt_abcd_ntcRaw_madk1p5_spatA3"", ""device"": ""cuda"", ""epochs"": 30, ""extraction_rule_family"": ""deriv"", ""extraction_rule_id"": ""inflection_sigmoid"", ""extraction_rule_label"": ""sigmoid inflection \u2014 Cy0 analogue"", ""k_consecutive"": 3, ""lr"": 0.001, ""max_train_pixels"": null, ""method"": ""P1.2 F-B sliding-window classifier (Paper 18 / Li et al. 2024 adaptation)"", ""n_params"": 135585, ""n_test_pixels"": 5014, ""n_train_pixels"": 17225, ""n_val_pixels"": 5678, ""samples_per_min"": 15, ""seed"": 0, ""stride"": 3, ""window"": 30}",3.632826423645019,2.9756307159423843,-0.1579692840576154,0.0748359249165001,0.1430279079590331,-0.3,False
p1_fb_slide_cls_w30_stride3_spatA3_seed0_argmax_P,"{""batch_size"": 256, ""cache_stem"": ""regress_all_filt_abcd_ntcRaw_madk1p5_spatA3"", ""device"": ""cuda"", ""epochs"": 30, ""extraction_rule_family"": ""argmax"", ""extraction_rule_id"": ""argmax_P"", ""extraction_rule_label"": ""argmax(P) \u2014 sanity check"", ""k_consecutive"": 3, ""lr"": 0.001, ""max_train_pixels"": null, ""method"": ""P1.2 F-B sliding-window classifier (Paper 18 / Li et al. 2024 adaptation)"", ""n_params"": 135585, ""n_test_pixels"": 5014, ""n_train_pixels"": 17225, ""n_val_pixels"": 5678, ""samples_per_min"": 15, ""seed"": 0, ""stride"": 3, ""window"": 30}",6.082337188720703,2.551919892883303,-0.5816801071166968,0.3249824044863595,0.1386222084930598,-0.3999999999999999,False
p1_fb_slide_cls_w30_stride3_spatA3_seed0_first_local_max,"{""batch_size"": 256, ""cache_stem"": ""regress_all_filt_abcd_ntcRaw_madk1p5_spatA3"", ""device"": ""cuda"", ""epochs"": 30, ""extraction_rule_family"": ""argmax"", ""extraction_rule_id"": ""first_local_max"", ""extraction_rule_label"": ""first local max of P"", ""k_consecutive"": 3, ""lr"": 0.001, ""max_train_pixels"": null, ""method"": ""P1.2 F-B sliding-window classifier (Paper 18 / Li et al. 2024 adaptation)"", ""n_params"": 135585, ""n_test_pixels"": 5014, ""n_train_pixels"": 17225, ""n_val_pixels"": 5678, ""samples_per_min"": 15, ""seed"": 0, ""stride"": 3, ""window"": 30}",11.89234824180603,3.188602093315125,0.0550020933151248,0.3543160363007597,0.2802016513824348,0.3,False
p1_fb_slide_cls_w30_stride3_spatA3_seed1_first_above_K1_thr0p5,"{""batch_size"": 256, ""cache_stem"": ""regress_all_filt_abcd_ntcRaw_madk1p5_spatA3"", ""device"": ""cuda"", ""epochs"": 30, ""extraction_rule_family"": ""threshold"", ""extraction_rule_id"": ""first_above_K1_thr0p5"", ""extraction_rule_label"": ""first t: P>0.5 (K=1)"", ""k_consecutive"": 3, ""lr"": 0.001, ""max_train_pixels"": null, ""method"": ""P1.2 F-B sliding-window classifier (Paper 18 / Li et al. 2024 adaptation)"", ""n_params"": 135585, ""n_test_pixels"": 5014, ""n_train_pixels"": 15912, ""n_val_pixels"": 6991, ""samples_per_min"": 15, ""seed"": 1, ""stride"": 3, ""window"": 30}",4.438403511047364,3.62630763397217,0.4927076339721702,0.2566859901897601,0.2379027198667032,0.3,False
p1_fb_slide_cls_w30_stride3_spatA3_seed1_first_above_K2_thr0p5,"{""batch_size"": 256, ""cache_stem"": ""regress_all_filt_abcd_ntcRaw_madk1p5_spatA3"", ""device"": ""cuda"", ""epochs"": 30, ""extraction_rule_family"": ""threshold"", ""extraction_rule_id"": ""first_above_K2_thr0p5"", ""extraction_rule_label"": ""first t: P>0.5 (K=2)"", ""k_consecutive"": 3, ""lr"": 0.001, ""max_train_pixels"": null, ""method"": ""P1.2 F-B sliding-window classifier (Paper 18 / Li et al. 2024 adaptation)"", ""n_params"": 135585, ""n_test_pixels"": 5014, ""n_train_pixels"": 15912, ""n_val_pixels"": 6991, ""samples_per_min"": 15, ""seed"": 1, ""stride"": 3, ""window"": 30}",4.421763229370117,3.52008204803467,0.38648204803467,0.1873957844619167,0.2217869660373473,0.0999999999999999,False
p1_fb_slide_cls_w30_stride3_spatA3_seed1_first_above_K3_thr0p5,"{""batch_size"": 256, ""cache_stem"": ""regress_all_filt_abcd_ntcRaw_madk1p5_spatA3"", ""device"": ""cuda"", ""epochs"": 30, ""extraction_rule_family"": ""threshold"", ""extraction_rule_id"": ""first_above_K3_thr0p5"", ""extraction_rule_label"": ""first t: P>0.5 (K=3, F-B default)"", ""k_consecutive"": 3, ""lr"": 0.001, ""max_train_pixels"": null, ""method"": ""P1.2 F-B sliding-window classifier (Paper 18 / Li et al. 2024 adaptation)"", ""n_params"": 135585, ""n_test_pixels"": 5014, ""n_train_pixels"": 15912, ""n_val_pixels"": 6991, ""samples_per_min"": 15, ""seed"": 1, ""stride"": 3, ""window"": 30}",4.378004837036133,3.4100066696167013,0.2764066696167013,0.1206696789624615,0.2102912186385815,0.0999999999999999,False
p1_fb_slide_cls_w30_stride3_spatA3_seed1_first_above_K5_thr0p5,"{""batch_size"": 256, ""cache_stem"": ""regress_all_filt_abcd_ntcRaw_madk1p5_spatA3"", ""device"": ""cuda"", ""epochs"": 30, ""extraction_rule_family"": ""threshold"", ""extraction_rule_id"": ""first_above_K5_thr0p5"", ""extraction_rule_label"": ""first t: P>0.5 (K=5)"", ""k_consecutive"": 3, ""lr"": 0.001, ""max_train_pixels"": null, ""method"": ""P1.2 F-B sliding-window classifier (Paper 18 / Li et al. 2024 adaptation)"", ""n_params"": 135585, ""n_test_pixels"": 5014, ""n_train_pixels"": 15912, ""n_val_pixels"": 6991, ""samples_per_min"": 15, ""seed"": 1, ""stride"": 3, ""window"": 30}",4.235943984985352,3.1698951278686547,0.0362951278686547,0.0034354944772713,0.195532493051845,0.0999999999999999,False
p1_fb_slide_cls_w30_stride3_spatA3_seed1_first_above_K3_thr0p3,"{""batch_size"": 256, ""cache_stem"": ""regress_all_filt_abcd_ntcRaw_madk1p5_spatA3"", ""device"": ""cuda"", ""epochs"": 30, ""extraction_rule_family"": ""threshold"", ""extraction_rule_id"": ""first_above_K3_thr0p3"", ""extraction_rule_label"": ""first t: P>0.3 (K=3)"", ""k_consecutive"": 3, ""lr"": 0.001, ""max_train_pixels"": null, ""method"": ""P1.2 F-B sliding-window classifier (Paper 18 / Li et al. 2024 adaptation)"", ""n_params"": 135585, ""n_test_pixels"": 5014, ""n_train_pixels"": 15912, ""n_val_pixels"": 6991, ""samples_per_min"": 15, ""seed"": 1, ""stride"": 3, ""window"": 30}",4.452182579040527,3.7355827842712417,0.6019827842712416,0.3745386146478386,0.2521308527037416,0.6,False
p1_fb_slide_cls_w30_stride3_spatA3_seed1_first_above_K3_thr0p7,"{""batch_size"": 256, ""cache_stem"": ""regress_all_filt_abcd_ntcRaw_madk1p5_spatA3"", ""device"": ""cuda"", ""epochs"": 30, ""extraction_rule_family"": ""threshold"", ""extraction_rule_id"": ""first_above_K3_thr0p7"", ""extraction_rule_label"": ""first t: P>0.7 (K=3)"", ""k_consecutive"": 3, ""lr"": 0.001, ""max_train_pixels"": null, ""method"": ""P1.2 F-B sliding-window classifier (Paper 18 / Li et al. 2024 adaptation)"", ""n_params"": 135585, ""n_test_pixels"": 5014, ""n_train_pixels"": 15912, ""n_val_pixels"": 6991, ""samples_per_min"": 15, ""seed"": 1, ""stride"": 3, ""window"": 30}",4.19078311920166,2.8627551589965847,-0.2708448410034151,0.2114209789244658,0.1676520550210968,-0.3,False
p1_fb_slide_cls_w30_stride3_spatA3_seed1_fraction_above_lb10_thr0p5_f0p5,"{""batch_size"": 256, ""cache_stem"": ""regress_all_filt_abcd_ntcRaw_madk1p5_spatA3"", ""device"": ""cuda"", ""epochs"": 30, ""extraction_rule_family"": ""threshold"", ""extraction_rule_id"": ""fraction_above_lb10_thr0p5_f0p5"", ""extraction_rule_label"": ""5-of-10 above 0.5"", ""k_consecutive"": 3, ""lr"": 0.001, ""max_train_pixels"": null, ""method"": ""P1.2 F-B sliding-window classifier (Paper 18 / Li et al. 2024 adaptation)"", ""n_params"": 135585, ""n_test_pixels"": 5014, ""n_train_pixels"": 15912, ""n_val_pixels"": 6991, ""samples_per_min"": 15, ""seed"": 1, ""stride"": 3, ""window"": 30}",4.062081146240234,3.284905580139162,0.1513055801391619,0.0451411716629344,0.2152366353410081,0.0999999999999999,False
p1_fb_slide_cls_w30_stride3_spatA3_seed1_end_of_K3_run_thr0p5,"{""batch_size"": 256, ""cache_stem"": ""regress_all_filt_abcd_ntcRaw_madk1p5_spatA3"", ""device"": ""cuda"", ""epochs"": 30, ""extraction_rule_family"": ""threshold"", ""extraction_rule_id"": ""end_of_K3_run_thr0p5"", ""extraction_rule_label"": ""end of first K=3 run above 0.5"", ""k_consecutive"": 3, ""lr"": 0.001, ""max_train_pixels"": null, ""method"": ""P1.2 F-B sliding-window classifier (Paper 18 / Li et al. 2024 adaptation)"", ""n_params"": 135585, ""n_test_pixels"": 5014, ""n_train_pixels"": 15912, ""n_val_pixels"": 6991, ""samples_per_min"": 15, ""seed"": 1, ""stride"": 3, ""window"": 30}",4.459037971496582,3.4110402618408213,0.2774402618408213,0.1212076709832939,0.2045000031109684,0.0999999999999999,False
p1_fb_slide_cls_w30_stride3_spatA3_seed1_linear_interp_thr0p5,"{""batch_size"": 256, ""cache_stem"": ""regress_all_filt_abcd_ntcRaw_madk1p5_spatA3"", ""device"": ""cuda"", ""epochs"": 30, ""extraction_rule_family"": ""interp"", ""extraction_rule_id"": ""linear_interp_thr0p5"", ""extraction_rule_label"": ""linear interp at P=0.5"", ""k_consecutive"": 3, ""lr"": 0.001, ""max_train_pixels"": null, ""method"": ""P1.2 F-B sliding-window classifier (Paper 18 / Li et al. 2024 adaptation)"", ""n_params"": 135585, ""n_test_pixels"": 5014, ""n_train_pixels"": 15912, ""n_val_pixels"": 6991, ""samples_per_min"": 15, ""seed"": 1, ""stride"": 3, ""window"": 30}",4.419939041137695,3.6253998313903826,0.4917998313903824,0.2563842368605838,0.2390721675914355,0.3,False
p1_fb_slide_cls_w30_stride3_spatA3_seed1_linear_interp_thr0p3,"{""batch_size"": 256, ""cache_stem"": ""regress_all_filt_abcd_ntcRaw_madk1p5_spatA3"", ""device"": ""cuda"", ""epochs"": 30, ""extraction_rule_family"": ""interp"", ""extraction_rule_id"": ""linear_interp_thr0p3"", ""extraction_rule_label"": ""linear interp at P=0.3"", ""k_consecutive"": 3, ""lr"": 0.001, ""max_train_pixels"": null, ""method"": ""P1.2 F-B sliding-window classifier (Paper 18 / Li et al. 2024 adaptation)"", ""n_params"": 135585, ""n_test_pixels"": 5014, ""n_train_pixels"": 15912, ""n_val_pixels"": 6991, ""samples_per_min"": 15, ""seed"": 1, ""stride"": 3, ""window"": 30}",4.689798736572266,3.8280973945617687,0.6944973945617686,0.4372452451751514,0.2860925040051875,0.6,False
p1_fb_slide_cls_w30_stride3_spatA3_seed1_sigmoid_fit_thr0p5,"{""batch_size"": 256, ""cache_stem"": ""regress_all_filt_abcd_ntcRaw_madk1p5_spatA3"", ""device"": ""cuda"", ""epochs"": 30, ""extraction_rule_family"": ""interp"", ""extraction_rule_id"": ""sigmoid_fit_thr0p5"", ""extraction_rule_label"": ""fit sigmoid, t at P=0.5"", ""k_consecutive"": 3, ""lr"": 0.001, ""max_train_pixels"": null, ""method"": ""P1.2 F-B sliding-window classifier (Paper 18 / Li et al. 2024 adaptation)"", ""n_params"": 135585, ""n_test_pixels"": 5014, ""n_train_pixels"": 15912, ""n_val_pixels"": 6991, ""samples_per_min"": 15, ""seed"": 1, ""stride"": 3, ""window"": 30}",4.198556709289551,2.999697831726076,-0.1339021682739239,0.1230462008894482,0.1987393984669019,-0.0999999999999999,False
p1_fb_slide_cls_w30_stride3_spatA3_seed1_first_deriv_peak,"{""batch_size"": 256, ""cache_stem"": ""regress_all_filt_abcd_ntcRaw_madk1p5_spatA3"", ""device"": ""cuda"", ""epochs"": 30, ""extraction_rule_family"": ""deriv"", ""extraction_rule_id"": ""first_deriv_peak"", ""extraction_rule_label"": ""argmax(dP/dt) \u2014 paper-6 analogue"", ""k_consecutive"": 3, ""lr"": 0.001, ""max_train_pixels"": null, ""method"": ""P1.2 F-B sliding-window classifier (Paper 18 / Li et al. 2024 adaptation)"", ""n_params"": 135585, ""n_test_pixels"": 5014, ""n_train_pixels"": 15912, ""n_val_pixels"": 6991, ""samples_per_min"": 15, ""seed"": 1, ""stride"": 3, ""window"": 30}",5.036451721191407,2.272135118103031,-0.861464881896969,0.880878117998552,0.1872879108466044,-1.0,True
p1_fb_slide_cls_w30_stride3_spatA3_seed1_second_deriv_peak,"{""batch_size"": 256, ""cache_stem"": ""regress_all_filt_abcd_ntcRaw_madk1p5_spatA3"", ""device"": ""cuda"", ""epochs"": 30, ""extraction_rule_family"": ""deriv"", ""extraction_rule_id"": ""second_deriv_peak"", ""extraction_rule_label"": ""argmax(d\u00b2P/dt\u00b2) \u2014 SDM analogue"", ""k_consecutive"": 3, ""lr"": 0.001, ""max_train_pixels"": null, ""method"": ""P1.2 F-B sliding-window classifier (Paper 18 / Li et al. 2024 adaptation)"", ""n_params"": 135585, ""n_test_pixels"": 5014, ""n_train_pixels"": 15912, ""n_val_pixels"": 6991, ""samples_per_min"": 15, ""seed"": 1, ""stride"": 3, ""window"": 30}",5.572649002075195,2.218201783752444,-0.915398216247556,0.9301727531931664,0.165679418217281,-1.0,True
p1_fb_slide_cls_w30_stride3_spatA3_seed1_inflection_sigmoid,"{""batch_size"": 256, ""cache_stem"": ""regress_all_filt_abcd_ntcRaw_madk1p5_spatA3"", ""device"": ""cuda"", ""epochs"": 30, ""extraction_rule_family"": ""deriv"", ""extraction_rule_id"": ""inflection_sigmoid"", ""extraction_rule_label"": ""sigmoid inflection \u2014 Cy0 analogue"", ""k_consecutive"": 3, ""lr"": 0.001, ""max_train_pixels"": null, ""method"": ""P1.2 F-B sliding-window classifier (Paper 18 / Li et al. 2024 adaptation)"", ""n_params"": 135585, ""n_test_pixels"": 5014, ""n_train_pixels"": 15912, ""n_val_pixels"": 6991, ""samples_per_min"": 15, ""seed"": 1, ""stride"": 3, ""window"": 30}",4.198556709289551,2.999697831726076,-0.1339021682739239,0.1230462008894482,0.1987393984669019,-0.0999999999999999,False
p1_fb_slide_cls_w30_stride3_spatA3_seed1_argmax_P,"{""batch_size"": 256, ""cache_stem"": ""regress_all_filt_abcd_ntcRaw_madk1p5_spatA3"", ""device"": ""cuda"", ""epochs"": 30, ""extraction_rule_family"": ""argmax"", ""extraction_rule_id"": ""argmax_P"", ""extraction_rule_label"": ""argmax(P) \u2014 sanity check"", ""k_consecutive"": 3, ""lr"": 0.001, ""max_train_pixels"": null, ""method"": ""P1.2 F-B sliding-window classifier (Paper 18 / Li et al. 2024 adaptation)"", ""n_params"": 135585, ""n_test_pixels"": 5014, ""n_train_pixels"": 15912, ""n_val_pixels"": 6991, ""samples_per_min"": 15, ""seed"": 1, ""stride"": 3, ""window"": 30}",9.138373565673827,3.584821466064454,0.4512214660644539,0.1380495726949878,0.1273165974363795,0.3,False
p1_fb_slide_cls_w30_stride3_spatA3_seed1_first_local_max,"{""batch_size"": 256, ""cache_stem"": ""regress_all_filt_abcd_ntcRaw_madk1p5_spatA3"", ""device"": ""cuda"", ""epochs"": 30, ""extraction_rule_family"": ""argmax"", ""extraction_rule_id"": ""first_local_max"", ""extraction_rule_label"": ""first local max of P"", ""k_consecutive"": 3, ""lr"": 0.001, ""max_train_pixels"": null, ""method"": ""P1.2 F-B sliding-window classifier (Paper 18 / Li et al. 2024 adaptation)"", ""n_params"": 135585, ""n_test_pixels"": 5014, ""n_train_pixels"": 15912, ""n_val_pixels"": 6991, ""samples_per_min"": 15, ""seed"": 1, ""stride"": 3, ""window"": 30}",12.770103144645692,3.12370546207428,-0.00989453792572,0.4449699394925159,0.2039693547319427,-0.8999999999999998,False
p1_fb_slide_cls_w30_stride3_spatA3_seed2_first_above_K1_thr0p5,"{""batch_size"": 256, ""cache_stem"": ""regress_all_filt_abcd_ntcRaw_madk1p5_spatA3"", ""device"": ""cuda"", ""epochs"": 30, ""extraction_rule_family"": ""threshold"", ""extraction_rule_id"": ""first_above_K1_thr0p5"", ""extraction_rule_label"": ""first t: P>0.5 (K=1)"", ""k_consecutive"": 3, ""lr"": 0.001, ""max_train_pixels"": null, ""method"": ""P1.2 F-B sliding-window classifier (Paper 18 / Li et al. 2024 adaptation)"", ""n_params"": 135585, ""n_test_pixels"": 5014, ""n_train_pixels"": 17225, ""n_val_pixels"": 5678, ""samples_per_min"": 15, ""seed"": 2, ""stride"": 3, ""window"": 30}",4.265339088439942,3.5670041595459,0.4334041595459001,0.1945698462123352,0.2325305225407229,0.3,False
p1_fb_slide_cls_w30_stride3_spatA3_seed2_first_above_K2_thr0p5,"{""batch_size"": 256, ""cache_stem"": ""regress_all_filt_abcd_ntcRaw_madk1p5_spatA3"", ""device"": ""cuda"", ""epochs"": 30, ""extraction_rule_family"": ""threshold"", ""extraction_rule_id"": ""first_above_K2_thr0p5"", ""extraction_rule_label"": ""first t: P>0.5 (K=2)"", ""k_consecutive"": 3, ""lr"": 0.001, ""max_train_pixels"": null, ""method"": ""P1.2 F-B sliding-window classifier (Paper 18 / Li et al. 2024 adaptation)"", ""n_params"": 135585, ""n_test_pixels"": 5014, ""n_train_pixels"": 17225, ""n_val_pixels"": 5678, ""samples_per_min"": 15, ""seed"": 2, ""stride"": 3, ""window"": 30}",4.122786903381348,3.3746664558410657,0.2410664558410659,0.0787878373892088,0.2021188767240944,0.0999999999999999,False
p1_fb_slide_cls_w30_stride3_spatA3_seed2_first_above_K3_thr0p5,"{""batch_size"": 256, ""cache_stem"": ""regress_all_filt_abcd_ntcRaw_madk1p5_spatA3"", ""device"": ""cuda"", ""epochs"": 30, ""extraction_rule_family"": ""threshold"", ""extraction_rule_id"": ""first_above_K3_thr0p5"", ""extraction_rule_label"": ""first t: P>0.5 (K=3, F-B default)"", ""k_consecutive"": 3, ""lr"": 0.001, ""max_train_pixels"": null, ""method"": ""P1.2 F-B sliding-window classifier (Paper 18 / Li et al. 2024 adaptation)"", ""n_params"": 135585, ""n_test_pixels"": 5014, ""n_train_pixels"": 17225, ""n_val_pixels"": 5678, ""samples_per_min"": 15, ""seed"": 2, ""stride"": 3, ""window"": 30}",3.997037506103516,3.2192682777404804,0.0856682777404804,0.012276997277509,0.1811197148502406,0.0999999999999999,False
p1_fb_slide_cls_w30_stride3_spatA3_seed2_first_above_K5_thr0p5,"{""batch_size"": 256, ""cache_stem"": ""regress_all_filt_abcd_ntcRaw_madk1p5_spatA3"", ""device"": ""cuda"", ""epochs"": 30, ""extraction_rule_family"": ""threshold"", ""extraction_rule_id"": ""first_above_K5_thr0p5"", ""extraction_rule_label"": ""first t: P>0.5 (K=5)"", ""k_consecutive"": 3, ""lr"": 0.001, ""max_train_pixels"": null, ""method"": ""P1.2 F-B sliding-window classifier (Paper 18 / Li et al. 2024 adaptation)"", ""n_params"": 135585, ""n_test_pixels"": 5014, ""n_train_pixels"": 17225, ""n_val_pixels"": 5678, ""samples_per_min"": 15, ""seed"": 2, ""stride"": 3, ""window"": 30}",3.695176124572754,2.9114394699096713,-0.2221605300903288,0.1056678361455594,0.1541958518643432,-0.3,False
p1_fb_slide_cls_w30_stride3_spatA3_seed2_first_above_K3_thr0p3,"{""batch_size"": 256, ""cache_stem"": ""regress_all_filt_abcd_ntcRaw_madk1p5_spatA3"", ""device"": ""cuda"", ""epochs"": 30, ""extraction_rule_family"": ""threshold"", ""extraction_rule_id"": ""first_above_K3_thr0p3"", ""extraction_rule_label"": ""first t: P>0.3 (K=3)"", ""k_consecutive"": 3, ""lr"": 0.001, ""max_train_pixels"": null, ""method"": ""P1.2 F-B sliding-window classifier (Paper 18 / Li et al. 2024 adaptation)"", ""n_params"": 135585, ""n_test_pixels"": 5014, ""n_train_pixels"": 17225, ""n_val_pixels"": 5678, ""samples_per_min"": 15, ""seed"": 2, ""stride"": 3, ""window"": 30}",4.277778244018554,3.592156652069093,0.458556652069093,0.229705475980216,0.2323995418132466,0.3,False
p1_fb_slide_cls_w30_stride3_spatA3_seed2_first_above_K3_thr0p7,"{""batch_size"": 256, ""cache_stem"": ""regress_all_filt_abcd_ntcRaw_madk1p5_spatA3"", ""device"": ""cuda"", ""epochs"": 30, ""extraction_rule_family"": ""threshold"", ""extraction_rule_id"": ""first_above_K3_thr0p7"", ""extraction_rule_label"": ""first t: P>0.7 (K=3)"", ""k_consecutive"": 3, ""lr"": 0.001, ""max_train_pixels"": null, ""method"": ""P1.2 F-B sliding-window classifier (Paper 18 / Li et al. 2024 adaptation)"", ""n_params"": 135585, ""n_test_pixels"": 5014, ""n_train_pixels"": 17225, ""n_val_pixels"": 5678, ""samples_per_min"": 15, ""seed"": 2, ""stride"": 3, ""window"": 30}",3.3137275695800783,2.5114509140014665,-0.6221490859985332,0.6281746705864222,0.1311330709422275,-0.7,False
p1_fb_slide_cls_w30_stride3_spatA3_seed2_fraction_above_lb10_thr0p5_f0p5,"{""batch_size"": 256, ""cache_stem"": ""regress_all_filt_abcd_ntcRaw_madk1p5_spatA3"", ""device"": ""cuda"", ""epochs"": 30, ""extraction_rule_family"": ""threshold"", ""extraction_rule_id"": ""fraction_above_lb10_thr0p5_f0p5"", ""extraction_rule_label"": ""5-of-10 above 0.5"", ""k_consecutive"": 3, ""lr"": 0.001, ""max_train_pixels"": null, ""method"": ""P1.2 F-B sliding-window classifier (Paper 18 / Li et al. 2024 adaptation)"", ""n_params"": 135585, ""n_test_pixels"": 5014, ""n_train_pixels"": 17225, ""n_val_pixels"": 5678, ""samples_per_min"": 15, ""seed"": 2, ""stride"": 3, ""window"": 30}",3.740606498718262,3.1628058944702175,0.0292058944702174,0.0015393772223314,0.1851218020261991,0.0999999999999999,False
p1_fb_slide_cls_w30_stride3_spatA3_seed2_end_of_K3_run_thr0p5,"{""batch_size"": 256, ""cache_stem"": ""regress_all_filt_abcd_ntcRaw_madk1p5_spatA3"", ""device"": ""cuda"", ""epochs"": 30, ""extraction_rule_family"": ""threshold"", ""extraction_rule_id"": ""end_of_K3_run_thr0p5"", ""extraction_rule_label"": ""end of first K=3 run above 0.5"", ""k_consecutive"": 3, ""lr"": 0.001, ""max_train_pixels"": null, ""method"": ""P1.2 F-B sliding-window classifier (Paper 18 / Li et al. 2024 adaptation)"", ""n_params"": 135585, ""n_test_pixels"": 5014, ""n_train_pixels"": 17225, ""n_val_pixels"": 5678, ""samples_per_min"": 15, ""seed"": 2, ""stride"": 3, ""window"": 30}",4.077037048339844,3.2192678009033227,0.0856678009033228,0.0122768516701401,0.1760700711698021,0.0999999999999999,False
p1_fb_slide_cls_w30_stride3_spatA3_seed2_linear_interp_thr0p5,"{""batch_size"": 256, ""cache_stem"": ""regress_all_filt_abcd_ntcRaw_madk1p5_spatA3"", ""device"": ""cuda"", ""epochs"": 30, ""extraction_rule_family"": ""interp"", ""extraction_rule_id"": ""linear_interp_thr0p5"", ""extraction_rule_label"": ""linear interp at P=0.5"", ""k_consecutive"": 3, ""lr"": 0.001, ""max_train_pixels"": null, ""method"": ""P1.2 F-B sliding-window classifier (Paper 18 / Li et al. 2024 adaptation)"", ""n_params"": 135585, ""n_test_pixels"": 5014, ""n_train_pixels"": 17225, ""n_val_pixels"": 5678, ""samples_per_min"": 15, ""seed"": 2, ""stride"": 3, ""window"": 30}",4.24229679107666,3.5631436859130874,0.4295436859130874,0.1920198614870594,0.2334115344016772,0.3,False
p1_fb_slide_cls_w30_stride3_spatA3_seed2_linear_interp_thr0p3,"{""batch_size"": 256, ""cache_stem"": ""regress_all_filt_abcd_ntcRaw_madk1p5_spatA3"", ""device"": ""cuda"", ""epochs"": 30, ""extraction_rule_family"": ""interp"", ""extraction_rule_id"": ""linear_interp_thr0p3"", ""extraction_rule_label"": ""linear interp at P=0.3"", ""k_consecutive"": 3, ""lr"": 0.001, ""max_train_pixels"": null, ""method"": ""P1.2 F-B sliding-window classifier (Paper 18 / Li et al. 2024 adaptation)"", ""n_params"": 135585, ""n_test_pixels"": 5014, ""n_train_pixels"": 17225, ""n_val_pixels"": 5678, ""samples_per_min"": 15, ""seed"": 2, ""stride"": 3, ""window"": 30}",4.7257640838623045,3.7982896362304697,0.66468963623047,0.3837481560399179,0.284046238445328,0.6,False
p1_fb_slide_cls_w30_stride3_spatA3_seed2_sigmoid_fit_thr0p5,"{""batch_size"": 256, ""cache_stem"": ""regress_all_filt_abcd_ntcRaw_madk1p5_spatA3"", ""device"": ""cuda"", ""epochs"": 30, ""extraction_rule_family"": ""interp"", ""extraction_rule_id"": ""sigmoid_fit_thr0p5"", ""extraction_rule_label"": ""fit sigmoid, t at P=0.5"", ""k_consecutive"": 3, ""lr"": 0.001, ""max_train_pixels"": null, ""method"": ""P1.2 F-B sliding-window classifier (Paper 18 / Li et al. 2024 adaptation)"", ""n_params"": 135585, ""n_test_pixels"": 5014, ""n_train_pixels"": 17225, ""n_val_pixels"": 5678, ""samples_per_min"": 15, ""seed"": 2, ""stride"": 3, ""window"": 30}",3.3610824584960937,2.6758521591186537,-0.4577478408813463,0.5228849351935785,0.1230389462565053,-0.7,False
p1_fb_slide_cls_w30_stride3_spatA3_seed2_first_deriv_peak,"{""batch_size"": 256, ""cache_stem"": ""regress_all_filt_abcd_ntcRaw_madk1p5_spatA3"", ""device"": ""cuda"", ""epochs"": 30, ""extraction_rule_family"": ""deriv"", ""extraction_rule_id"": ""first_deriv_peak"", ""extraction_rule_label"": ""argmax(dP/dt) \u2014 paper-6 analogue"", ""k_consecutive"": 3, ""lr"": 0.001, ""max_train_pixels"": null, ""method"": ""P1.2 F-B sliding-window classifier (Paper 18 / Li et al. 2024 adaptation)"", ""n_params"": 135585, ""n_test_pixels"": 5014, ""n_train_pixels"": 17225, ""n_val_pixels"": 5678, ""samples_per_min"": 15, ""seed"": 2, ""stride"": 3, ""window"": 30}",4.487903213500976,2.4179427658081085,-0.7156572341918916,0.6750253417302936,0.2734261052216835,-0.7,False
p1_fb_slide_cls_w30_stride3_spatA3_seed2_second_deriv_peak,"{""batch_size"": 256, ""cache_stem"": ""regress_all_filt_abcd_ntcRaw_madk1p5_spatA3"", ""device"": ""cuda"", ""epochs"": 30, ""extraction_rule_family"": ""deriv"", ""extraction_rule_id"": ""second_deriv_peak"", ""extraction_rule_label"": ""argmax(d\u00b2P/dt\u00b2) \u2014 SDM analogue"", ""k_consecutive"": 3, ""lr"": 0.001, ""max_train_pixels"": null, ""method"": ""P1.2 F-B sliding-window classifier (Paper 18 / Li et al. 2024 adaptation)"", ""n_params"": 135585, ""n_test_pixels"": 5014, ""n_train_pixels"": 17225, ""n_val_pixels"": 5678, ""samples_per_min"": 15, ""seed"": 2, ""stride"": 3, ""window"": 30}",5.945891952514648,2.6709794555664095,-0.4626205444335906,0.3459422006249588,0.2423275151374194,-0.0999999999999999,False
p1_fb_slide_cls_w30_stride3_spatA3_seed2_inflection_sigmoid,"{""batch_size"": 256, ""cache_stem"": ""regress_all_filt_abcd_ntcRaw_madk1p5_spatA3"", ""device"": ""cuda"", ""epochs"": 30, ""extraction_rule_family"": ""deriv"", ""extraction_rule_id"": ""inflection_sigmoid"", ""extraction_rule_label"": ""sigmoid inflection \u2014 Cy0 analogue"", ""k_consecutive"": 3, ""lr"": 0.001, ""max_train_pixels"": null, ""method"": ""P1.2 F-B sliding-window classifier (Paper 18 / Li et al. 2024 adaptation)"", ""n_params"": 135585, ""n_test_pixels"": 5014, ""n_train_pixels"": 17225, ""n_val_pixels"": 5678, ""samples_per_min"": 15, ""seed"": 2, ""stride"": 3, ""window"": 30}",3.3610824584960937,2.6758521591186537,-0.4577478408813463,0.5228849351935785,0.1230389462565053,-0.7,False
p1_fb_slide_cls_w30_stride3_spatA3_seed2_argmax_P,"{""batch_size"": 256, ""cache_stem"": ""regress_all_filt_abcd_ntcRaw_madk1p5_spatA3"", ""device"": ""cuda"", ""epochs"": 30, ""extraction_rule_family"": ""argmax"", ""extraction_rule_id"": ""argmax_P"", ""extraction_rule_label"": ""argmax(P) \u2014 sanity check"", ""k_consecutive"": 3, ""lr"": 0.001, ""max_train_pixels"": null, ""method"": ""P1.2 F-B sliding-window classifier (Paper 18 / Li et al. 2024 adaptation)"", ""n_params"": 135585, ""n_test_pixels"": 5014, ""n_train_pixels"": 17225, ""n_val_pixels"": 5678, ""samples_per_min"": 15, ""seed"": 2, ""stride"": 3, ""window"": 30}",6.172434997558594,2.06625361785889,-1.06734638214111,0.7835366796645796,0.1458474287111988,-0.8999999999999998,False
p1_fb_slide_cls_w30_stride3_spatA3_seed2_first_local_max,"{""batch_size"": 256, ""cache_stem"": ""regress_all_filt_abcd_ntcRaw_madk1p5_spatA3"", ""device"": ""cuda"", ""epochs"": 30, ""extraction_rule_family"": ""argmax"", ""extraction_rule_id"": ""first_local_max"", ""extraction_rule_label"": ""first local max of P"", ""k_consecutive"": 3, ""lr"": 0.001, ""max_train_pixels"": null, ""method"": ""P1.2 F-B sliding-window classifier (Paper 18 / Li et al. 2024 adaptation)"", ""n_params"": 135585, ""n_test_pixels"": 5014, ""n_train_pixels"": 17225, ""n_val_pixels"": 5678, ""samples_per_min"": 15, ""seed"": 2, ""stride"": 3, ""window"": 30}",12.666451025009156,3.102455130672455,-0.0311448693275449,0.1923283610605518,0.1867788711803001,-0.3,False
p1_fb_slide_cls_w60_stride5_spatA3_seed0_first_above_K1_thr0p5,"{""batch_size"": 256, ""cache_stem"": ""regress_all_filt_abcd_ntcRaw_madk1p5_spatA3"", ""device"": ""cuda"", ""epochs"": 30, ""extraction_rule_family"": ""threshold"", ""extraction_rule_id"": ""first_above_K1_thr0p5"", ""extraction_rule_label"": ""first t: P>0.5 (K=1)"", ""k_consecutive"": 3, ""lr"": 0.001, ""max_train_pixels"": null, ""method"": ""P1.2 F-B sliding-window classifier (Paper 18 / Li et al. 2024 adaptation)"", ""n_params"": 149921, ""n_test_pixels"": 5014, ""n_train_pixels"": 17225, ""n_val_pixels"": 5678, ""samples_per_min"": 15, ""seed"": 0, ""stride"": 5, ""window"": 60}",3.567292594909668,3.01334081039429,-0.1202591896057106,0.025878541258077,0.1549450422665907,-0.3,False
p1_fb_slide_cls_w60_stride5_spatA3_seed0_first_above_K2_thr0p5,"{""batch_size"": 256, ""cache_stem"": ""regress_all_filt_abcd_ntcRaw_madk1p5_spatA3"", ""device"": ""cuda"", ""epochs"": 30, ""extraction_rule_family"": ""threshold"", ""extraction_rule_id"": ""first_above_K2_thr0p5"", ""extraction_rule_label"": ""first t: P>0.5 (K=2)"", ""k_consecutive"": 3, ""lr"": 0.001, ""max_train_pixels"": null, ""method"": ""P1.2 F-B sliding-window classifier (Paper 18 / Li et al. 2024 adaptation)"", ""n_params"": 149921, ""n_test_pixels"": 5014, ""n_train_pixels"": 17225, ""n_val_pixels"": 5678, ""samples_per_min"": 15, ""seed"": 0, ""stride"": 5, ""window"": 60}",3.4875707626342773,2.916045240020754,-0.2175547599792461,0.0804044103274955,0.1329213697083623,-0.3,False
p1_fb_slide_cls_w60_stride5_spatA3_seed0_first_above_K3_thr0p5,"{""batch_size"": 256, ""cache_stem"": ""regress_all_filt_abcd_ntcRaw_madk1p5_spatA3"", ""device"": ""cuda"", ""epochs"": 30, ""extraction_rule_family"": ""threshold"", ""extraction_rule_id"": ""first_above_K3_thr0p5"", ""extraction_rule_label"": ""first t: P>0.5 (K=3, F-B default)"", ""k_consecutive"": 3, ""lr"": 0.001, ""max_train_pixels"": null, ""method"": ""P1.2 F-B sliding-window classifier (Paper 18 / Li et al. 2024 adaptation)"", ""n_params"": 149921, ""n_test_pixels"": 5014, ""n_train_pixels"": 17225, ""n_val_pixels"": 5678, ""samples_per_min"": 15, ""seed"": 0, ""stride"": 5, ""window"": 60}",3.3966318130493165,2.8421766792297385,-0.2914233207702617,0.145147310488137,0.1271073972290788,-0.3,False
p1_fb_slide_cls_w60_stride5_spatA3_seed0_first_above_K5_thr0p5,"{""batch_size"": 256, ""cache_stem"": ""regress_all_filt_abcd_ntcRaw_madk1p5_spatA3"", ""device"": ""cuda"", ""epochs"": 30, ""extraction_rule_family"": ""threshold"", ""extraction_rule_id"": ""first_above_K5_thr0p5"", ""extraction_rule_label"": ""first t: P>0.5 (K=5)"", ""k_consecutive"": 3, ""lr"": 0.001, ""max_train_pixels"": null, ""method"": ""P1.2 F-B sliding-window classifier (Paper 18 / Li et al. 2024 adaptation)"", ""n_params"": 149921, ""n_test_pixels"": 5014, ""n_train_pixels"": 17225, ""n_val_pixels"": 5678, ""samples_per_min"": 15, ""seed"": 0, ""stride"": 5, ""window"": 60}",3.3008575439453125,2.75187840805054,-0.3817215919494599,0.2670862877232953,0.1295659101951527,-0.3999999999999999,False
p1_fb_slide_cls_w60_stride5_spatA3_seed0_first_above_K3_thr0p3,"{""batch_size"": 256, ""cache_stem"": ""regress_all_filt_abcd_ntcRaw_madk1p5_spatA3"", ""device"": ""cuda"", ""epochs"": 30, ""extraction_rule_family"": ""threshold"", ""extraction_rule_id"": ""first_above_K3_thr0p3"", ""extraction_rule_label"": ""first t: P>0.3 (K=3)"", ""k_consecutive"": 3, ""lr"": 0.001, ""max_train_pixels"": null, ""method"": ""P1.2 F-B sliding-window classifier (Paper 18 / Li et al. 2024 adaptation)"", ""n_params"": 149921, ""n_test_pixels"": 5014, ""n_train_pixels"": 17225, ""n_val_pixels"": 5678, ""samples_per_min"": 15, ""seed"": 0, ""stride"": 5, ""window"": 60}",3.8581844329833985,3.177352861022951,0.0437528610229511,0.0036307960527763,0.1693268173674094,0.0999999999999999,False
p1_fb_slide_cls_w60_stride5_spatA3_seed0_first_above_K3_thr0p7,"{""batch_size"": 256, ""cache_stem"": ""regress_all_filt_abcd_ntcRaw_madk1p5_spatA3"", ""device"": ""cuda"", ""epochs"": 30, ""extraction_rule_family"": ""threshold"", ""extraction_rule_id"": ""first_above_K3_thr0p7"", ""extraction_rule_label"": ""first t: P>0.7 (K=3)"", ""k_consecutive"": 3, ""lr"": 0.001, ""max_train_pixels"": null, ""method"": ""P1.2 F-B sliding-window classifier (Paper 18 / Li et al. 2024 adaptation)"", ""n_params"": 149921, ""n_test_pixels"": 5014, ""n_train_pixels"": 17225, ""n_val_pixels"": 5678, ""samples_per_min"": 15, ""seed"": 0, ""stride"": 5, ""window"": 60}",2.817796897888184,2.2532393013000513,-0.8803606986999484,0.9001661366816017,0.0968942420351535,-0.8999999999999998,False
p1_fb_slide_cls_w60_stride5_spatA3_seed0_fraction_above_lb10_thr0p5_f0p5,"{""batch_size"": 256, ""cache_stem"": ""regress_all_filt_abcd_ntcRaw_madk1p5_spatA3"", ""device"": ""cuda"", ""epochs"": 30, ""extraction_rule_family"": ""threshold"", ""extraction_rule_id"": ""fraction_above_lb10_thr0p5_f0p5"", ""extraction_rule_label"": ""5-of-10 above 0.5"", ""k_consecutive"": 3, ""lr"": 0.001, ""max_train_pixels"": null, ""method"": ""P1.2 F-B sliding-window classifier (Paper 18 / Li et al. 2024 adaptation)"", ""n_params"": 149921, ""n_test_pixels"": 5014, ""n_train_pixels"": 17225, ""n_val_pixels"": 5678, ""samples_per_min"": 15, ""seed"": 0, ""stride"": 5, ""window"": 60}",3.603866958618164,2.8314713989257836,-0.3021286010742162,0.1601480083075583,0.142383203371349,-0.3,False
p1_fb_slide_cls_w60_stride5_spatA3_seed0_end_of_K3_run_thr0p5,"{""batch_size"": 256, ""cache_stem"": ""regress_all_filt_abcd_ntcRaw_madk1p5_spatA3"", ""device"": ""cuda"", ""epochs"": 30, ""extraction_rule_family"": ""threshold"", ""extraction_rule_id"": ""end_of_K3_run_thr0p5"", ""extraction_rule_label"": ""end of first K=3 run above 0.5"", ""k_consecutive"": 3, ""lr"": 0.001, ""max_train_pixels"": null, ""method"": ""P1.2 F-B sliding-window classifier (Paper 18 / Li et al. 2024 adaptation)"", ""n_params"": 149921, ""n_test_pixels"": 5014, ""n_train_pixels"": 17225, ""n_val_pixels"": 5678, ""samples_per_min"": 15, ""seed"": 0, ""stride"": 5, ""window"": 60}",3.529965591430664,2.842176583862307,-0.2914234161376927,0.145147274671853,0.1212498562676649,-0.3,False
p1_fb_slide_cls_w60_stride5_spatA3_seed0_linear_interp_thr0p5,"{""batch_size"": 256, ""cache_stem"": ""regress_all_filt_abcd_ntcRaw_madk1p5_spatA3"", ""device"": ""cuda"", ""epochs"": 30, ""extraction_rule_family"": ""interp"", ""extraction_rule_id"": ""linear_interp_thr0p5"", ""extraction_rule_label"": ""linear interp at P=0.5"", ""k_consecutive"": 3, ""lr"": 0.001, ""max_train_pixels"": null, ""method"": ""P1.2 F-B sliding-window classifier (Paper 18 / Li et al. 2024 adaptation)"", ""n_params"": 149921, ""n_test_pixels"": 5014, ""n_train_pixels"": 17225, ""n_val_pixels"": 5678, ""samples_per_min"": 15, ""seed"": 0, ""stride"": 5, ""window"": 60}",3.5674095153808594,3.0122187171936057,-0.1213812828063942,0.0265614160954692,0.1556109166364647,-0.3,False
p1_fb_slide_cls_w60_stride5_spatA3_seed0_linear_interp_thr0p3,"{""batch_size"": 256, ""cache_stem"": ""regress_all_filt_abcd_ntcRaw_madk1p5_spatA3"", ""device"": ""cuda"", ""epochs"": 30, ""extraction_rule_family"": ""interp"", ""extraction_rule_id"": ""linear_interp_thr0p3"", ""extraction_rule_label"": ""linear interp at P=0.3"", ""k_consecutive"": 3, ""lr"": 0.001, ""max_train_pixels"": null, ""method"": ""P1.2 F-B sliding-window classifier (Paper 18 / Li et al. 2024 adaptation)"", ""n_params"": 149921, ""n_test_pixels"": 5014, ""n_train_pixels"": 17225, ""n_val_pixels"": 5678, ""samples_per_min"": 15, ""seed"": 0, ""stride"": 5, ""window"": 60}",4.183310890197754,3.3370877777099626,0.2034877777099627,0.0755667499601622,0.2023474775856924,0.0999999999999999,False
p1_fb_slide_cls_w60_stride5_spatA3_seed0_sigmoid_fit_thr0p5,"{""batch_size"": 256, ""cache_stem"": ""regress_all_filt_abcd_ntcRaw_madk1p5_spatA3"", ""device"": ""cuda"", ""epochs"": 30, ""extraction_rule_family"": ""interp"", ""extraction_rule_id"": ""sigmoid_fit_thr0p5"", ""extraction_rule_label"": ""fit sigmoid, t at P=0.5"", ""k_consecutive"": 3, ""lr"": 0.001, ""max_train_pixels"": null, ""method"": ""P1.2 F-B sliding-window classifier (Paper 18 / Li et al. 2024 adaptation)"", ""n_params"": 149921, ""n_test_pixels"": 5014, ""n_train_pixels"": 17225, ""n_val_pixels"": 5678, ""samples_per_min"": 15, ""seed"": 0, ""stride"": 5, ""window"": 60}",3.0977659225463867,2.5832729850769067,-0.5503270149230931,0.6622329191791194,0.1202922115098781,-0.6,False
p1_fb_slide_cls_w60_stride5_spatA3_seed0_first_deriv_peak,"{""batch_size"": 256, ""cache_stem"": ""regress_all_filt_abcd_ntcRaw_madk1p5_spatA3"", ""device"": ""cuda"", ""epochs"": 30, ""extraction_rule_family"": ""deriv"", ""extraction_rule_id"": ""first_deriv_peak"", ""extraction_rule_label"": ""argmax(dP/dt) \u2014 paper-6 analogue"", ""k_consecutive"": 3, ""lr"": 0.001, ""max_train_pixels"": null, ""method"": ""P1.2 F-B sliding-window classifier (Paper 18 / Li et al. 2024 adaptation)"", ""n_params"": 149921, ""n_test_pixels"": 5014, ""n_train_pixels"": 17225, ""n_val_pixels"": 5678, ""samples_per_min"": 15, ""seed"": 0, ""stride"": 5, ""window"": 60}",4.082622718811035,2.631638864135745,-0.5019611358642553,0.2292750279873554,0.2944852891164389,-0.6,False
p1_fb_slide_cls_w60_stride5_spatA3_seed0_second_deriv_peak,"{""batch_size"": 256, ""cache_stem"": ""regress_all_filt_abcd_ntcRaw_madk1p5_spatA3"", ""device"": ""cuda"", ""epochs"": 30, ""extraction_rule_family"": ""deriv"", ""extraction_rule_id"": ""second_deriv_peak"", ""extraction_rule_label"": ""argmax(d\u00b2P/dt\u00b2) \u2014 SDM analogue"", ""k_consecutive"": 3, ""lr"": 0.001, ""max_train_pixels"": null, ""method"": ""P1.2 F-B sliding-window classifier (Paper 18 / Li et al. 2024 adaptation)"", ""n_params"": 149921, ""n_test_pixels"": 5014, ""n_train_pixels"": 17225, ""n_val_pixels"": 5678, ""samples_per_min"": 15, ""seed"": 0, ""stride"": 5, ""window"": 60}",6.082664108276367,3.028535226440432,-0.1050647735595679,0.01225712508826,0.2776600780783009,-0.3,False
p1_fb_slide_cls_w60_stride5_spatA3_seed0_inflection_sigmoid,"{""batch_size"": 256, ""cache_stem"": ""regress_all_filt_abcd_ntcRaw_madk1p5_spatA3"", ""device"": ""cuda"", ""epochs"": 30, ""extraction_rule_family"": ""deriv"", ""extraction_rule_id"": ""inflection_sigmoid"", ""extraction_rule_label"": ""sigmoid inflection \u2014 Cy0 analogue"", ""k_consecutive"": 3, ""lr"": 0.001, ""max_train_pixels"": null, ""method"": ""P1.2 F-B sliding-window classifier (Paper 18 / Li et al. 2024 adaptation)"", ""n_params"": 149921, ""n_test_pixels"": 5014, ""n_train_pixels"": 17225, ""n_val_pixels"": 5678, ""samples_per_min"": 15, ""seed"": 0, ""stride"": 5, ""window"": 60}",3.0977659225463867,2.5832729850769067,-0.5503270149230931,0.6622329191791194,0.1202922115098781,-0.6,False
p1_fb_slide_cls_w60_stride5_spatA3_seed0_argmax_P,"{""batch_size"": 256, ""cache_stem"": ""regress_all_filt_abcd_ntcRaw_madk1p5_spatA3"", ""device"": ""cuda"", ""epochs"": 30, ""extraction_rule_family"": ""argmax"", ""extraction_rule_id"": ""argmax_P"", ""extraction_rule_label"": ""argmax(P) \u2014 sanity check"", ""k_consecutive"": 3, ""lr"": 0.001, ""max_train_pixels"": null, ""method"": ""P1.2 F-B sliding-window classifier (Paper 18 / Li et al. 2024 adaptation)"", ""n_params"": 149921, ""n_test_pixels"": 5014, ""n_train_pixels"": 17225, ""n_val_pixels"": 5678, ""samples_per_min"": 15, ""seed"": 0, ""stride"": 5, ""window"": 60}",6.032460784912109,2.2082114730835,-0.9253885269165004,0.6133383294786072,0.1166162228145329,-0.7,False
p1_fb_slide_cls_w60_stride5_spatA3_seed0_first_local_max,"{""batch_size"": 256, ""cache_stem"": ""regress_all_filt_abcd_ntcRaw_madk1p5_spatA3"", ""device"": ""cuda"", ""epochs"": 30, ""extraction_rule_family"": ""argmax"", ""extraction_rule_id"": ""first_local_max"", ""extraction_rule_label"": ""first local max of P"", ""k_consecutive"": 3, ""lr"": 0.001, ""max_train_pixels"": null, ""method"": ""P1.2 F-B sliding-window classifier (Paper 18 / Li et al. 2024 adaptation)"", ""n_params"": 149921, ""n_test_pixels"": 5014, ""n_train_pixels"": 17225, ""n_val_pixels"": 5678, ""samples_per_min"": 15, ""seed"": 0, ""stride"": 5, ""window"": 60}",11.311069297790528,3.118625382041931,-0.0149746179580685,0.1132234980712441,0.2106026934388509,-0.1999999999999999,False
p1_fb_slide_cls_w60_stride5_spatA3_seed1_first_above_K1_thr0p5,"{""batch_size"": 256, ""cache_stem"": ""regress_all_filt_abcd_ntcRaw_madk1p5_spatA3"", ""device"": ""cuda"", ""epochs"": 30, ""extraction_rule_family"": ""threshold"", ""extraction_rule_id"": ""first_above_K1_thr0p5"", ""extraction_rule_label"": ""first t: P>0.5 (K=1)"", ""k_consecutive"": 3, ""lr"": 0.001, ""max_train_pixels"": null, ""method"": ""P1.2 F-B sliding-window classifier (Paper 18 / Li et al. 2024 adaptation)"", ""n_params"": 149921, ""n_test_pixels"": 5014, ""n_train_pixels"": 15912, ""n_val_pixels"": 6991, ""samples_per_min"": 15, ""seed"": 1, ""stride"": 5, ""window"": 60}",3.9029376983642576,3.216775182342531,0.083175182342531,0.0189281389003104,0.1783467891454226,0.0999999999999999,False
p1_fb_slide_cls_w60_stride5_spatA3_seed1_first_above_K2_thr0p5,"{""batch_size"": 256, ""cache_stem"": ""regress_all_filt_abcd_ntcRaw_madk1p5_spatA3"", ""device"": ""cuda"", ""epochs"": 30, ""extraction_rule_family"": ""threshold"", ""extraction_rule_id"": ""first_above_K2_thr0p5"", ""extraction_rule_label"": ""first t: P>0.5 (K=2)"", ""k_consecutive"": 3, ""lr"": 0.001, ""max_train_pixels"": null, ""method"": ""P1.2 F-B sliding-window classifier (Paper 18 / Li et al. 2024 adaptation)"", ""n_params"": 149921, ""n_test_pixels"": 5014, ""n_train_pixels"": 15912, ""n_val_pixels"": 6991, ""samples_per_min"": 15, ""seed"": 1, ""stride"": 5, ""window"": 60}",3.815830612182617,3.0983011756896985,-0.0352988243103013,0.0041296426193359,0.1660456168900883,0.0999999999999999,False
p1_fb_slide_cls_w60_stride5_spatA3_seed1_first_above_K3_thr0p5,"{""batch_size"": 256, ""cache_stem"": ""regress_all_filt_abcd_ntcRaw_madk1p5_spatA3"", ""device"": ""cuda"", ""epochs"": 30, ""extraction_rule_family"": ""threshold"", ""extraction_rule_id"": ""first_above_K3_thr0p5"", ""extraction_rule_label"": ""first t: P>0.5 (K=3, F-B default)"", ""k_consecutive"": 3, ""lr"": 0.001, ""max_train_pixels"": null, ""method"": ""P1.2 F-B sliding-window classifier (Paper 18 / Li et al. 2024 adaptation)"", ""n_params"": 149921, ""n_test_pixels"": 5014, ""n_train_pixels"": 15912, ""n_val_pixels"": 6991, ""samples_per_min"": 15, ""seed"": 1, ""stride"": 5, ""window"": 60}",3.7280599594116217,2.9773840461730976,-0.1562159538269023,0.0934060687836823,0.1597214128640313,-0.3,False
p1_fb_slide_cls_w60_stride5_spatA3_seed1_first_above_K5_thr0p5,"{""batch_size"": 256, ""cache_stem"": ""regress_all_filt_abcd_ntcRaw_madk1p5_spatA3"", ""device"": ""cuda"", ""epochs"": 30, ""extraction_rule_family"": ""threshold"", ""extraction_rule_id"": ""first_above_K5_thr0p5"", ""extraction_rule_label"": ""first t: P>0.5 (K=5)"", ""k_consecutive"": 3, ""lr"": 0.001, ""max_train_pixels"": null, ""method"": ""P1.2 F-B sliding-window classifier (Paper 18 / Li et al. 2024 adaptation)"", ""n_params"": 149921, ""n_test_pixels"": 5014, ""n_train_pixels"": 15912, ""n_val_pixels"": 6991, ""samples_per_min"": 15, ""seed"": 1, ""stride"": 5, ""window"": 60}",3.5567487716674804,2.7683258567810074,-0.3652741432189925,0.5164102142183066,0.1566041013703253,-0.7,False
p1_fb_slide_cls_w60_stride5_spatA3_seed1_first_above_K3_thr0p3,"{""batch_size"": 256, ""cache_stem"": ""regress_all_filt_abcd_ntcRaw_madk1p5_spatA3"", ""device"": ""cuda"", ""epochs"": 30, ""extraction_rule_family"": ""threshold"", ""extraction_rule_id"": ""first_above_K3_thr0p3"", ""extraction_rule_label"": ""first t: P>0.3 (K=3)"", ""k_consecutive"": 3, ""lr"": 0.001, ""max_train_pixels"": null, ""method"": ""P1.2 F-B sliding-window classifier (Paper 18 / Li et al. 2024 adaptation)"", ""n_params"": 149921, ""n_test_pixels"": 5014, ""n_train_pixels"": 15912, ""n_val_pixels"": 6991, ""samples_per_min"": 15, ""seed"": 1, ""stride"": 5, ""window"": 60}",3.915727424621582,3.2186988388061537,0.0850988388061537,0.0210553509681559,0.18641125525825,0.0999999999999999,False
p1_fb_slide_cls_w60_stride5_spatA3_seed1_first_above_K3_thr0p7,"{""batch_size"": 256, ""cache_stem"": ""regress_all_filt_abcd_ntcRaw_madk1p5_spatA3"", ""device"": ""cuda"", ""epochs"": 30, ""extraction_rule_family"": ""threshold"", ""extraction_rule_id"": ""first_above_K3_thr0p7"", ""extraction_rule_label"": ""first t: P>0.7 (K=3)"", ""k_consecutive"": 3, ""lr"": 0.001, ""max_train_pixels"": null, ""method"": ""P1.2 F-B sliding-window classifier (Paper 18 / Li et al. 2024 adaptation)"", ""n_params"": 149921, ""n_test_pixels"": 5014, ""n_train_pixels"": 15912, ""n_val_pixels"": 6991, ""samples_per_min"": 15, ""seed"": 1, ""stride"": 5, ""window"": 60}",3.5246099472045898,2.7309236083984407,-0.4026763916015594,0.5580571083357377,0.1397040611350901,-0.7,False
p1_fb_slide_cls_w60_stride5_spatA3_seed1_fraction_above_lb10_thr0p5_f0p5,"{""batch_size"": 256, ""cache_stem"": ""regress_all_filt_abcd_ntcRaw_madk1p5_spatA3"", ""device"": ""cuda"", ""epochs"": 30, ""extraction_rule_family"": ""threshold"", ""extraction_rule_id"": ""fraction_above_lb10_thr0p5_f0p5"", ""extraction_rule_label"": ""5-of-10 above 0.5"", ""k_consecutive"": 3, ""lr"": 0.001, ""max_train_pixels"": null, ""method"": ""P1.2 F-B sliding-window classifier (Paper 18 / Li et al. 2024 adaptation)"", ""n_params"": 149921, ""n_test_pixels"": 5014, ""n_train_pixels"": 15912, ""n_val_pixels"": 6991, ""samples_per_min"": 15, ""seed"": 1, ""stride"": 5, ""window"": 60}",3.593047332763672,2.902077439880373,-0.2315225601196269,0.2246532438469556,0.1714024581053141,-0.3,False
p1_fb_slide_cls_w60_stride5_spatA3_seed1_end_of_K3_run_thr0p5,"{""batch_size"": 256, ""cache_stem"": ""regress_all_filt_abcd_ntcRaw_madk1p5_spatA3"", ""device"": ""cuda"", ""epochs"": 30, ""extraction_rule_family"": ""threshold"", ""extraction_rule_id"": ""end_of_K3_run_thr0p5"", ""extraction_rule_label"": ""end of first K=3 run above 0.5"", ""k_consecutive"": 3, ""lr"": 0.001, ""max_train_pixels"": null, ""method"": ""P1.2 F-B sliding-window classifier (Paper 18 / Li et al. 2024 adaptation)"", ""n_params"": 149921, ""n_test_pixels"": 5014, ""n_train_pixels"": 15912, ""n_val_pixels"": 6991, ""samples_per_min"": 15, ""seed"": 1, ""stride"": 5, ""window"": 60}",3.865412521362305,2.9814036880493178,-0.152196311950682,0.0878449752462229,0.1522057463976031,-0.3,False
p1_fb_slide_cls_w60_stride5_spatA3_seed1_linear_interp_thr0p5,"{""batch_size"": 256, ""cache_stem"": ""regress_all_filt_abcd_ntcRaw_madk1p5_spatA3"", ""device"": ""cuda"", ""epochs"": 30, ""extraction_rule_family"": ""interp"", ""extraction_rule_id"": ""linear_interp_thr0p5"", ""extraction_rule_label"": ""linear interp at P=0.5"", ""k_consecutive"": 3, ""lr"": 0.001, ""max_train_pixels"": null, ""method"": ""P1.2 F-B sliding-window classifier (Paper 18 / Li et al. 2024 adaptation)"", ""n_params"": 149921, ""n_test_pixels"": 5014, ""n_train_pixels"": 15912, ""n_val_pixels"": 6991, ""samples_per_min"": 15, ""seed"": 1, ""stride"": 5, ""window"": 60}",3.869978904724121,3.215605214691164,0.0820052146911642,0.0185931001989917,0.1797396833364934,0.0999999999999999,False
p1_fb_slide_cls_w60_stride5_spatA3_seed1_linear_interp_thr0p3,"{""batch_size"": 256, ""cache_stem"": ""regress_all_filt_abcd_ntcRaw_madk1p5_spatA3"", ""device"": ""cuda"", ""epochs"": 30, ""extraction_rule_family"": ""interp"", ""extraction_rule_id"": ""linear_interp_thr0p3"", ""extraction_rule_label"": ""linear interp at P=0.3"", ""k_consecutive"": 3, ""lr"": 0.001, ""max_train_pixels"": null, ""method"": ""P1.2 F-B sliding-window classifier (Paper 18 / Li et al. 2024 adaptation)"", ""n_params"": 149921, ""n_test_pixels"": 5014, ""n_train_pixels"": 15912, ""n_val_pixels"": 6991, ""samples_per_min"": 15, ""seed"": 1, ""stride"": 5, ""window"": 60}",4.041310119628906,3.3617054496765153,0.2281054496765154,0.113164988925061,0.2106381477937484,0.0999999999999999,False
p1_fb_slide_cls_w60_stride5_spatA3_seed1_sigmoid_fit_thr0p5,"{""batch_size"": 256, ""cache_stem"": ""regress_all_filt_abcd_ntcRaw_madk1p5_spatA3"", ""device"": ""cuda"", ""epochs"": 30, ""extraction_rule_family"": ""interp"", ""extraction_rule_id"": ""sigmoid_fit_thr0p5"", ""extraction_rule_label"": ""fit sigmoid, t at P=0.5"", ""k_consecutive"": 3, ""lr"": 0.001, ""max_train_pixels"": null, ""method"": ""P1.2 F-B sliding-window classifier (Paper 18 / Li et al. 2024 adaptation)"", ""n_params"": 149921, ""n_test_pixels"": 5014, ""n_train_pixels"": 15912, ""n_val_pixels"": 6991, ""samples_per_min"": 15, ""seed"": 1, ""stride"": 5, ""window"": 60}",3.593155097961426,2.7753829513549833,-0.3582170486450168,0.5875745425699479,0.1667528032829566,-0.6,False
p1_fb_slide_cls_w60_stride5_spatA3_seed1_first_deriv_peak,"{""batch_size"": 256, ""cache_stem"": ""regress_all_filt_abcd_ntcRaw_madk1p5_spatA3"", ""device"": ""cuda"", ""epochs"": 30, ""extraction_rule_family"": ""deriv"", ""extraction_rule_id"": ""first_deriv_peak"", ""extraction_rule_label"": ""argmax(dP/dt) \u2014 paper-6 analogue"", ""k_consecutive"": 3, ""lr"": 0.001, ""max_train_pixels"": null, ""method"": ""P1.2 F-B sliding-window classifier (Paper 18 / Li et al. 2024 adaptation)"", ""n_params"": 149921, ""n_test_pixels"": 5014, ""n_train_pixels"": 15912, ""n_val_pixels"": 6991, ""samples_per_min"": 15, ""seed"": 1, ""stride"": 5, ""window"": 60}",5.659374618530274,3.263074830627443,0.1294748306274429,0.0319466424372323,0.2708236771024873,-0.0999999999999999,False
p1_fb_slide_cls_w60_stride5_spatA3_seed1_second_deriv_peak,"{""batch_size"": 256, ""cache_stem"": ""regress_all_filt_abcd_ntcRaw_madk1p5_spatA3"", ""device"": ""cuda"", ""epochs"": 30, ""extraction_rule_family"": ""deriv"", ""extraction_rule_id"": ""second_deriv_peak"", ""extraction_rule_label"": ""argmax(d\u00b2P/dt\u00b2) \u2014 SDM analogue"", ""k_consecutive"": 3, ""lr"": 0.001, ""max_train_pixels"": null, ""method"": ""P1.2 F-B sliding-window classifier (Paper 18 / Li et al. 2024 adaptation)"", ""n_params"": 149921, ""n_test_pixels"": 5014, ""n_train_pixels"": 15912, ""n_val_pixels"": 6991, ""samples_per_min"": 15, ""seed"": 1, ""stride"": 5, ""window"": 60}",6.3298992156982425,3.0789159332275418,-0.0546840667724582,0.0065186163117111,0.2383062055085905,-0.1999999999999999,False
p1_fb_slide_cls_w60_stride5_spatA3_seed1_inflection_sigmoid,"{""batch_size"": 256, ""cache_stem"": ""regress_all_filt_abcd_ntcRaw_madk1p5_spatA3"", ""device"": ""cuda"", ""epochs"": 30, ""extraction_rule_family"": ""deriv"", ""extraction_rule_id"": ""inflection_sigmoid"", ""extraction_rule_label"": ""sigmoid inflection \u2014 Cy0 analogue"", ""k_consecutive"": 3, ""lr"": 0.001, ""max_train_pixels"": null, ""method"": ""P1.2 F-B sliding-window classifier (Paper 18 / Li et al. 2024 adaptation)"", ""n_params"": 149921, ""n_test_pixels"": 5014, ""n_train_pixels"": 15912, ""n_val_pixels"": 6991, ""samples_per_min"": 15, ""seed"": 1, ""stride"": 5, ""window"": 60}",3.593155097961426,2.7753829513549833,-0.3582170486450168,0.5875745425699479,0.1667528032829566,-0.6,False
p1_fb_slide_cls_w60_stride5_spatA3_seed1_argmax_P,"{""batch_size"": 256, ""cache_stem"": ""regress_all_filt_abcd_ntcRaw_madk1p5_spatA3"", ""device"": ""cuda"", ""epochs"": 30, ""extraction_rule_family"": ""argmax"", ""extraction_rule_id"": ""argmax_P"", ""extraction_rule_label"": ""argmax(P) \u2014 sanity check"", ""k_consecutive"": 3, ""lr"": 0.001, ""max_train_pixels"": null, ""method"": ""P1.2 F-B sliding-window classifier (Paper 18 / Li et al. 2024 adaptation)"", ""n_params"": 149921, ""n_test_pixels"": 5014, ""n_train_pixels"": 15912, ""n_val_pixels"": 6991, ""samples_per_min"": 15, ""seed"": 1, ""stride"": 5, ""window"": 60}",7.353984069824219,3.2025239501953147,0.0689239501953149,0.0059442232532521,0.1269544463562243,0.0,False
p1_fb_slide_cls_w60_stride5_spatA3_seed1_first_local_max,"{""batch_size"": 256, ""cache_stem"": ""regress_all_filt_abcd_ntcRaw_madk1p5_spatA3"", ""device"": ""cuda"", ""epochs"": 30, ""extraction_rule_family"": ""argmax"", ""extraction_rule_id"": ""first_local_max"", ""extraction_rule_label"": ""first local max of P"", ""k_consecutive"": 3, ""lr"": 0.001, ""max_train_pixels"": null, ""method"": ""P1.2 F-B sliding-window classifier (Paper 18 / Li et al. 2024 adaptation)"", ""n_params"": 149921, ""n_test_pixels"": 5014, ""n_train_pixels"": 15912, ""n_val_pixels"": 6991, ""samples_per_min"": 15, ""seed"": 1, ""stride"": 5, ""window"": 60}",11.598233461380005,3.1270216022491457,-0.0065783977508541,0.0051123276240221,0.2317289365861097,-0.0999999999999999,False
p1_fb_slide_cls_w60_stride5_spatA3_seed2_first_above_K1_thr0p5,"{""batch_size"": 256, ""cache_stem"": ""regress_all_filt_abcd_ntcRaw_madk1p5_spatA3"", ""device"": ""cuda"", ""epochs"": 30, ""extraction_rule_family"": ""threshold"", ""extraction_rule_id"": ""first_above_K1_thr0p5"", ""extraction_rule_label"": ""first t: P>0.5 (K=1)"", ""k_consecutive"": 3, ""lr"": 0.001, ""max_train_pixels"": null, ""method"": ""P1.2 F-B sliding-window classifier (Paper 18 / Li et al. 2024 adaptation)"", ""n_params"": 149921, ""n_test_pixels"": 5014, ""n_train_pixels"": 17225, ""n_val_pixels"": 5678, ""samples_per_min"": 15, ""seed"": 2, ""stride"": 5, ""window"": 60}",3.579575729370118,3.003821805572512,-0.1297781944274879,0.0300585408780776,0.1507527225921026,-0.3,False
p1_fb_slide_cls_w60_stride5_spatA3_seed2_first_above_K2_thr0p5,"{""batch_size"": 256, ""cache_stem"": ""regress_all_filt_abcd_ntcRaw_madk1p5_spatA3"", ""device"": ""cuda"", ""epochs"": 30, ""extraction_rule_family"": ""threshold"", ""extraction_rule_id"": ""first_above_K2_thr0p5"", ""extraction_rule_label"": ""first t: P>0.5 (K=2)"", ""k_consecutive"": 3, ""lr"": 0.001, ""max_train_pixels"": null, ""method"": ""P1.2 F-B sliding-window classifier (Paper 18 / Li et al. 2024 adaptation)"", ""n_params"": 149921, ""n_test_pixels"": 5014, ""n_train_pixels"": 17225, ""n_val_pixels"": 5678, ""samples_per_min"": 15, ""seed"": 2, ""stride"": 5, ""window"": 60}",3.5063264846801756,2.9275827919006363,-0.2060172080993638,0.073012392195384,0.1371379167715371,-0.3,False
p1_fb_slide_cls_w60_stride5_spatA3_seed2_first_above_K3_thr0p5,"{""batch_size"": 256, ""cache_stem"": ""regress_all_filt_abcd_ntcRaw_madk1p5_spatA3"", ""device"": ""cuda"", ""epochs"": 30, ""extraction_rule_family"": ""threshold"", ""extraction_rule_id"": ""first_above_K3_thr0p5"", ""extraction_rule_label"": ""first t: P>0.5 (K=3, F-B default)"", ""k_consecutive"": 3, ""lr"": 0.001, ""max_train_pixels"": null, ""method"": ""P1.2 F-B sliding-window classifier (Paper 18 / Li et al. 2024 adaptation)"", ""n_params"": 149921, ""n_test_pixels"": 5014, ""n_train_pixels"": 17225, ""n_val_pixels"": 5678, ""samples_per_min"": 15, ""seed"": 2, ""stride"": 5, ""window"": 60}",3.4363832473754883,2.868780950164797,-0.2648190498352029,0.1191445882997309,0.1327298345553206,-0.3,False
p1_fb_slide_cls_w60_stride5_spatA3_seed2_first_above_K5_thr0p5,"{""batch_size"": 256, ""cache_stem"": ""regress_all_filt_abcd_ntcRaw_madk1p5_spatA3"", ""device"": ""cuda"", ""epochs"": 30, ""extraction_rule_family"": ""threshold"", ""extraction_rule_id"": ""first_above_K5_thr0p5"", ""extraction_rule_label"": ""first t: P>0.5 (K=5)"", ""k_consecutive"": 3, ""lr"": 0.001, ""max_train_pixels"": null, ""method"": ""P1.2 F-B sliding-window classifier (Paper 18 / Li et al. 2024 adaptation)"", ""n_params"": 149921, ""n_test_pixels"": 5014, ""n_train_pixels"": 17225, ""n_val_pixels"": 5678, ""samples_per_min"": 15, ""seed"": 2, ""stride"": 5, ""window"": 60}",3.363351249694824,2.797591832733157,-0.3360081672668432,0.19978646580852,0.133752649561612,-0.3,False
p1_fb_slide_cls_w60_stride5_spatA3_seed2_first_above_K3_thr0p3,"{""batch_size"": 256, ""cache_stem"": ""regress_all_filt_abcd_ntcRaw_madk1p5_spatA3"", ""device"": ""cuda"", ""epochs"": 30, ""extraction_rule_family"": ""threshold"", ""extraction_rule_id"": ""first_above_K3_thr0p3"", ""extraction_rule_label"": ""first t: P>0.3 (K=3)"", ""k_consecutive"": 3, ""lr"": 0.001, ""max_train_pixels"": null, ""method"": ""P1.2 F-B sliding-window classifier (Paper 18 / Li et al. 2024 adaptation)"", ""n_params"": 149921, ""n_test_pixels"": 5014, ""n_train_pixels"": 17225, ""n_val_pixels"": 5678, ""samples_per_min"": 15, ""seed"": 2, ""stride"": 5, ""window"": 60}",3.792093849182129,3.143557504272463,0.009957504272463,0.0001857332809963,0.1658248572943569,0.0999999999999999,False
p1_fb_slide_cls_w60_stride5_spatA3_seed2_first_above_K3_thr0p7,"{""batch_size"": 256, ""cache_stem"": ""regress_all_filt_abcd_ntcRaw_madk1p5_spatA3"", ""device"": ""cuda"", ""epochs"": 30, ""extraction_rule_family"": ""threshold"", ""extraction_rule_id"": ""first_above_K3_thr0p7"", ""extraction_rule_label"": ""first t: P>0.7 (K=3)"", ""k_consecutive"": 3, ""lr"": 0.001, ""max_train_pixels"": null, ""method"": ""P1.2 F-B sliding-window classifier (Paper 18 / Li et al. 2024 adaptation)"", ""n_params"": 149921, ""n_test_pixels"": 5014, ""n_train_pixels"": 17225, ""n_val_pixels"": 5678, ""samples_per_min"": 15, ""seed"": 2, ""stride"": 5, ""window"": 60}",3.051193428039551,2.4696669136047396,-0.6639330863952604,0.6882738505239885,0.1113542201380485,-0.7,False
p1_fb_slide_cls_w60_stride5_spatA3_seed2_fraction_above_lb10_thr0p5_f0p5,"{""batch_size"": 256, ""cache_stem"": ""regress_all_filt_abcd_ntcRaw_madk1p5_spatA3"", ""device"": ""cuda"", ""epochs"": 30, ""extraction_rule_family"": ""threshold"", ""extraction_rule_id"": ""fraction_above_lb10_thr0p5_f0p5"", ""extraction_rule_label"": ""5-of-10 above 0.5"", ""k_consecutive"": 3, ""lr"": 0.001, ""max_train_pixels"": null, ""method"": ""P1.2 F-B sliding-window classifier (Paper 18 / Li et al. 2024 adaptation)"", ""n_params"": 149921, ""n_test_pixels"": 5014, ""n_train_pixels"": 17225, ""n_val_pixels"": 5678, ""samples_per_min"": 15, ""seed"": 2, ""stride"": 5, ""window"": 60}",3.643812561035156,2.863336423492434,-0.270263576507566,0.1261770448623156,0.1520939615036851,-0.3,False
p1_fb_slide_cls_w60_stride5_spatA3_seed2_end_of_K3_run_thr0p5,"{""batch_size"": 256, ""cache_stem"": ""regress_all_filt_abcd_ntcRaw_madk1p5_spatA3"", ""device"": ""cuda"", ""epochs"": 30, ""extraction_rule_family"": ""threshold"", ""extraction_rule_id"": ""end_of_K3_run_thr0p5"", ""extraction_rule_label"": ""end of first K=3 run above 0.5"", ""k_consecutive"": 3, ""lr"": 0.001, ""max_train_pixels"": null, ""method"": ""P1.2 F-B sliding-window classifier (Paper 18 / Li et al. 2024 adaptation)"", ""n_params"": 149921, ""n_test_pixels"": 5014, ""n_train_pixels"": 17225, ""n_val_pixels"": 5678, ""samples_per_min"": 15, ""seed"": 2, ""stride"": 5, ""window"": 60}",3.569717025756836,2.8687808547973663,-0.2648191452026338,0.1191445612156339,0.1265855826251864,-0.3,False
p1_fb_slide_cls_w60_stride5_spatA3_seed2_linear_interp_thr0p5,"{""batch_size"": 256, ""cache_stem"": ""regress_all_filt_abcd_ntcRaw_madk1p5_spatA3"", ""device"": ""cuda"", ""epochs"": 30, ""extraction_rule_family"": ""interp"", ""extraction_rule_id"": ""linear_interp_thr0p5"", ""extraction_rule_label"": ""linear interp at P=0.5"", ""k_consecutive"": 3, ""lr"": 0.001, ""max_train_pixels"": null, ""method"": ""P1.2 F-B sliding-window classifier (Paper 18 / Li et al. 2024 adaptation)"", ""n_params"": 149921, ""n_test_pixels"": 5014, ""n_train_pixels"": 17225, ""n_val_pixels"": 5678, ""samples_per_min"": 15, ""seed"": 2, ""stride"": 5, ""window"": 60}",3.5480218887329102,3.001471570587161,-0.1321284294128391,0.0313288003296062,0.1516378055840985,-0.3,False
p1_fb_slide_cls_w60_stride5_spatA3_seed2_linear_interp_thr0p3,"{""batch_size"": 256, ""cache_stem"": ""regress_all_filt_abcd_ntcRaw_madk1p5_spatA3"", ""device"": ""cuda"", ""epochs"": 30, ""extraction_rule_family"": ""interp"", ""extraction_rule_id"": ""linear_interp_thr0p3"", ""extraction_rule_label"": ""linear interp at P=0.3"", ""k_consecutive"": 3, ""lr"": 0.001, ""max_train_pixels"": null, ""method"": ""P1.2 F-B sliding-window classifier (Paper 18 / Li et al. 2024 adaptation)"", ""n_params"": 149921, ""n_test_pixels"": 5014, ""n_train_pixels"": 17225, ""n_val_pixels"": 5678, ""samples_per_min"": 15, ""seed"": 2, ""stride"": 5, ""window"": 60}",4.0381111145019535,3.2596075569152845,0.1260075569152844,0.0301613600096044,0.1883582642415143,0.0999999999999999,False
p1_fb_slide_cls_w60_stride5_spatA3_seed2_sigmoid_fit_thr0p5,"{""batch_size"": 256, ""cache_stem"": ""regress_all_filt_abcd_ntcRaw_madk1p5_spatA3"", ""device"": ""cuda"", ""epochs"": 30, ""extraction_rule_family"": ""interp"", ""extraction_rule_id"": ""sigmoid_fit_thr0p5"", ""extraction_rule_label"": ""fit sigmoid, t at P=0.5"", ""k_consecutive"": 3, ""lr"": 0.001, ""max_train_pixels"": null, ""method"": ""P1.2 F-B sliding-window classifier (Paper 18 / Li et al. 2024 adaptation)"", ""n_params"": 149921, ""n_test_pixels"": 5014, ""n_train_pixels"": 17225, ""n_val_pixels"": 5678, ""samples_per_min"": 15, ""seed"": 2, ""stride"": 5, ""window"": 60}",3.1921318054199217,2.670312455749513,-0.4632875442504869,0.5006220850341738,0.1348251556745808,-0.6,False
p1_fb_slide_cls_w60_stride5_spatA3_seed2_first_deriv_peak,"{""batch_size"": 256, ""cache_stem"": ""regress_all_filt_abcd_ntcRaw_madk1p5_spatA3"", ""device"": ""cuda"", ""epochs"": 30, ""extraction_rule_family"": ""deriv"", ""extraction_rule_id"": ""first_deriv_peak"", ""extraction_rule_label"": ""argmax(dP/dt) \u2014 paper-6 analogue"", ""k_consecutive"": 3, ""lr"": 0.001, ""max_train_pixels"": null, ""method"": ""P1.2 F-B sliding-window classifier (Paper 18 / Li et al. 2024 adaptation)"", ""n_params"": 149921, ""n_test_pixels"": 5014, ""n_train_pixels"": 17225, ""n_val_pixels"": 5678, ""samples_per_min"": 15, ""seed"": 2, ""stride"": 5, ""window"": 60}",3.82517147064209,2.7757579360961944,-0.3578420639038056,0.4394913228386504,0.2821855567999069,-0.7,False
p1_fb_slide_cls_w60_stride5_spatA3_seed2_second_deriv_peak,"{""batch_size"": 256, ""cache_stem"": ""regress_all_filt_abcd_ntcRaw_madk1p5_spatA3"", ""device"": ""cuda"", ""epochs"": 30, ""extraction_rule_family"": ""deriv"", ""extraction_rule_id"": ""second_deriv_peak"", ""extraction_rule_label"": ""argmax(d\u00b2P/dt\u00b2) \u2014 SDM analogue"", ""k_consecutive"": 3, ""lr"": 0.001, ""max_train_pixels"": null, ""method"": ""P1.2 F-B sliding-window classifier (Paper 18 / Li et al. 2024 adaptation)"", ""n_params"": 149921, ""n_test_pixels"": 5014, ""n_train_pixels"": 17225, ""n_val_pixels"": 5678, ""samples_per_min"": 15, ""seed"": 2, ""stride"": 5, ""window"": 60}",5.477531814575196,3.092123559570315,-0.0414764404296849,0.0057073138516228,0.2707969687028114,-0.0999999999999999,False
p1_fb_slide_cls_w60_stride5_spatA3_seed2_inflection_sigmoid,"{""batch_size"": 256, ""cache_stem"": ""regress_all_filt_abcd_ntcRaw_madk1p5_spatA3"", ""device"": ""cuda"", ""epochs"": 30, ""extraction_rule_family"": ""deriv"", ""extraction_rule_id"": ""inflection_sigmoid"", ""extraction_rule_label"": ""sigmoid inflection \u2014 Cy0 analogue"", ""k_consecutive"": 3, ""lr"": 0.001, ""max_train_pixels"": null, ""method"": ""P1.2 F-B sliding-window classifier (Paper 18 / Li et al. 2024 adaptation)"", ""n_params"": 149921, ""n_test_pixels"": 5014, ""n_train_pixels"": 17225, ""n_val_pixels"": 5678, ""samples_per_min"": 15, ""seed"": 2, ""stride"": 5, ""window"": 60}",3.1921318054199217,2.670312455749513,-0.4632875442504869,0.5006220850341738,0.1348251556745808,-0.6,False
p1_fb_slide_cls_w60_stride5_spatA3_seed2_argmax_P,"{""batch_size"": 256, ""cache_stem"": ""regress_all_filt_abcd_ntcRaw_madk1p5_spatA3"", ""device"": ""cuda"", ""epochs"": 30, ""extraction_rule_family"": ""argmax"", ""extraction_rule_id"": ""argmax_P"", ""extraction_rule_label"": ""argmax(P) \u2014 sanity check"", ""k_consecutive"": 3, ""lr"": 0.001, ""max_train_pixels"": null, ""method"": ""P1.2 F-B sliding-window classifier (Paper 18 / Li et al. 2024 adaptation)"", ""n_params"": 149921, ""n_test_pixels"": 5014, ""n_train_pixels"": 17225, ""n_val_pixels"": 5678, ""samples_per_min"": 15, ""seed"": 2, ""stride"": 5, ""window"": 60}",5.619208908081054,2.112278131103519,-1.0213218688964811,0.7663133254076682,0.1029627754497405,-0.8999999999999998,False
p1_fb_slide_cls_w60_stride5_spatA3_seed2_first_local_max,"{""batch_size"": 256, ""cache_stem"": ""regress_all_filt_abcd_ntcRaw_madk1p5_spatA3"", ""device"": ""cuda"", ""epochs"": 30, ""extraction_rule_family"": ""argmax"", ""extraction_rule_id"": ""first_local_max"", ""extraction_rule_label"": ""first local max of P"", ""k_consecutive"": 3, ""lr"": 0.001, ""max_train_pixels"": null, ""method"": ""P1.2 F-B sliding-window classifier (Paper 18 / Li et al. 2024 adaptation)"", ""n_params"": 149921, ""n_test_pixels"": 5014, ""n_train_pixels"": 17225, ""n_val_pixels"": 5678, ""samples_per_min"": 15, ""seed"": 2, ""stride"": 5, ""window"": 60}",10.955348634719847,3.1622058425903323,0.0286058425903323,0.0475389360171806,0.1944921013326738,0.4999999999999999,False
p1_fb_slide_cls_w60_stride5_spatA3_seed3_first_above_K1_thr0p5,"{""batch_size"": 256, ""cache_stem"": ""regress_all_filt_abcd_ntcRaw_madk1p5_spatA3"", ""device"": ""cuda"", ""epochs"": 30, ""extraction_rule_family"": ""threshold"", ""extraction_rule_id"": ""first_above_K1_thr0p5"", ""extraction_rule_label"": ""first t: P>0.5 (K=1)"", ""k_consecutive"": 3, ""lr"": 0.001, ""max_train_pixels"": null, ""method"": ""P1.2 F-B sliding-window classifier (Paper 18 / Li et al. 2024 adaptation)"", ""n_params"": 149921, ""n_test_pixels"": 5014, ""n_train_pixels"": 15912, ""n_val_pixels"": 6991, ""samples_per_min"": 15, ""seed"": 3, ""stride"": 5, ""window"": 60}",4.189412689208984,3.4466831718444837,0.3130831718444835,0.2070385915337174,0.1898785482604909,0.3,False
p1_fb_slide_cls_w60_stride5_spatA3_seed3_first_above_K2_thr0p5,"{""batch_size"": 256, ""cache_stem"": ""regress_all_filt_abcd_ntcRaw_madk1p5_spatA3"", ""device"": ""cuda"", ""epochs"": 30, ""extraction_rule_family"": ""threshold"", ""extraction_rule_id"": ""first_above_K2_thr0p5"", ""extraction_rule_label"": ""first t: P>0.5 (K=2)"", ""k_consecutive"": 3, ""lr"": 0.001, ""max_train_pixels"": null, ""method"": ""P1.2 F-B sliding-window classifier (Paper 18 / Li et al. 2024 adaptation)"", ""n_params"": 149921, ""n_test_pixels"": 5014, ""n_train_pixels"": 15912, ""n_val_pixels"": 6991, ""samples_per_min"": 15, ""seed"": 3, ""stride"": 5, ""window"": 60}",4.172738075256348,3.4057570014953633,0.2721570014953633,0.1687420596868344,0.1845273697982546,0.3,False
p1_fb_slide_cls_w60_stride5_spatA3_seed3_first_above_K3_thr0p5,"{""batch_size"": 256, ""cache_stem"": ""regress_all_filt_abcd_ntcRaw_madk1p5_spatA3"", ""device"": ""cuda"", ""epochs"": 30, ""extraction_rule_family"": ""threshold"", ""extraction_rule_id"": ""first_above_K3_thr0p5"", ""extraction_rule_label"": ""first t: P>0.5 (K=3, F-B default)"", ""k_consecutive"": 3, ""lr"": 0.001, ""max_train_pixels"": null, ""method"": ""P1.2 F-B sliding-window classifier (Paper 18 / Li et al. 2024 adaptation)"", ""n_params"": 149921, ""n_test_pixels"": 5014, ""n_train_pixels"": 15912, ""n_val_pixels"": 6991, ""samples_per_min"": 15, ""seed"": 3, ""stride"": 5, ""window"": 60}",4.1370241165161135,3.357403901672365,0.2238039016723651,0.122200301896302,0.1806181714735613,0.0999999999999999,False
p1_fb_slide_cls_w60_stride5_spatA3_seed3_first_above_K5_thr0p5,"{""batch_size"": 256, ""cache_stem"": ""regress_all_filt_abcd_ntcRaw_madk1p5_spatA3"", ""device"": ""cuda"", ""epochs"": 30, ""extraction_rule_family"": ""threshold"", ""extraction_rule_id"": ""first_above_K5_thr0p5"", ""extraction_rule_label"": ""first t: P>0.5 (K=5)"", ""k_consecutive"": 3, ""lr"": 0.001, ""max_train_pixels"": null, ""method"": ""P1.2 F-B sliding-window classifier (Paper 18 / Li et al. 2024 adaptation)"", ""n_params"": 149921, ""n_test_pixels"": 5014, ""n_train_pixels"": 15912, ""n_val_pixels"": 6991, ""samples_per_min"": 15, ""seed"": 3, ""stride"": 5, ""window"": 60}",4.148640251159668,3.291493848419191,0.1578938484191911,0.0573997224644592,0.1861978315078863,0.0999999999999999,False
p1_fb_slide_cls_w60_stride5_spatA3_seed3_first_above_K3_thr0p3,"{""batch_size"": 256, ""cache_stem"": ""regress_all_filt_abcd_ntcRaw_madk1p5_spatA3"", ""device"": ""cuda"", ""epochs"": 30, ""extraction_rule_family"": ""threshold"", ""extraction_rule_id"": ""first_above_K3_thr0p3"", ""extraction_rule_label"": ""first t: P>0.3 (K=3)"", ""k_consecutive"": 3, ""lr"": 0.001, ""max_train_pixels"": null, ""method"": ""P1.2 F-B sliding-window classifier (Paper 18 / Li et al. 2024 adaptation)"", ""n_params"": 149921, ""n_test_pixels"": 5014, ""n_train_pixels"": 15912, ""n_val_pixels"": 6991, ""samples_per_min"": 15, ""seed"": 3, ""stride"": 5, ""window"": 60}",4.294980430603028,3.576809648132326,0.4432096481323261,0.3390184386291272,0.2104613554762654,0.6,False
p1_fb_slide_cls_w60_stride5_spatA3_seed3_first_above_K3_thr0p7,"{""batch_size"": 256, ""cache_stem"": ""regress_all_filt_abcd_ntcRaw_madk1p5_spatA3"", ""device"": ""cuda"", ""epochs"": 30, ""extraction_rule_family"": ""threshold"", ""extraction_rule_id"": ""first_above_K3_thr0p7"", ""extraction_rule_label"": ""first t: P>0.7 (K=3)"", ""k_consecutive"": 3, ""lr"": 0.001, ""max_train_pixels"": null, ""method"": ""P1.2 F-B sliding-window classifier (Paper 18 / Li et al. 2024 adaptation)"", ""n_params"": 149921, ""n_test_pixels"": 5014, ""n_train_pixels"": 15912, ""n_val_pixels"": 6991, ""samples_per_min"": 15, ""seed"": 3, ""stride"": 5, ""window"": 60}",3.8633659362792967,3.006047109222414,-0.127552890777586,0.0696807473720758,0.1566018471600288,-0.3,False
p1_fb_slide_cls_w60_stride5_spatA3_seed3_fraction_above_lb10_thr0p5_f0p5,"{""batch_size"": 256, ""cache_stem"": ""regress_all_filt_abcd_ntcRaw_madk1p5_spatA3"", ""device"": ""cuda"", ""epochs"": 30, ""extraction_rule_family"": ""threshold"", ""extraction_rule_id"": ""fraction_above_lb10_thr0p5_f0p5"", ""extraction_rule_label"": ""5-of-10 above 0.5"", ""k_consecutive"": 3, ""lr"": 0.001, ""max_train_pixels"": null, ""method"": ""P1.2 F-B sliding-window classifier (Paper 18 / Li et al. 2024 adaptation)"", ""n_params"": 149921, ""n_test_pixels"": 5014, ""n_train_pixels"": 15912, ""n_val_pixels"": 6991, ""samples_per_min"": 15, ""seed"": 3, ""stride"": 5, ""window"": 60}",4.101712417602539,3.32133880004883,0.1877388000488305,0.0829944020307015,0.201954065462288,0.0999999999999999,False
p1_fb_slide_cls_w60_stride5_spatA3_seed3_end_of_K3_run_thr0p5,"{""batch_size"": 256, ""cache_stem"": ""regress_all_filt_abcd_ntcRaw_madk1p5_spatA3"", ""device"": ""cuda"", ""epochs"": 30, ""extraction_rule_family"": ""threshold"", ""extraction_rule_id"": ""end_of_K3_run_thr0p5"", ""extraction_rule_label"": ""end of first K=3 run above 0.5"", ""k_consecutive"": 3, ""lr"": 0.001, ""max_train_pixels"": null, ""method"": ""P1.2 F-B sliding-window classifier (Paper 18 / Li et al. 2024 adaptation)"", ""n_params"": 149921, ""n_test_pixels"": 5014, ""n_train_pixels"": 15912, ""n_val_pixels"": 6991, ""samples_per_min"": 15, ""seed"": 3, ""stride"": 5, ""window"": 60}",4.2718505859375,3.3588969741821315,0.2252969741821314,0.1231553994163483,0.1721435329667104,0.0999999999999999,False
p1_fb_slide_cls_w60_stride5_spatA3_seed3_linear_interp_thr0p5,"{""batch_size"": 256, ""cache_stem"": ""regress_all_filt_abcd_ntcRaw_madk1p5_spatA3"", ""device"": ""cuda"", ""epochs"": 30, ""extraction_rule_family"": ""interp"", ""extraction_rule_id"": ""linear_interp_thr0p5"", ""extraction_rule_label"": ""linear interp at P=0.5"", ""k_consecutive"": 3, ""lr"": 0.001, ""max_train_pixels"": null, ""method"": ""P1.2 F-B sliding-window classifier (Paper 18 / Li et al. 2024 adaptation)"", ""n_params"": 149921, ""n_test_pixels"": 5014, ""n_train_pixels"": 15912, ""n_val_pixels"": 6991, ""samples_per_min"": 15, ""seed"": 3, ""stride"": 5, ""window"": 60}",4.153412628173828,3.444348386383058,0.3107483863830588,0.2048259902458157,0.1916065883877052,0.3,False
p1_fb_slide_cls_w60_stride5_spatA3_seed3_linear_interp_thr0p3,"{""batch_size"": 256, ""cache_stem"": ""regress_all_filt_abcd_ntcRaw_madk1p5_spatA3"", ""device"": ""cuda"", ""epochs"": 30, ""extraction_rule_family"": ""interp"", ""extraction_rule_id"": ""linear_interp_thr0p3"", ""extraction_rule_label"": ""linear interp at P=0.3"", ""k_consecutive"": 3, ""lr"": 0.001, ""max_train_pixels"": null, ""method"": ""P1.2 F-B sliding-window classifier (Paper 18 / Li et al. 2024 adaptation)"", ""n_params"": 149921, ""n_test_pixels"": 5014, ""n_train_pixels"": 15912, ""n_val_pixels"": 6991, ""samples_per_min"": 15, ""seed"": 3, ""stride"": 5, ""window"": 60}",4.400633049011231,3.596788552856446,0.4631885528564463,0.3708282161740041,0.2192603894094964,0.6,False
p1_fb_slide_cls_w60_stride5_spatA3_seed3_sigmoid_fit_thr0p5,"{""batch_size"": 256, ""cache_stem"": ""regress_all_filt_abcd_ntcRaw_madk1p5_spatA3"", ""device"": ""cuda"", ""epochs"": 30, ""extraction_rule_family"": ""interp"", ""extraction_rule_id"": ""sigmoid_fit_thr0p5"", ""extraction_rule_label"": ""fit sigmoid, t at P=0.5"", ""k_consecutive"": 3, ""lr"": 0.001, ""max_train_pixels"": null, ""method"": ""P1.2 F-B sliding-window classifier (Paper 18 / Li et al. 2024 adaptation)"", ""n_params"": 149921, ""n_test_pixels"": 5014, ""n_train_pixels"": 15912, ""n_val_pixels"": 6991, ""samples_per_min"": 15, ""seed"": 3, ""stride"": 5, ""window"": 60}",4.152350616455078,3.235748532867434,0.1021485328674335,0.0346582520938376,0.2091002848699395,0.3,False
p1_fb_slide_cls_w60_stride5_spatA3_seed3_first_deriv_peak,"{""batch_size"": 256, ""cache_stem"": ""regress_all_filt_abcd_ntcRaw_madk1p5_spatA3"", ""device"": ""cuda"", ""epochs"": 30, ""extraction_rule_family"": ""deriv"", ""extraction_rule_id"": ""first_deriv_peak"", ""extraction_rule_label"": ""argmax(dP/dt) \u2014 paper-6 analogue"", ""k_consecutive"": 3, ""lr"": 0.001, ""max_train_pixels"": null, ""method"": ""P1.2 F-B sliding-window classifier (Paper 18 / Li et al. 2024 adaptation)"", ""n_params"": 149921, ""n_test_pixels"": 5014, ""n_train_pixels"": 15912, ""n_val_pixels"": 6991, ""samples_per_min"": 15, ""seed"": 3, ""stride"": 5, ""window"": 60}",4.858224868774414,3.1451846633911154,0.0115846633911154,0.0004120947506207,0.2706015910162022,-0.1999999999999999,False
p1_fb_slide_cls_w60_stride5_spatA3_seed3_second_deriv_peak,"{""batch_size"": 256, ""cache_stem"": ""regress_all_filt_abcd_ntcRaw_madk1p5_spatA3"", ""device"": ""cuda"", ""epochs"": 30, ""extraction_rule_family"": ""deriv"", ""extraction_rule_id"": ""second_deriv_peak"", ""extraction_rule_label"": ""argmax(d\u00b2P/dt\u00b2) \u2014 SDM analogue"", ""k_consecutive"": 3, ""lr"": 0.001, ""max_train_pixels"": null, ""method"": ""P1.2 F-B sliding-window classifier (Paper 18 / Li et al. 2024 adaptation)"", ""n_params"": 149921, ""n_test_pixels"": 5014, ""n_train_pixels"": 15912, ""n_val_pixels"": 6991, ""samples_per_min"": 15, ""seed"": 3, ""stride"": 5, ""window"": 60}",6.569681167602539,3.163962319946291,0.0303623199462908,0.0029534392940986,0.2177459199627069,0.1999999999999999,False
p1_fb_slide_cls_w60_stride5_spatA3_seed3_inflection_sigmoid,"{""batch_size"": 256, ""cache_stem"": ""regress_all_filt_abcd_ntcRaw_madk1p5_spatA3"", ""device"": ""cuda"", ""epochs"": 30, ""extraction_rule_family"": ""deriv"", ""extraction_rule_id"": ""inflection_sigmoid"", ""extraction_rule_label"": ""sigmoid inflection \u2014 Cy0 analogue"", ""k_consecutive"": 3, ""lr"": 0.001, ""max_train_pixels"": null, ""method"": ""P1.2 F-B sliding-window classifier (Paper 18 / Li et al. 2024 adaptation)"", ""n_params"": 149921, ""n_test_pixels"": 5014, ""n_train_pixels"": 15912, ""n_val_pixels"": 6991, ""samples_per_min"": 15, ""seed"": 3, ""stride"": 5, ""window"": 60}",4.152350616455078,3.235748532867434,0.1021485328674335,0.0346582520938376,0.2091002848699395,0.3,False
p1_fb_slide_cls_w60_stride5_spatA3_seed3_argmax_P,"{""batch_size"": 256, ""cache_stem"": ""regress_all_filt_abcd_ntcRaw_madk1p5_spatA3"", ""device"": ""cuda"", ""epochs"": 30, ""extraction_rule_family"": ""argmax"", ""extraction_rule_id"": ""argmax_P"", ""extraction_rule_label"": ""argmax(P) \u2014 sanity check"", ""k_consecutive"": 3, ""lr"": 0.001, ""max_train_pixels"": null, ""method"": ""P1.2 F-B sliding-window classifier (Paper 18 / Li et al. 2024 adaptation)"", ""n_params"": 149921, ""n_test_pixels"": 5014, ""n_train_pixels"": 15912, ""n_val_pixels"": 6991, ""samples_per_min"": 15, ""seed"": 3, ""stride"": 5, ""window"": 60}",6.1407112121582035,2.6111888442993183,-0.5224111557006818,0.2755808966585518,0.1056006576037133,-0.7,False
p1_fb_slide_cls_w60_stride5_spatA3_seed3_first_local_max,"{""batch_size"": 256, ""cache_stem"": ""regress_all_filt_abcd_ntcRaw_madk1p5_spatA3"", ""device"": ""cuda"", ""epochs"": 30, ""extraction_rule_family"": ""argmax"", ""extraction_rule_id"": ""first_local_max"", ""extraction_rule_label"": ""first local max of P"", ""k_consecutive"": 3, ""lr"": 0.001, ""max_train_pixels"": null, ""method"": ""P1.2 F-B sliding-window classifier (Paper 18 / Li et al. 2024 adaptation)"", ""n_params"": 149921, ""n_test_pixels"": 5014, ""n_train_pixels"": 15912, ""n_val_pixels"": 6991, ""samples_per_min"": 15, ""seed"": 3, ""stride"": 5, ""window"": 60}",10.99650764465332,3.1432771955490115,0.0096771955490114,0.0181851247072245,0.2477487424458287,0.3,False
p1_fb_slide_cls_w60_stride5_spatA3_seed4_first_above_K1_thr0p5,"{""batch_size"": 256, ""cache_stem"": ""regress_all_filt_abcd_ntcRaw_madk1p5_spatA3"", ""device"": ""cuda"", ""epochs"": 30, ""extraction_rule_family"": ""threshold"", ""extraction_rule_id"": ""first_above_K1_thr0p5"", ""extraction_rule_label"": ""first t: P>0.5 (K=1)"", ""k_consecutive"": 3, ""lr"": 0.001, ""max_train_pixels"": null, ""method"": ""P1.2 F-B sliding-window classifier (Paper 18 / Li et al. 2024 adaptation)"", ""n_params"": 149921, ""n_test_pixels"": 5014, ""n_train_pixels"": 17225, ""n_val_pixels"": 5678, ""samples_per_min"": 15, ""seed"": 4, ""stride"": 5, ""window"": 60}",3.687693214416504,3.1139583145141625,-0.0196416854858374,0.0007055529460613,0.1630401278894627,0.0999999999999999,False
p1_fb_slide_cls_w60_stride5_spatA3_seed4_first_above_K2_thr0p5,"{""batch_size"": 256, ""cache_stem"": ""regress_all_filt_abcd_ntcRaw_madk1p5_spatA3"", ""device"": ""cuda"", ""epochs"": 30, ""extraction_rule_family"": ""threshold"", ""extraction_rule_id"": ""first_above_K2_thr0p5"", ""extraction_rule_label"": ""first t: P>0.5 (K=2)"", ""k_consecutive"": 3, ""lr"": 0.001, ""max_train_pixels"": null, ""method"": ""P1.2 F-B sliding-window classifier (Paper 18 / Li et al. 2024 adaptation)"", ""n_params"": 149921, ""n_test_pixels"": 5014, ""n_train_pixels"": 17225, ""n_val_pixels"": 5678, ""samples_per_min"": 15, ""seed"": 4, ""stride"": 5, ""window"": 60}",3.5937759399414064,3.017281201934817,-0.1163187980651828,0.0241687063831483,0.14521119877205,-0.3,False
p1_fb_slide_cls_w60_stride5_spatA3_seed4_first_above_K3_thr0p5,"{""batch_size"": 256, ""cache_stem"": ""regress_all_filt_abcd_ntcRaw_madk1p5_spatA3"", ""device"": ""cuda"", ""epochs"": 30, ""extraction_rule_family"": ""threshold"", ""extraction_rule_id"": ""first_above_K3_thr0p5"", ""extraction_rule_label"": ""first t: P>0.5 (K=3, F-B default)"", ""k_consecutive"": 3, ""lr"": 0.001, ""max_train_pixels"": null, ""method"": ""P1.2 F-B sliding-window classifier (Paper 18 / Li et al. 2024 adaptation)"", ""n_params"": 149921, ""n_test_pixels"": 5014, ""n_train_pixels"": 17225, ""n_val_pixels"": 5678, ""samples_per_min"": 15, ""seed"": 4, ""stride"": 5, ""window"": 60}",3.5511123657226564,2.9791491065979026,-0.1544508934020972,0.0422584371785229,0.1410128203192579,-0.3,False
p1_fb_slide_cls_w60_stride5_spatA3_seed4_first_above_K5_thr0p5,"{""batch_size"": 256, ""cache_stem"": ""regress_all_filt_abcd_ntcRaw_madk1p5_spatA3"", ""device"": ""cuda"", ""epochs"": 30, ""extraction_rule_family"": ""threshold"", ""extraction_rule_id"": ""first_above_K5_thr0p5"", ""extraction_rule_label"": ""first t: P>0.5 (K=5)"", ""k_consecutive"": 3, ""lr"": 0.001, ""max_train_pixels"": null, ""method"": ""P1.2 F-B sliding-window classifier (Paper 18 / Li et al. 2024 adaptation)"", ""n_params"": 149921, ""n_test_pixels"": 5014, ""n_train_pixels"": 17225, ""n_val_pixels"": 5678, ""samples_per_min"": 15, ""seed"": 4, ""stride"": 5, ""window"": 60}",3.488064193725586,2.9209307228088406,-0.2126692771911592,0.0833911903964738,0.1392815010680875,-0.3,False
p1_fb_slide_cls_w60_stride5_spatA3_seed4_first_above_K3_thr0p3,"{""batch_size"": 256, ""cache_stem"": ""regress_all_filt_abcd_ntcRaw_madk1p5_spatA3"", ""device"": ""cuda"", ""epochs"": 30, ""extraction_rule_family"": ""threshold"", ""extraction_rule_id"": ""first_above_K3_thr0p3"", ""extraction_rule_label"": ""first t: P>0.3 (K=3)"", ""k_consecutive"": 3, ""lr"": 0.001, ""max_train_pixels"": null, ""method"": ""P1.2 F-B sliding-window classifier (Paper 18 / Li et al. 2024 adaptation)"", ""n_params"": 149921, ""n_test_pixels"": 5014, ""n_train_pixels"": 17225, ""n_val_pixels"": 5678, ""samples_per_min"": 15, ""seed"": 4, ""stride"": 5, ""window"": 60}",3.989645004272461,3.2494753395080584,0.1158753395080586,0.0262476733269979,0.1800898829684992,0.0999999999999999,False
p1_fb_slide_cls_w60_stride5_spatA3_seed4_first_above_K3_thr0p7,"{""batch_size"": 256, ""cache_stem"": ""regress_all_filt_abcd_ntcRaw_madk1p5_spatA3"", ""device"": ""cuda"", ""epochs"": 30, ""extraction_rule_family"": ""threshold"", ""extraction_rule_id"": ""first_above_K3_thr0p7"", ""extraction_rule_label"": ""first t: P>0.7 (K=3)"", ""k_consecutive"": 3, ""lr"": 0.001, ""max_train_pixels"": null, ""method"": ""P1.2 F-B sliding-window classifier (Paper 18 / Li et al. 2024 adaptation)"", ""n_params"": 149921, ""n_test_pixels"": 5014, ""n_train_pixels"": 17225, ""n_val_pixels"": 5678, ""samples_per_min"": 15, ""seed"": 4, ""stride"": 5, ""window"": 60}",3.0344541549682615,2.4387694869995142,-0.6948305130004855,0.7295201210861395,0.1098245099213231,-0.7,False
p1_fb_slide_cls_w60_stride5_spatA3_seed4_fraction_above_lb10_thr0p5_f0p5,"{""batch_size"": 256, ""cache_stem"": ""regress_all_filt_abcd_ntcRaw_madk1p5_spatA3"", ""device"": ""cuda"", ""epochs"": 30, ""extraction_rule_family"": ""threshold"", ""extraction_rule_id"": ""fraction_above_lb10_thr0p5_f0p5"", ""extraction_rule_label"": ""5-of-10 above 0.5"", ""k_consecutive"": 3, ""lr"": 0.001, ""max_train_pixels"": null, ""method"": ""P1.2 F-B sliding-window classifier (Paper 18 / Li et al. 2024 adaptation)"", ""n_params"": 149921, ""n_test_pixels"": 5014, ""n_train_pixels"": 17225, ""n_val_pixels"": 5678, ""samples_per_min"": 15, ""seed"": 4, ""stride"": 5, ""window"": 60}",3.780817985534668,2.958654740905764,-0.1749452590942358,0.0557778699053035,0.1608895045631794,-0.3,False
p1_fb_slide_cls_w60_stride5_spatA3_seed4_end_of_K3_run_thr0p5,"{""batch_size"": 256, ""cache_stem"": ""regress_all_filt_abcd_ntcRaw_madk1p5_spatA3"", ""device"": ""cuda"", ""epochs"": 30, ""extraction_rule_family"": ""threshold"", ""extraction_rule_id"": ""end_of_K3_run_thr0p5"", ""extraction_rule_label"": ""end of first K=3 run above 0.5"", ""k_consecutive"": 3, ""lr"": 0.001, ""max_train_pixels"": null, ""method"": ""P1.2 F-B sliding-window classifier (Paper 18 / Li et al. 2024 adaptation)"", ""n_params"": 149921, ""n_test_pixels"": 5014, ""n_train_pixels"": 17225, ""n_val_pixels"": 5678, ""samples_per_min"": 15, ""seed"": 4, ""stride"": 5, ""window"": 60}",3.6844455718994142,2.979149011230471,-0.1544509887695291,0.0422585063357657,0.1343762021985946,-0.3,False
p1_fb_slide_cls_w60_stride5_spatA3_seed4_linear_interp_thr0p5,"{""batch_size"": 256, ""cache_stem"": ""regress_all_filt_abcd_ntcRaw_madk1p5_spatA3"", ""device"": ""cuda"", ""epochs"": 30, ""extraction_rule_family"": ""interp"", ""extraction_rule_id"": ""linear_interp_thr0p5"", ""extraction_rule_label"": ""linear interp at P=0.5"", ""k_consecutive"": 3, ""lr"": 0.001, ""max_train_pixels"": null, ""method"": ""P1.2 F-B sliding-window classifier (Paper 18 / Li et al. 2024 adaptation)"", ""n_params"": 149921, ""n_test_pixels"": 5014, ""n_train_pixels"": 17225, ""n_val_pixels"": 5678, ""samples_per_min"": 15, ""seed"": 4, ""stride"": 5, ""window"": 60}",3.714353370666504,3.109444097137453,-0.0241559028625468,0.0010717676200412,0.1637981325184469,0.0999999999999999,False
p1_fb_slide_cls_w60_stride5_spatA3_seed4_linear_interp_thr0p3,"{""batch_size"": 256, ""cache_stem"": ""regress_all_filt_abcd_ntcRaw_madk1p5_spatA3"", ""device"": ""cuda"", ""epochs"": 30, ""extraction_rule_family"": ""interp"", ""extraction_rule_id"": ""linear_interp_thr0p3"", ""extraction_rule_label"": ""linear interp at P=0.3"", ""k_consecutive"": 3, ""lr"": 0.001, ""max_train_pixels"": null, ""method"": ""P1.2 F-B sliding-window classifier (Paper 18 / Li et al. 2024 adaptation)"", ""n_params"": 149921, ""n_test_pixels"": 5014, ""n_train_pixels"": 17225, ""n_val_pixels"": 5678, ""samples_per_min"": 15, ""seed"": 4, ""stride"": 5, ""window"": 60}",4.273430061340332,3.3934823547363293,0.2598823547363295,0.1173665476187892,0.2068710925804786,0.3,False
p1_fb_slide_cls_w60_stride5_spatA3_seed4_sigmoid_fit_thr0p5,"{""batch_size"": 256, ""cache_stem"": ""regress_all_filt_abcd_ntcRaw_madk1p5_spatA3"", ""device"": ""cuda"", ""epochs"": 30, ""extraction_rule_family"": ""interp"", ""extraction_rule_id"": ""sigmoid_fit_thr0p5"", ""extraction_rule_label"": ""fit sigmoid, t at P=0.5"", ""k_consecutive"": 3, ""lr"": 0.001, ""max_train_pixels"": null, ""method"": ""P1.2 F-B sliding-window classifier (Paper 18 / Li et al. 2024 adaptation)"", ""n_params"": 149921, ""n_test_pixels"": 5014, ""n_train_pixels"": 17225, ""n_val_pixels"": 5678, ""samples_per_min"": 15, ""seed"": 4, ""stride"": 5, ""window"": 60}",3.2474693298339843,2.6920525108337436,-0.4415474891662565,0.524944960739139,0.1439890143724453,-0.6,False
p1_fb_slide_cls_w60_stride5_spatA3_seed4_first_deriv_peak,"{""batch_size"": 256, ""cache_stem"": ""regress_all_filt_abcd_ntcRaw_madk1p5_spatA3"", ""device"": ""cuda"", ""epochs"": 30, ""extraction_rule_family"": ""deriv"", ""extraction_rule_id"": ""first_deriv_peak"", ""extraction_rule_label"": ""argmax(dP/dt) \u2014 paper-6 analogue"", ""k_consecutive"": 3, ""lr"": 0.001, ""max_train_pixels"": null, ""method"": ""P1.2 F-B sliding-window classifier (Paper 18 / Li et al. 2024 adaptation)"", ""n_params"": 149921, ""n_test_pixels"": 5014, ""n_train_pixels"": 17225, ""n_val_pixels"": 5678, ""samples_per_min"": 15, ""seed"": 4, ""stride"": 5, ""window"": 60}",3.747802543640137,2.684991983032228,-0.4486080169677715,0.4716659237343843,0.2662621536854154,-0.7,False
p1_fb_slide_cls_w60_stride5_spatA3_seed4_second_deriv_peak,"{""batch_size"": 256, ""cache_stem"": ""regress_all_filt_abcd_ntcRaw_madk1p5_spatA3"", ""device"": ""cuda"", ""epochs"": 30, ""extraction_rule_family"": ""deriv"", ""extraction_rule_id"": ""second_deriv_peak"", ""extraction_rule_label"": ""argmax(d\u00b2P/dt\u00b2) \u2014 SDM analogue"", ""k_consecutive"": 3, ""lr"": 0.001, ""max_train_pixels"": null, ""method"": ""P1.2 F-B sliding-window classifier (Paper 18 / Li et al. 2024 adaptation)"", ""n_params"": 149921, ""n_test_pixels"": 5014, ""n_train_pixels"": 17225, ""n_val_pixels"": 5678, ""samples_per_min"": 15, ""seed"": 4, ""stride"": 5, ""window"": 60}",4.76484260559082,2.883599427795412,-0.2500005722045883,0.086033199264222,0.2674101702368188,-0.1999999999999999,False
p1_fb_slide_cls_w60_stride5_spatA3_seed4_inflection_sigmoid,"{""batch_size"": 256, ""cache_stem"": ""regress_all_filt_abcd_ntcRaw_madk1p5_spatA3"", ""device"": ""cuda"", ""epochs"": 30, ""extraction_rule_family"": ""deriv"", ""extraction_rule_id"": ""inflection_sigmoid"", ""extraction_rule_label"": ""sigmoid inflection \u2014 Cy0 analogue"", ""k_consecutive"": 3, ""lr"": 0.001, ""max_train_pixels"": null, ""method"": ""P1.2 F-B sliding-window classifier (Paper 18 / Li et al. 2024 adaptation)"", ""n_params"": 149921, ""n_test_pixels"": 5014, ""n_train_pixels"": 17225, ""n_val_pixels"": 5678, ""samples_per_min"": 15, ""seed"": 4, ""stride"": 5, ""window"": 60}",3.2474693298339843,2.6920525108337436,-0.4415474891662565,0.524944960739139,0.1439890143724453,-0.6,False
p1_fb_slide_cls_w60_stride5_spatA3_seed4_argmax_P,"{""batch_size"": 256, ""cache_stem"": ""regress_all_filt_abcd_ntcRaw_madk1p5_spatA3"", ""device"": ""cuda"", ""epochs"": 30, ""extraction_rule_family"": ""argmax"", ""extraction_rule_id"": ""argmax_P"", ""extraction_rule_label"": ""argmax(P) \u2014 sanity check"", ""k_consecutive"": 3, ""lr"": 0.001, ""max_train_pixels"": null, ""method"": ""P1.2 F-B sliding-window classifier (Paper 18 / Li et al. 2024 adaptation)"", ""n_params"": 149921, ""n_test_pixels"": 5014, ""n_train_pixels"": 17225, ""n_val_pixels"": 5678, ""samples_per_min"": 15, ""seed"": 4, ""stride"": 5, ""window"": 60}",5.559043121337891,2.0233380828857452,-1.1102619171142545,0.7955093722174892,0.1059166938291679,-0.8999999999999998,False
p1_fb_slide_cls_w60_stride5_spatA3_seed4_first_local_max,"{""batch_size"": 256, ""cache_stem"": ""regress_all_filt_abcd_ntcRaw_madk1p5_spatA3"", ""device"": ""cuda"", ""epochs"": 30, ""extraction_rule_family"": ""argmax"", ""extraction_rule_id"": ""first_local_max"", ""extraction_rule_label"": ""first local max of P"", ""k_consecutive"": 3, ""lr"": 0.001, ""max_train_pixels"": null, ""method"": ""P1.2 F-B sliding-window classifier (Paper 18 / Li et al. 2024 adaptation)"", ""n_params"": 149921, ""n_test_pixels"": 5014, ""n_train_pixels"": 17225, ""n_val_pixels"": 5678, ""samples_per_min"": 15, ""seed"": 4, ""stride"": 5, ""window"": 60}",11.289282321929932,3.1392780815124515,0.0056780815124514,0.0258586552753473,0.1744522744348142,0.0999999999999999,False
p1_fb_slide_cls_w90_stride8_spatA3_seed0_first_above_K1_thr0p5,"{""batch_size"": 256, ""cache_stem"": ""regress_all_filt_abcd_ntcRaw_madk1p5_spatA3"", ""device"": ""cuda"", ""epochs"": 30, ""extraction_rule_family"": ""threshold"", ""extraction_rule_id"": ""first_above_K1_thr0p5"", ""extraction_rule_label"": ""first t: P>0.5 (K=1)"", ""k_consecutive"": 3, ""lr"": 0.001, ""max_train_pixels"": null, ""method"": ""P1.2 F-B sliding-window classifier (Paper 18 / Li et al. 2024 adaptation)"", ""n_params"": 166305, ""n_test_pixels"": 5014, ""n_train_pixels"": 17225, ""n_val_pixels"": 5678, ""samples_per_min"": 15, ""seed"": 0, ""stride"": 8, ""window"": 90}",3.2998552322387695,2.7838016067504903,-0.3497983932495096,0.2244369573614079,0.1215012128259408,-0.3999999999999999,False
p1_fb_slide_cls_w90_stride8_spatA3_seed0_first_above_K2_thr0p5,"{""batch_size"": 256, ""cache_stem"": ""regress_all_filt_abcd_ntcRaw_madk1p5_spatA3"", ""device"": ""cuda"", ""epochs"": 30, ""extraction_rule_family"": ""threshold"", ""extraction_rule_id"": ""first_above_K2_thr0p5"", ""extraction_rule_label"": ""first t: P>0.5 (K=2)"", ""k_consecutive"": 3, ""lr"": 0.001, ""max_train_pixels"": null, ""method"": ""P1.2 F-B sliding-window classifier (Paper 18 / Li et al. 2024 adaptation)"", ""n_params"": 166305, ""n_test_pixels"": 5014, ""n_train_pixels"": 17225, ""n_val_pixels"": 5678, ""samples_per_min"": 15, ""seed"": 0, ""stride"": 8, ""window"": 90}",3.233584976196289,2.740605977630618,-0.3929940223693819,0.2902992526041366,0.1163720117346135,-0.7,False
p1_fb_slide_cls_w90_stride8_spatA3_seed0_first_above_K3_thr0p5,"{""batch_size"": 256, ""cache_stem"": ""regress_all_filt_abcd_ntcRaw_madk1p5_spatA3"", ""device"": ""cuda"", ""epochs"": 30, ""extraction_rule_family"": ""threshold"", ""extraction_rule_id"": ""first_above_K3_thr0p5"", ""extraction_rule_label"": ""first t: P>0.5 (K=3, F-B default)"", ""k_consecutive"": 3, ""lr"": 0.001, ""max_train_pixels"": null, ""method"": ""P1.2 F-B sliding-window classifier (Paper 18 / Li et al. 2024 adaptation)"", ""n_params"": 166305, ""n_test_pixels"": 5014, ""n_train_pixels"": 17225, ""n_val_pixels"": 5678, ""samples_per_min"": 15, ""seed"": 0, ""stride"": 8, ""window"": 90}",3.1944911956787108,2.7168448959350613,-0.4167551040649385,0.3444570711161996,0.1194590394347609,-0.7,False
p1_fb_slide_cls_w90_stride8_spatA3_seed0_first_above_K5_thr0p5,"{""batch_size"": 256, ""cache_stem"": ""regress_all_filt_abcd_ntcRaw_madk1p5_spatA3"", ""device"": ""cuda"", ""epochs"": 30, ""extraction_rule_family"": ""threshold"", ""extraction_rule_id"": ""first_above_K5_thr0p5"", ""extraction_rule_label"": ""first t: P>0.5 (K=5)"", ""k_consecutive"": 3, ""lr"": 0.001, ""max_train_pixels"": null, ""method"": ""P1.2 F-B sliding-window classifier (Paper 18 / Li et al. 2024 adaptation)"", ""n_params"": 166305, ""n_test_pixels"": 5014, ""n_train_pixels"": 17225, ""n_val_pixels"": 5678, ""samples_per_min"": 15, ""seed"": 0, ""stride"": 8, ""window"": 90}",3.2428760528564453,2.7236217056274437,-0.4099782943725563,0.4286285290209282,0.1523847098879109,-0.7,False
p1_fb_slide_cls_w90_stride8_spatA3_seed0_first_above_K3_thr0p3,"{""batch_size"": 256, ""cache_stem"": ""regress_all_filt_abcd_ntcRaw_madk1p5_spatA3"", ""device"": ""cuda"", ""epochs"": 30, ""extraction_rule_family"": ""threshold"", ""extraction_rule_id"": ""first_above_K3_thr0p3"", ""extraction_rule_label"": ""first t: P>0.3 (K=3)"", ""k_consecutive"": 3, ""lr"": 0.001, ""max_train_pixels"": null, ""method"": ""P1.2 F-B sliding-window classifier (Paper 18 / Li et al. 2024 adaptation)"", ""n_params"": 166305, ""n_test_pixels"": 5014, ""n_train_pixels"": 17225, ""n_val_pixels"": 5678, ""samples_per_min"": 15, ""seed"": 0, ""stride"": 8, ""window"": 90}",3.4349082946777343,2.866608384704592,-0.2669916152954081,0.1349818815893597,0.1332922140829867,-0.3,False
p1_fb_slide_cls_w90_stride8_spatA3_seed0_first_above_K3_thr0p7,"{""batch_size"": 256, ""cache_stem"": ""regress_all_filt_abcd_ntcRaw_madk1p5_spatA3"", ""device"": ""cuda"", ""epochs"": 30, ""extraction_rule_family"": ""threshold"", ""extraction_rule_id"": ""first_above_K3_thr0p7"", ""extraction_rule_label"": ""first t: P>0.7 (K=3)"", ""k_consecutive"": 3, ""lr"": 0.001, ""max_train_pixels"": null, ""method"": ""P1.2 F-B sliding-window classifier (Paper 18 / Li et al. 2024 adaptation)"", ""n_params"": 166305, ""n_test_pixels"": 5014, ""n_train_pixels"": 17225, ""n_val_pixels"": 5678, ""samples_per_min"": 15, ""seed"": 0, ""stride"": 8, ""window"": 90}",2.9321405410766603,2.4607281242370633,-0.6728718757629365,0.8081506431456573,0.1119861642892364,-0.8999999999999998,False
p1_fb_slide_cls_w90_stride8_spatA3_seed0_fraction_above_lb10_thr0p5_f0p5,"{""batch_size"": 256, ""cache_stem"": ""regress_all_filt_abcd_ntcRaw_madk1p5_spatA3"", ""device"": ""cuda"", ""epochs"": 30, ""extraction_rule_family"": ""threshold"", ""extraction_rule_id"": ""fraction_above_lb10_thr0p5_f0p5"", ""extraction_rule_label"": ""5-of-10 above 0.5"", ""k_consecutive"": 3, ""lr"": 0.001, ""max_train_pixels"": null, ""method"": ""P1.2 F-B sliding-window classifier (Paper 18 / Li et al. 2024 adaptation)"", ""n_params"": 166305, ""n_test_pixels"": 5014, ""n_train_pixels"": 17225, ""n_val_pixels"": 5678, ""samples_per_min"": 15, ""seed"": 0, ""stride"": 8, ""window"": 90}",3.717388153076172,2.7098953758239768,-0.4237046241760231,0.3644771985469837,0.17296365510925,-0.7,False
p1_fb_slide_cls_w90_stride8_spatA3_seed0_end_of_K3_run_thr0p5,"{""batch_size"": 256, ""cache_stem"": ""regress_all_filt_abcd_ntcRaw_madk1p5_spatA3"", ""device"": ""cuda"", ""epochs"": 30, ""extraction_rule_family"": ""threshold"", ""extraction_rule_id"": ""end_of_K3_run_thr0p5"", ""extraction_rule_label"": ""end of first K=3 run above 0.5"", ""k_consecutive"": 3, ""lr"": 0.001, ""max_train_pixels"": null, ""method"": ""P1.2 F-B sliding-window classifier (Paper 18 / Li et al. 2024 adaptation)"", ""n_params"": 166305, ""n_test_pixels"": 5014, ""n_train_pixels"": 17225, ""n_val_pixels"": 5678, ""samples_per_min"": 15, ""seed"": 0, ""stride"": 8, ""window"": 90}",3.3793262481689452,2.7184987579345723,-0.4151012420654275,0.3414266903321975,0.1104159655710964,-0.7,False
p1_fb_slide_cls_w90_stride8_spatA3_seed0_linear_interp_thr0p5,"{""batch_size"": 256, ""cache_stem"": ""regress_all_filt_abcd_ntcRaw_madk1p5_spatA3"", ""device"": ""cuda"", ""epochs"": 30, ""extraction_rule_family"": ""interp"", ""extraction_rule_id"": ""linear_interp_thr0p5"", ""extraction_rule_label"": ""linear interp at P=0.5"", ""k_consecutive"": 3, ""lr"": 0.001, ""max_train_pixels"": null, ""method"": ""P1.2 F-B sliding-window classifier (Paper 18 / Li et al. 2024 adaptation)"", ""n_params"": 166305, ""n_test_pixels"": 5014, ""n_train_pixels"": 17225, ""n_val_pixels"": 5678, ""samples_per_min"": 15, ""seed"": 0, ""stride"": 8, ""window"": 90}",3.3503595352172852,2.781233934020999,-0.3523660659790007,0.2294657145579968,0.1224067301410866,-0.3999999999999999,False
p1_fb_slide_cls_w90_stride8_spatA3_seed0_linear_interp_thr0p3,"{""batch_size"": 256, ""cache_stem"": ""regress_all_filt_abcd_ntcRaw_madk1p5_spatA3"", ""device"": ""cuda"", ""epochs"": 30, ""extraction_rule_family"": ""interp"", ""extraction_rule_id"": ""linear_interp_thr0p3"", ""extraction_rule_label"": ""linear interp at P=0.3"", ""k_consecutive"": 3, ""lr"": 0.001, ""max_train_pixels"": null, ""method"": ""P1.2 F-B sliding-window classifier (Paper 18 / Li et al. 2024 adaptation)"", ""n_params"": 166305, ""n_test_pixels"": 5014, ""n_train_pixels"": 17225, ""n_val_pixels"": 5678, ""samples_per_min"": 15, ""seed"": 0, ""stride"": 8, ""window"": 90}",3.6021800994873048,2.9089227233886743,-0.2246772766113254,0.0994466255040859,0.1413920690436413,-0.3,False
p1_fb_slide_cls_w90_stride8_spatA3_seed0_sigmoid_fit_thr0p5,"{""batch_size"": 256, ""cache_stem"": ""regress_all_filt_abcd_ntcRaw_madk1p5_spatA3"", ""device"": ""cuda"", ""epochs"": 30, ""extraction_rule_family"": ""interp"", ""extraction_rule_id"": ""sigmoid_fit_thr0p5"", ""extraction_rule_label"": ""fit sigmoid, t at P=0.5"", ""k_consecutive"": 3, ""lr"": 0.001, ""max_train_pixels"": null, ""method"": ""P1.2 F-B sliding-window classifier (Paper 18 / Li et al. 2024 adaptation)"", ""n_params"": 166305, ""n_test_pixels"": 5014, ""n_train_pixels"": 17225, ""n_val_pixels"": 5678, ""samples_per_min"": 15, ""seed"": 0, ""stride"": 8, ""window"": 90}",3.211299514770508,2.6698704277038594,-0.4637295722961405,0.5978517971440007,0.1567903501904872,-0.7,False
p1_fb_slide_cls_w90_stride8_spatA3_seed0_first_deriv_peak,"{""batch_size"": 256, ""cache_stem"": ""regress_all_filt_abcd_ntcRaw_madk1p5_spatA3"", ""device"": ""cuda"", ""epochs"": 30, ""extraction_rule_family"": ""deriv"", ""extraction_rule_id"": ""first_deriv_peak"", ""extraction_rule_label"": ""argmax(dP/dt) \u2014 paper-6 analogue"", ""k_consecutive"": 3, ""lr"": 0.001, ""max_train_pixels"": null, ""method"": ""P1.2 F-B sliding-window classifier (Paper 18 / Li et al. 2024 adaptation)"", ""n_params"": 166305, ""n_test_pixels"": 5014, ""n_train_pixels"": 17225, ""n_val_pixels"": 5678, ""samples_per_min"": 15, ""seed"": 0, ""stride"": 8, ""window"": 90}",3.748758888244629,3.006831983184817,-0.1267680168151828,0.0350976163404583,0.2412010067072315,-0.3,False
p1_fb_slide_cls_w90_stride8_spatA3_seed0_second_deriv_peak,"{""batch_size"": 256, ""cache_stem"": ""regress_all_filt_abcd_ntcRaw_madk1p5_spatA3"", ""device"": ""cuda"", ""epochs"": 30, ""extraction_rule_family"": ""deriv"", ""extraction_rule_id"": ""second_deriv_peak"", ""extraction_rule_label"": ""argmax(d\u00b2P/dt\u00b2) \u2014 SDM analogue"", ""k_consecutive"": 3, ""lr"": 0.001, ""max_train_pixels"": null, ""method"": ""P1.2 F-B sliding-window classifier (Paper 18 / Li et al. 2024 adaptation)"", ""n_params"": 166305, ""n_test_pixels"": 5014, ""n_train_pixels"": 17225, ""n_val_pixels"": 5678, ""samples_per_min"": 15, ""seed"": 0, ""stride"": 8, ""window"": 90}",4.731321907043457,3.341419557189943,0.2078195571899434,0.0656292418555923,0.3002346518703278,0.3,False
p1_fb_slide_cls_w90_stride8_spatA3_seed0_inflection_sigmoid,"{""batch_size"": 256, ""cache_stem"": ""regress_all_filt_abcd_ntcRaw_madk1p5_spatA3"", ""device"": ""cuda"", ""epochs"": 30, ""extraction_rule_family"": ""deriv"", ""extraction_rule_id"": ""inflection_sigmoid"", ""extraction_rule_label"": ""sigmoid inflection \u2014 Cy0 analogue"", ""k_consecutive"": 3, ""lr"": 0.001, ""max_train_pixels"": null, ""method"": ""P1.2 F-B sliding-window classifier (Paper 18 / Li et al. 2024 adaptation)"", ""n_params"": 166305, ""n_test_pixels"": 5014, ""n_train_pixels"": 17225, ""n_val_pixels"": 5678, ""samples_per_min"": 15, ""seed"": 0, ""stride"": 8, ""window"": 90}",3.211299514770508,2.6698704277038594,-0.4637295722961405,0.5978517971440007,0.1567903501904872,-0.7,False
p1_fb_slide_cls_w90_stride8_spatA3_seed0_argmax_P,"{""batch_size"": 256, ""cache_stem"": ""regress_all_filt_abcd_ntcRaw_madk1p5_spatA3"", ""device"": ""cuda"", ""epochs"": 30, ""extraction_rule_family"": ""argmax"", ""extraction_rule_id"": ""argmax_P"", ""extraction_rule_label"": ""argmax(P) \u2014 sanity check"", ""k_consecutive"": 3, ""lr"": 0.001, ""max_train_pixels"": null, ""method"": ""P1.2 F-B sliding-window classifier (Paper 18 / Li et al. 2024 adaptation)"", ""n_params"": 166305, ""n_test_pixels"": 5014, ""n_train_pixels"": 17225, ""n_val_pixels"": 5678, ""samples_per_min"": 15, ""seed"": 0, ""stride"": 8, ""window"": 90}",4.480734252929688,2.5977269683837907,-0.5358730316162092,0.2918031088972418,0.1305750212606657,-0.3999999999999999,False
p1_fb_slide_cls_w90_stride8_spatA3_seed0_first_local_max,"{""batch_size"": 256, ""cache_stem"": ""regress_all_filt_abcd_ntcRaw_madk1p5_spatA3"", ""device"": ""cuda"", ""epochs"": 30, ""extraction_rule_family"": ""argmax"", ""extraction_rule_id"": ""first_local_max"", ""extraction_rule_label"": ""first local max of P"", ""k_consecutive"": 3, ""lr"": 0.001, ""max_train_pixels"": null, ""method"": ""P1.2 F-B sliding-window classifier (Paper 18 / Li et al. 2024 adaptation)"", ""n_params"": 166305, ""n_test_pixels"": 5014, ""n_train_pixels"": 17225, ""n_val_pixels"": 5678, ""samples_per_min"": 15, ""seed"": 0, ""stride"": 8, ""window"": 90}",9.75368061065674,3.2461082969665527,0.1125082969665528,0.2485924863018415,0.2472075256659223,0.6,False
p1_fb_slide_cls_w90_stride8_spatA3_seed1_first_above_K1_thr0p5,"{""batch_size"": 256, ""cache_stem"": ""regress_all_filt_abcd_ntcRaw_madk1p5_spatA3"", ""device"": ""cuda"", ""epochs"": 30, ""extraction_rule_family"": ""threshold"", ""extraction_rule_id"": ""first_above_K1_thr0p5"", ""extraction_rule_label"": ""first t: P>0.5 (K=1)"", ""k_consecutive"": 3, ""lr"": 0.001, ""max_train_pixels"": null, ""method"": ""P1.2 F-B sliding-window classifier (Paper 18 / Li et al. 2024 adaptation)"", ""n_params"": 166305, ""n_test_pixels"": 5014, ""n_train_pixels"": 15912, ""n_val_pixels"": 6991, ""samples_per_min"": 15, ""seed"": 1, ""stride"": 8, ""window"": 90}",3.7835361480712897,3.181533292388917,0.0479332923889172,0.006350027522247,0.1735829362639369,0.0999999999999999,False
p1_fb_slide_cls_w90_stride8_spatA3_seed1_first_above_K2_thr0p5,"{""batch_size"": 256, ""cache_stem"": ""regress_all_filt_abcd_ntcRaw_madk1p5_spatA3"", ""device"": ""cuda"", ""epochs"": 30, ""extraction_rule_family"": ""threshold"", ""extraction_rule_id"": ""first_above_K2_thr0p5"", ""extraction_rule_label"": ""first t: P>0.5 (K=2)"", ""k_consecutive"": 3, ""lr"": 0.001, ""max_train_pixels"": null, ""method"": ""P1.2 F-B sliding-window classifier (Paper 18 / Li et al. 2024 adaptation)"", ""n_params"": 166305, ""n_test_pixels"": 5014, ""n_train_pixels"": 15912, ""n_val_pixels"": 6991, ""samples_per_min"": 15, ""seed"": 1, ""stride"": 8, ""window"": 90}",3.705903244018555,3.120139745330812,-0.0134602546691877,0.0005518833559715,0.1715518955071481,0.0999999999999999,False
p1_fb_slide_cls_w90_stride8_spatA3_seed1_first_above_K3_thr0p5,"{""batch_size"": 256, ""cache_stem"": ""regress_all_filt_abcd_ntcRaw_madk1p5_spatA3"", ""device"": ""cuda"", ""epochs"": 30, ""extraction_rule_family"": ""threshold"", ""extraction_rule_id"": ""first_above_K3_thr0p5"", ""extraction_rule_label"": ""first t: P>0.5 (K=3, F-B default)"", ""k_consecutive"": 3, ""lr"": 0.001, ""max_train_pixels"": null, ""method"": ""P1.2 F-B sliding-window classifier (Paper 18 / Li et al. 2024 adaptation)"", ""n_params"": 166305, ""n_test_pixels"": 5014, ""n_train_pixels"": 15912, ""n_val_pixels"": 6991, ""samples_per_min"": 15, ""seed"": 1, ""stride"": 8, ""window"": 90}",3.7116779327392577,3.098055223083498,-0.0355447769165019,0.0039523605239031,0.1731429125377093,0.0999999999999999,False
p1_fb_slide_cls_w90_stride8_spatA3_seed1_first_above_K5_thr0p5,"{""batch_size"": 256, ""cache_stem"": ""regress_all_filt_abcd_ntcRaw_madk1p5_spatA3"", ""device"": ""cuda"", ""epochs"": 30, ""extraction_rule_family"": ""threshold"", ""extraction_rule_id"": ""first_above_K5_thr0p5"", ""extraction_rule_label"": ""first t: P>0.5 (K=5)"", ""k_consecutive"": 3, ""lr"": 0.001, ""max_train_pixels"": null, ""method"": ""P1.2 F-B sliding-window classifier (Paper 18 / Li et al. 2024 adaptation)"", ""n_params"": 166305, ""n_test_pixels"": 5014, ""n_train_pixels"": 15912, ""n_val_pixels"": 6991, ""samples_per_min"": 15, ""seed"": 1, ""stride"": 8, ""window"": 90}",4.234179496765137,3.316076711273195,0.1824767112731948,0.0887775387255911,0.2527959042924952,0.3,False
p1_fb_slide_cls_w90_stride8_spatA3_seed1_first_above_K3_thr0p3,"{""batch_size"": 256, ""cache_stem"": ""regress_all_filt_abcd_ntcRaw_madk1p5_spatA3"", ""device"": ""cuda"", ""epochs"": 30, ""extraction_rule_family"": ""threshold"", ""extraction_rule_id"": ""first_above_K3_thr0p3"", ""extraction_rule_label"": ""first t: P>0.3 (K=3)"", ""k_consecutive"": 3, ""lr"": 0.001, ""max_train_pixels"": null, ""method"": ""P1.2 F-B sliding-window classifier (Paper 18 / Li et al. 2024 adaptation)"", ""n_params"": 166305, ""n_test_pixels"": 5014, ""n_train_pixels"": 15912, ""n_val_pixels"": 6991, ""samples_per_min"": 15, ""seed"": 1, ""stride"": 8, ""window"": 90}",3.9314884185791015,3.234259465789797,0.1006594657897972,0.0268188885402914,0.1846675082961482,0.0999999999999999,False
p1_fb_slide_cls_w90_stride8_spatA3_seed1_first_above_K3_thr0p7,"{""batch_size"": 256, ""cache_stem"": ""regress_all_filt_abcd_ntcRaw_madk1p5_spatA3"", ""device"": ""cuda"", ""epochs"": 30, ""extraction_rule_family"": ""threshold"", ""extraction_rule_id"": ""first_above_K3_thr0p7"", ""extraction_rule_label"": ""first t: P>0.7 (K=3)"", ""k_consecutive"": 3, ""lr"": 0.001, ""max_train_pixels"": null, ""method"": ""P1.2 F-B sliding-window classifier (Paper 18 / Li et al. 2024 adaptation)"", ""n_params"": 166305, ""n_test_pixels"": 5014, ""n_train_pixels"": 15912, ""n_val_pixels"": 6991, ""samples_per_min"": 15, ""seed"": 1, ""stride"": 8, ""window"": 90}",3.5224205017089845,2.826929048156741,-0.306670951843259,0.4052141421276672,0.1565501405640286,-0.6,False
p1_fb_slide_cls_w90_stride8_spatA3_seed1_fraction_above_lb10_thr0p5_f0p5,"{""batch_size"": 256, ""cache_stem"": ""regress_all_filt_abcd_ntcRaw_madk1p5_spatA3"", ""device"": ""cuda"", ""epochs"": 30, ""extraction_rule_family"": ""threshold"", ""extraction_rule_id"": ""fraction_above_lb10_thr0p5_f0p5"", ""extraction_rule_label"": ""5-of-10 above 0.5"", ""k_consecutive"": 3, ""lr"": 0.001, ""max_train_pixels"": null, ""method"": ""P1.2 F-B sliding-window classifier (Paper 18 / Li et al. 2024 adaptation)"", ""n_params"": 166305, ""n_test_pixels"": 5014, ""n_train_pixels"": 15912, ""n_val_pixels"": 6991, ""samples_per_min"": 15, ""seed"": 1, ""stride"": 8, ""window"": 90}",4.324791145324707,3.2390627418518085,0.1054627418518087,0.0476197476483412,0.2824305739784459,0.0999999999999999,False
p1_fb_slide_cls_w90_stride8_spatA3_seed1_end_of_K3_run_thr0p5,"{""batch_size"": 256, ""cache_stem"": ""regress_all_filt_abcd_ntcRaw_madk1p5_spatA3"", ""device"": ""cuda"", ""epochs"": 30, ""extraction_rule_family"": ""threshold"", ""extraction_rule_id"": ""end_of_K3_run_thr0p5"", ""extraction_rule_label"": ""end of first K=3 run above 0.5"", ""k_consecutive"": 3, ""lr"": 0.001, ""max_train_pixels"": null, ""method"": ""P1.2 F-B sliding-window classifier (Paper 18 / Li et al. 2024 adaptation)"", ""n_params"": 166305, ""n_test_pixels"": 5014, ""n_train_pixels"": 15912, ""n_val_pixels"": 6991, ""samples_per_min"": 15, ""seed"": 1, ""stride"": 8, ""window"": 90}",3.9279409408569337,3.1026010070800805,-0.0309989929199196,0.0029780550188037,0.1590139266879947,0.0999999999999999,False
p1_fb_slide_cls_w90_stride8_spatA3_seed1_linear_interp_thr0p5,"{""batch_size"": 256, ""cache_stem"": ""regress_all_filt_abcd_ntcRaw_madk1p5_spatA3"", ""device"": ""cuda"", ""epochs"": 30, ""extraction_rule_family"": ""interp"", ""extraction_rule_id"": ""linear_interp_thr0p5"", ""extraction_rule_label"": ""linear interp at P=0.5"", ""k_consecutive"": 3, ""lr"": 0.001, ""max_train_pixels"": null, ""method"": ""P1.2 F-B sliding-window classifier (Paper 18 / Li et al. 2024 adaptation)"", ""n_params"": 166305, ""n_test_pixels"": 5014, ""n_train_pixels"": 15912, ""n_val_pixels"": 6991, ""samples_per_min"": 15, ""seed"": 1, ""stride"": 8, ""window"": 90}",3.8360645294189455,3.1790426765441913,0.0454426765441913,0.0057564563950986,0.1751402804620315,0.0999999999999999,False
p1_fb_slide_cls_w90_stride8_spatA3_seed1_linear_interp_thr0p3,"{""batch_size"": 256, ""cache_stem"": ""regress_all_filt_abcd_ntcRaw_madk1p5_spatA3"", ""device"": ""cuda"", ""epochs"": 30, ""extraction_rule_family"": ""interp"", ""extraction_rule_id"": ""linear_interp_thr0p3"", ""extraction_rule_label"": ""linear interp at P=0.3"", ""k_consecutive"": 3, ""lr"": 0.001, ""max_train_pixels"": null, ""method"": ""P1.2 F-B sliding-window classifier (Paper 18 / Li et al. 2024 adaptation)"", ""n_params"": 166305, ""n_test_pixels"": 5014, ""n_train_pixels"": 15912, ""n_val_pixels"": 6991, ""samples_per_min"": 15, ""seed"": 1, ""stride"": 8, ""window"": 90}",4.09203987121582,3.274472383117677,0.1408723831176772,0.0498363742999076,0.1928433612618672,0.0999999999999999,False
p1_fb_slide_cls_w90_stride8_spatA3_seed1_sigmoid_fit_thr0p5,"{""batch_size"": 256, ""cache_stem"": ""regress_all_filt_abcd_ntcRaw_madk1p5_spatA3"", ""device"": ""cuda"", ""epochs"": 30, ""extraction_rule_family"": ""interp"", ""extraction_rule_id"": ""sigmoid_fit_thr0p5"", ""extraction_rule_label"": ""fit sigmoid, t at P=0.5"", ""k_consecutive"": 3, ""lr"": 0.001, ""max_train_pixels"": null, ""method"": ""P1.2 F-B sliding-window classifier (Paper 18 / Li et al. 2024 adaptation)"", ""n_params"": 166305, ""n_test_pixels"": 5014, ""n_train_pixels"": 15912, ""n_val_pixels"": 6991, ""samples_per_min"": 15, ""seed"": 1, ""stride"": 8, ""window"": 90}",4.825533676147461,3.866874459838867,0.7332744598388679,0.8263467794259027,0.2740959837474546,0.8999999999999998,False
p1_fb_slide_cls_w90_stride8_spatA3_seed1_first_deriv_peak,"{""batch_size"": 256, ""cache_stem"": ""regress_all_filt_abcd_ntcRaw_madk1p5_spatA3"", ""device"": ""cuda"", ""epochs"": 30, ""extraction_rule_family"": ""deriv"", ""extraction_rule_id"": ""first_deriv_peak"", ""extraction_rule_label"": ""argmax(dP/dt) \u2014 paper-6 analogue"", ""k_consecutive"": 3, ""lr"": 0.001, ""max_train_pixels"": null, ""method"": ""P1.2 F-B sliding-window classifier (Paper 18 / Li et al. 2024 adaptation)"", ""n_params"": 166305, ""n_test_pixels"": 5014, ""n_train_pixels"": 15912, ""n_val_pixels"": 6991, ""samples_per_min"": 15, ""seed"": 1, ""stride"": 8, ""window"": 90}",6.298753356933593,4.340035775756837,1.2064357757568367,0.6472446447168674,0.2828753519863959,0.6,False
p1_fb_slide_cls_w90_stride8_spatA3_seed1_second_deriv_peak,"{""batch_size"": 256, ""cache_stem"": ""regress_all_filt_abcd_ntcRaw_madk1p5_spatA3"", ""device"": ""cuda"", ""epochs"": 30, ""extraction_rule_family"": ""deriv"", ""extraction_rule_id"": ""second_deriv_peak"", ""extraction_rule_label"": ""argmax(d\u00b2P/dt\u00b2) \u2014 SDM analogue"", ""k_consecutive"": 3, ""lr"": 0.001, ""max_train_pixels"": null, ""method"": ""P1.2 F-B sliding-window classifier (Paper 18 / Li et al. 2024 adaptation)"", ""n_params"": 166305, ""n_test_pixels"": 5014, ""n_train_pixels"": 15912, ""n_val_pixels"": 6991, ""samples_per_min"": 15, ""seed"": 1, ""stride"": 8, ""window"": 90}",6.3462169647216795,3.5795403991699235,0.4459403991699236,0.2188358983018415,0.2445046979242815,0.6,False
p1_fb_slide_cls_w90_stride8_spatA3_seed1_inflection_sigmoid,"{""batch_size"": 256, ""cache_stem"": ""regress_all_filt_abcd_ntcRaw_madk1p5_spatA3"", ""device"": ""cuda"", ""epochs"": 30, ""extraction_rule_family"": ""deriv"", ""extraction_rule_id"": ""inflection_sigmoid"", ""extraction_rule_label"": ""sigmoid inflection \u2014 Cy0 analogue"", ""k_consecutive"": 3, ""lr"": 0.001, ""max_train_pixels"": null, ""method"": ""P1.2 F-B sliding-window classifier (Paper 18 / Li et al. 2024 adaptation)"", ""n_params"": 166305, ""n_test_pixels"": 5014, ""n_train_pixels"": 15912, ""n_val_pixels"": 6991, ""samples_per_min"": 15, ""seed"": 1, ""stride"": 8, ""window"": 90}",4.825533676147461,3.866874459838867,0.7332744598388679,0.8263467794259027,0.2740959837474546,0.8999999999999998,False
p1_fb_slide_cls_w90_stride8_spatA3_seed1_argmax_P,"{""batch_size"": 256, ""cache_stem"": ""regress_all_filt_abcd_ntcRaw_madk1p5_spatA3"", ""device"": ""cuda"", ""epochs"": 30, ""extraction_rule_family"": ""argmax"", ""extraction_rule_id"": ""argmax_P"", ""extraction_rule_label"": ""argmax(P) \u2014 sanity check"", ""k_consecutive"": 3, ""lr"": 0.001, ""max_train_pixels"": null, ""method"": ""P1.2 F-B sliding-window classifier (Paper 18 / Li et al. 2024 adaptation)"", ""n_params"": 166305, ""n_test_pixels"": 5014, ""n_train_pixels"": 15912, ""n_val_pixels"": 6991, ""samples_per_min"": 15, ""seed"": 1, ""stride"": 8, ""window"": 90}",5.143991088867187,2.407641175842288,-0.7259588241577122,0.6679390217992084,0.1188583592309307,-0.8999999999999998,False
p1_fb_slide_cls_w90_stride8_spatA3_seed1_first_local_max,"{""batch_size"": 256, ""cache_stem"": ""regress_all_filt_abcd_ntcRaw_madk1p5_spatA3"", ""device"": ""cuda"", ""epochs"": 30, ""extraction_rule_family"": ""argmax"", ""extraction_rule_id"": ""first_local_max"", ""extraction_rule_label"": ""first local max of P"", ""k_consecutive"": 3, ""lr"": 0.001, ""max_train_pixels"": null, ""method"": ""P1.2 F-B sliding-window classifier (Paper 18 / Li et al. 2024 adaptation)"", ""n_params"": 166305, ""n_test_pixels"": 5014, ""n_train_pixels"": 15912, ""n_val_pixels"": 6991, ""samples_per_min"": 15, ""seed"": 1, ""stride"": 8, ""window"": 90}",9.63414478302002,3.2629992042541507,0.1293992042541506,0.3726852071141159,0.2936992959243733,0.6,False
p1_fb_slide_cls_w90_stride8_spatA3_seed2_first_above_K1_thr0p5,"{""batch_size"": 256, ""cache_stem"": ""regress_all_filt_abcd_ntcRaw_madk1p5_spatA3"", ""device"": ""cuda"", ""epochs"": 30, ""extraction_rule_family"": ""threshold"", ""extraction_rule_id"": ""first_above_K1_thr0p5"", ""extraction_rule_label"": ""first t: P>0.5 (K=1)"", ""k_consecutive"": 3, ""lr"": 0.001, ""max_train_pixels"": null, ""method"": ""P1.2 F-B sliding-window classifier (Paper 18 / Li et al. 2024 adaptation)"", ""n_params"": 166305, ""n_test_pixels"": 5014, ""n_train_pixels"": 17225, ""n_val_pixels"": 5678, ""samples_per_min"": 15, ""seed"": 2, ""stride"": 8, ""window"": 90}",3.358591651916504,2.8347467933654813,-0.2988532066345185,0.1587920528540645,0.1210528316001249,-0.3,False
p1_fb_slide_cls_w90_stride8_spatA3_seed2_first_above_K2_thr0p5,"{""batch_size"": 256, ""cache_stem"": ""regress_all_filt_abcd_ntcRaw_madk1p5_spatA3"", ""device"": ""cuda"", ""epochs"": 30, ""extraction_rule_family"": ""threshold"", ""extraction_rule_id"": ""first_above_K2_thr0p5"", ""extraction_rule_label"": ""first t: P>0.5 (K=2)"", ""k_consecutive"": 3, ""lr"": 0.001, ""max_train_pixels"": null, ""method"": ""P1.2 F-B sliding-window classifier (Paper 18 / Li et al. 2024 adaptation)"", ""n_params"": 166305, ""n_test_pixels"": 5014, ""n_train_pixels"": 17225, ""n_val_pixels"": 5678, ""samples_per_min"": 15, ""seed"": 2, ""stride"": 8, ""window"": 90}",3.3275424957275392,2.808718160247805,-0.3248818397521947,0.1884513599083817,0.1189545028522806,-0.3,False
p1_fb_slide_cls_w90_stride8_spatA3_seed2_first_above_K3_thr0p5,"{""batch_size"": 256, ""cache_stem"": ""regress_all_filt_abcd_ntcRaw_madk1p5_spatA3"", ""device"": ""cuda"", ""epochs"": 30, ""extraction_rule_family"": ""threshold"", ""extraction_rule_id"": ""first_above_K3_thr0p5"", ""extraction_rule_label"": ""first t: P>0.5 (K=3, F-B default)"", ""k_consecutive"": 3, ""lr"": 0.001, ""max_train_pixels"": null, ""method"": ""P1.2 F-B sliding-window classifier (Paper 18 / Li et al. 2024 adaptation)"", ""n_params"": 166305, ""n_test_pixels"": 5014, ""n_train_pixels"": 17225, ""n_val_pixels"": 5678, ""samples_per_min"": 15, ""seed"": 2, ""stride"": 8, ""window"": 90}",3.302874946594238,2.7871864830017117,-0.3464135169982884,0.2151552405984994,0.1180788130260857,-0.3,False
p1_fb_slide_cls_w90_stride8_spatA3_seed2_first_above_K5_thr0p5,"{""batch_size"": 256, ""cache_stem"": ""regress_all_filt_abcd_ntcRaw_madk1p5_spatA3"", ""device"": ""cuda"", ""epochs"": 30, ""extraction_rule_family"": ""threshold"", ""extraction_rule_id"": ""first_above_K5_thr0p5"", ""extraction_rule_label"": ""first t: P>0.5 (K=5)"", ""k_consecutive"": 3, ""lr"": 0.001, ""max_train_pixels"": null, ""method"": ""P1.2 F-B sliding-window classifier (Paper 18 / Li et al. 2024 adaptation)"", ""n_params"": 166305, ""n_test_pixels"": 5014, ""n_train_pixels"": 17225, ""n_val_pixels"": 5678, ""samples_per_min"": 15, ""seed"": 2, ""stride"": 8, ""window"": 90}",3.2706708908081055,2.763045934295656,-0.370554065704344,0.2481117132731233,0.124902200462384,-0.3,False
p1_fb_slide_cls_w90_stride8_spatA3_seed2_first_above_K3_thr0p3,"{""batch_size"": 256, ""cache_stem"": ""regress_all_filt_abcd_ntcRaw_madk1p5_spatA3"", ""device"": ""cuda"", ""epochs"": 30, ""extraction_rule_family"": ""threshold"", ""extraction_rule_id"": ""first_above_K3_thr0p3"", ""extraction_rule_label"": ""first t: P>0.3 (K=3)"", ""k_consecutive"": 3, ""lr"": 0.001, ""max_train_pixels"": null, ""method"": ""P1.2 F-B sliding-window classifier (Paper 18 / Li et al. 2024 adaptation)"", ""n_params"": 166305, ""n_test_pixels"": 5014, ""n_train_pixels"": 17225, ""n_val_pixels"": 5678, ""samples_per_min"": 15, ""seed"": 2, ""stride"": 8, ""window"": 90}",3.618842315673828,2.9921712432861343,-0.1414287567138654,0.0350369763160287,0.1389269460302748,-0.3,False
p1_fb_slide_cls_w90_stride8_spatA3_seed2_first_above_K3_thr0p7,"{""batch_size"": 256, ""cache_stem"": ""regress_all_filt_abcd_ntcRaw_madk1p5_spatA3"", ""device"": ""cuda"", ""epochs"": 30, ""extraction_rule_family"": ""threshold"", ""extraction_rule_id"": ""first_above_K3_thr0p7"", ""extraction_rule_label"": ""first t: P>0.7 (K=3)"", ""k_consecutive"": 3, ""lr"": 0.001, ""max_train_pixels"": null, ""method"": ""P1.2 F-B sliding-window classifier (Paper 18 / Li et al. 2024 adaptation)"", ""n_params"": 166305, ""n_test_pixels"": 5014, ""n_train_pixels"": 17225, ""n_val_pixels"": 5678, ""samples_per_min"": 15, ""seed"": 2, ""stride"": 8, ""window"": 90}",2.9751075744628905,2.5054422889709502,-0.6281577110290497,0.653419163669401,0.1019514624275094,-0.7,False
p1_fb_slide_cls_w90_stride8_spatA3_seed2_fraction_above_lb10_thr0p5_f0p5,"{""batch_size"": 256, ""cache_stem"": ""regress_all_filt_abcd_ntcRaw_madk1p5_spatA3"", ""device"": ""cuda"", ""epochs"": 30, ""extraction_rule_family"": ""threshold"", ""extraction_rule_id"": ""fraction_above_lb10_thr0p5_f0p5"", ""extraction_rule_label"": ""5-of-10 above 0.5"", ""k_consecutive"": 3, ""lr"": 0.001, ""max_train_pixels"": null, ""method"": ""P1.2 F-B sliding-window classifier (Paper 18 / Li et al. 2024 adaptation)"", ""n_params"": 166305, ""n_test_pixels"": 5014, ""n_train_pixels"": 17225, ""n_val_pixels"": 5678, ""samples_per_min"": 15, ""seed"": 2, ""stride"": 8, ""window"": 90}",3.8361227035522463,2.790580323791506,-0.3430196762084939,0.2115745815317391,0.1570073306604657,-0.3,False
p1_fb_slide_cls_w90_stride8_spatA3_seed2_end_of_K3_run_thr0p5,"{""batch_size"": 256, ""cache_stem"": ""regress_all_filt_abcd_ntcRaw_madk1p5_spatA3"", ""device"": ""cuda"", ""epochs"": 30, ""extraction_rule_family"": ""threshold"", ""extraction_rule_id"": ""end_of_K3_run_thr0p5"", ""extraction_rule_label"": ""end of first K=3 run above 0.5"", ""k_consecutive"": 3, ""lr"": 0.001, ""max_train_pixels"": null, ""method"": ""P1.2 F-B sliding-window classifier (Paper 18 / Li et al. 2024 adaptation)"", ""n_params"": 166305, ""n_test_pixels"": 5014, ""n_train_pixels"": 17225, ""n_val_pixels"": 5678, ""samples_per_min"": 15, ""seed"": 2, ""stride"": 8, ""window"": 90}",3.466056060791016,2.7871866737365747,-0.3464133262634251,0.2151552041521913,0.1094056476219055,-0.3,False
p1_fb_slide_cls_w90_stride8_spatA3_seed2_linear_interp_thr0p5,"{""batch_size"": 256, ""cache_stem"": ""regress_all_filt_abcd_ntcRaw_madk1p5_spatA3"", ""device"": ""cuda"", ""epochs"": 30, ""extraction_rule_family"": ""interp"", ""extraction_rule_id"": ""linear_interp_thr0p5"", ""extraction_rule_label"": ""linear interp at P=0.5"", ""k_consecutive"": 3, ""lr"": 0.001, ""max_train_pixels"": null, ""method"": ""P1.2 F-B sliding-window classifier (Paper 18 / Li et al. 2024 adaptation)"", ""n_params"": 166305, ""n_test_pixels"": 5014, ""n_train_pixels"": 17225, ""n_val_pixels"": 5678, ""samples_per_min"": 15, ""seed"": 2, ""stride"": 8, ""window"": 90}",3.4124956130981445,2.8333391700744652,-0.3002608299255345,0.1613470786030456,0.1219265824030479,-0.3,False
p1_fb_slide_cls_w90_stride8_spatA3_seed2_linear_interp_thr0p3,"{""batch_size"": 256, ""cache_stem"": ""regress_all_filt_abcd_ntcRaw_madk1p5_spatA3"", ""device"": ""cuda"", ""epochs"": 30, ""extraction_rule_family"": ""interp"", ""extraction_rule_id"": ""linear_interp_thr0p3"", ""extraction_rule_label"": ""linear interp at P=0.3"", ""k_consecutive"": 3, ""lr"": 0.001, ""max_train_pixels"": null, ""method"": ""P1.2 F-B sliding-window classifier (Paper 18 / Li et al. 2024 adaptation)"", ""n_params"": 166305, ""n_test_pixels"": 5014, ""n_train_pixels"": 17225, ""n_val_pixels"": 5678, ""samples_per_min"": 15, ""seed"": 2, ""stride"": 8, ""window"": 90}",3.722807121276856,3.0155234848022485,-0.1180765151977516,0.0253849962169372,0.146159897434402,-0.3,False
p1_fb_slide_cls_w90_stride8_spatA3_seed2_sigmoid_fit_thr0p5,"{""batch_size"": 256, ""cache_stem"": ""regress_all_filt_abcd_ntcRaw_madk1p5_spatA3"", ""device"": ""cuda"", ""epochs"": 30, ""extraction_rule_family"": ""interp"", ""extraction_rule_id"": ""sigmoid_fit_thr0p5"", ""extraction_rule_label"": ""fit sigmoid, t at P=0.5"", ""k_consecutive"": 3, ""lr"": 0.001, ""max_train_pixels"": null, ""method"": ""P1.2 F-B sliding-window classifier (Paper 18 / Li et al. 2024 adaptation)"", ""n_params"": 166305, ""n_test_pixels"": 5014, ""n_train_pixels"": 17225, ""n_val_pixels"": 5678, ""samples_per_min"": 15, ""seed"": 2, ""stride"": 8, ""window"": 90}",3.25628547668457,2.675511602020266,-0.4580883979797343,0.4825986094247763,0.1526126806579777,-0.6,False
p1_fb_slide_cls_w90_stride8_spatA3_seed2_first_deriv_peak,"{""batch_size"": 256, ""cache_stem"": ""regress_all_filt_abcd_ntcRaw_madk1p5_spatA3"", ""device"": ""cuda"", ""epochs"": 30, ""extraction_rule_family"": ""deriv"", ""extraction_rule_id"": ""first_deriv_peak"", ""extraction_rule_label"": ""argmax(dP/dt) \u2014 paper-6 analogue"", ""k_consecutive"": 3, ""lr"": 0.001, ""max_train_pixels"": null, ""method"": ""P1.2 F-B sliding-window classifier (Paper 18 / Li et al. 2024 adaptation)"", ""n_params"": 166305, ""n_test_pixels"": 5014, ""n_train_pixels"": 17225, ""n_val_pixels"": 5678, ""samples_per_min"": 15, ""seed"": 2, ""stride"": 8, ""window"": 90}",4.183274459838867,3.4634069953918467,0.3298069953918466,0.565196730409417,0.2811978996005521,0.7,False
p1_fb_slide_cls_w90_stride8_spatA3_seed2_second_deriv_peak,"{""batch_size"": 256, ""cache_stem"": ""regress_all_filt_abcd_ntcRaw_madk1p5_spatA3"", ""device"": ""cuda"", ""epochs"": 30, ""extraction_rule_family"": ""deriv"", ""extraction_rule_id"": ""second_deriv_peak"", ""extraction_rule_label"": ""argmax(d\u00b2P/dt\u00b2) \u2014 SDM analogue"", ""k_consecutive"": 3, ""lr"": 0.001, ""max_train_pixels"": null, ""method"": ""P1.2 F-B sliding-window classifier (Paper 18 / Li et al. 2024 adaptation)"", ""n_params"": 166305, ""n_test_pixels"": 5014, ""n_train_pixels"": 17225, ""n_val_pixels"": 5678, ""samples_per_min"": 15, ""seed"": 2, ""stride"": 8, ""window"": 90}",5.365954208374023,3.9376914535522465,0.8040914535522465,0.7760299944499562,0.2902278093309046,0.7999999999999999,False
p1_fb_slide_cls_w90_stride8_spatA3_seed2_inflection_sigmoid,"{""batch_size"": 256, ""cache_stem"": ""regress_all_filt_abcd_ntcRaw_madk1p5_spatA3"", ""device"": ""cuda"", ""epochs"": 30, ""extraction_rule_family"": ""deriv"", ""extraction_rule_id"": ""inflection_sigmoid"", ""extraction_rule_label"": ""sigmoid inflection \u2014 Cy0 analogue"", ""k_consecutive"": 3, ""lr"": 0.001, ""max_train_pixels"": null, ""method"": ""P1.2 F-B sliding-window classifier (Paper 18 / Li et al. 2024 adaptation)"", ""n_params"": 166305, ""n_test_pixels"": 5014, ""n_train_pixels"": 17225, ""n_val_pixels"": 5678, ""samples_per_min"": 15, ""seed"": 2, ""stride"": 8, ""window"": 90}",3.25628547668457,2.675511602020266,-0.4580883979797343,0.4825986094247763,0.1526126806579777,-0.6,False
p1_fb_slide_cls_w90_stride8_spatA3_seed2_argmax_P,"{""batch_size"": 256, ""cache_stem"": ""regress_all_filt_abcd_ntcRaw_madk1p5_spatA3"", ""device"": ""cuda"", ""epochs"": 30, ""extraction_rule_family"": ""argmax"", ""extraction_rule_id"": ""argmax_P"", ""extraction_rule_label"": ""argmax(P) \u2014 sanity check"", ""k_consecutive"": 3, ""lr"": 0.001, ""max_train_pixels"": null, ""method"": ""P1.2 F-B sliding-window classifier (Paper 18 / Li et al. 2024 adaptation)"", ""n_params"": 166305, ""n_test_pixels"": 5014, ""n_train_pixels"": 17225, ""n_val_pixels"": 5678, ""samples_per_min"": 15, ""seed"": 2, ""stride"": 8, ""window"": 90}",4.948931503295898,1.7004348312377977,-1.4331651687622025,0.9645681790626236,0.0833961378506293,-1.0,True
p1_fb_slide_cls_w90_stride8_spatA3_seed2_first_local_max,"{""batch_size"": 256, ""cache_stem"": ""regress_all_filt_abcd_ntcRaw_madk1p5_spatA3"", ""device"": ""cuda"", ""epochs"": 30, ""extraction_rule_family"": ""argmax"", ""extraction_rule_id"": ""first_local_max"", ""extraction_rule_label"": ""first local max of P"", ""k_consecutive"": 3, ""lr"": 0.001, ""max_train_pixels"": null, ""method"": ""P1.2 F-B sliding-window classifier (Paper 18 / Li et al. 2024 adaptation)"", ""n_params"": 166305, ""n_test_pixels"": 5014, ""n_train_pixels"": 17225, ""n_val_pixels"": 5678, ""samples_per_min"": 15, ""seed"": 2, ""stride"": 8, ""window"": 90}",9.794324111938476,3.1921937023162843,0.05859370231628442,0.06467143654201624,0.2719661028072087,0.09999999999999999,False
