method_id,config_json,per_well_mae_min,slope_proximity_min_per_decade,slope_min_per_decade,per_well_r2,within_well_cov,spearman_r_well_means,passes_spearman_filter
p1_fa_curriculum_s12_to_s3_wmse_seed0_curriculum_s12_to_3_wmse0.1,"{""batch_size"": 32, ""cache"": ""regress_all_filt_abcd_ntcRaw_madk1p5_spatA3"", ""curriculum_sigma"": true, ""device"": ""cuda"", ""epochs"": 40, ""experiment"": ""p1_fa_curriculum_s12_to_s3_wmse"", ""focal_gamma"": null, ""loss"": ""wmse"", ""lr"": 0.001, ""lr_gamma"": 0.75, ""lr_step"": 10, ""method"": ""F6 PDF regression (cnn1d backbone, soft Gaussian target)"", ""n_parameters"": 9025, ""n_samples"": 450, ""n_test"": 5014, ""n_train"": 17225, ""n_val"": 5678, ""samples_per_min"": 15, ""seed"": 0, ""sigma_end"": 3.0, ""sigma_samples"": 5.0, ""sigma_seconds"": 20.0, ""sigma_start"": 12.0, ""started_at"": ""2026-07-13T16:00:43.158704"", ""test_chips"": [""D20240719_E03_C44_F4500KHz_U_COV_SD""], ""val_chips_held_out"": [""D20240821_E01_C09_F4500KHz_U_1e6""], ""val_n_chips"": 1, ""wmse_base"": 0.1}",3.6660745620727537,2.441000894165042,-0.6925991058349582,0.9421376294616788,0.1345090161949693,-1.0,True
p1_fa_curriculum_s12_to_s3_wmse_seed1_curriculum_s12_to_3_wmse0.1,"{""batch_size"": 32, ""cache"": ""regress_all_filt_abcd_ntcRaw_madk1p5_spatA3"", ""curriculum_sigma"": true, ""device"": ""cuda"", ""epochs"": 40, ""experiment"": ""p1_fa_curriculum_s12_to_s3_wmse"", ""focal_gamma"": null, ""loss"": ""wmse"", ""lr"": 0.001, ""lr_gamma"": 0.75, ""lr_step"": 10, ""method"": ""F6 PDF regression (cnn1d backbone, soft Gaussian target)"", ""n_parameters"": 9025, ""n_samples"": 450, ""n_test"": 5014, ""n_train"": 15912, ""n_val"": 6991, ""samples_per_min"": 15, ""seed"": 1, ""sigma_end"": 3.0, ""sigma_samples"": 5.0, ""sigma_seconds"": 20.0, ""sigma_start"": 12.0, ""started_at"": ""2026-07-13T16:01:28.706052"", ""test_chips"": [""D20240719_E03_C44_F4500KHz_U_COV_SD""], ""val_chips_held_out"": [""D20240822_E02_C00_F4500KHz_U_1e9""], ""val_n_chips"": 1, ""wmse_base"": 0.1}",3.253870964050293,2.341250279998782,-0.7923497200012182,0.9807888895881962,0.1370289765820105,-1.0,True
p1_fa_curriculum_s12_to_s3_wmse_seed2_curriculum_s12_to_3_wmse0.1,"{""batch_size"": 32, ""cache"": ""regress_all_filt_abcd_ntcRaw_madk1p5_spatA3"", ""curriculum_sigma"": true, ""device"": ""cuda"", ""epochs"": 40, ""experiment"": ""p1_fa_curriculum_s12_to_s3_wmse"", ""focal_gamma"": null, ""loss"": ""wmse"", ""lr"": 0.001, ""lr_gamma"": 0.75, ""lr_step"": 10, ""method"": ""F6 PDF regression (cnn1d backbone, soft Gaussian target)"", ""n_parameters"": 9025, ""n_samples"": 450, ""n_test"": 5014, ""n_train"": 17225, ""n_val"": 5678, ""samples_per_min"": 15, ""seed"": 2, ""sigma_end"": 3.0, ""sigma_samples"": 5.0, ""sigma_seconds"": 20.0, ""sigma_start"": 12.0, ""started_at"": ""2026-07-13T16:01:28.706262"", ""test_chips"": [""D20240719_E03_C44_F4500KHz_U_COV_SD""], ""val_chips_held_out"": [""D20240821_E01_C09_F4500KHz_U_1e6""], ""val_n_chips"": 1, ""wmse_base"": 0.1}",3.324568939208985,2.1272250686645533,-1.0063749313354469,0.980952120551769,0.115588326024371,-1.0,True
p1_fa_focal_mse_seed0_sigma5_focal_mse_g2,"{""batch_size"": 32, ""cache"": ""regress_all_filt_abcd_ntcRaw_madk1p5_spatA3"", ""curriculum_sigma"": false, ""device"": ""cuda"", ""epochs"": 40, ""experiment"": ""p1_fa_focal_mse"", ""focal_gamma"": 2.0, ""loss"": ""focal_mse"", ""lr"": 0.001, ""lr_gamma"": 0.75, ""lr_step"": 10, ""method"": ""F6 PDF regression (cnn1d backbone, soft Gaussian target)"", ""n_parameters"": 9025, ""n_samples"": 450, ""n_test"": 5014, ""n_train"": 17225, ""n_val"": 5678, ""samples_per_min"": 15, ""seed"": 0, ""sigma_end"": null, ""sigma_samples"": 5.0, ""sigma_seconds"": 20.0, ""sigma_start"": null, ""started_at"": ""2026-07-13T15:52:55.969811"", ""test_chips"": [""D20240719_E03_C44_F4500KHz_U_COV_SD""], ""val_chips_held_out"": [""D20240821_E01_C09_F4500KHz_U_1e6""], ""val_n_chips"": 1, ""wmse_base"": null}",4.166537857055664,3.226512292480471,0.0929122924804711,0.0157326064363602,0.167872158795403,0.0999999999999999,False
p1_fa_focal_mse_seed1_sigma5_focal_mse_g2,"{""batch_size"": 32, ""cache"": ""regress_all_filt_abcd_ntcRaw_madk1p5_spatA3"", ""curriculum_sigma"": false, ""device"": ""cuda"", ""epochs"": 40, ""experiment"": ""p1_fa_focal_mse"", ""focal_gamma"": 2.0, ""loss"": ""focal_mse"", ""lr"": 0.001, ""lr_gamma"": 0.75, ""lr_step"": 10, ""method"": ""F6 PDF regression (cnn1d backbone, soft Gaussian target)"", ""n_parameters"": 9025, ""n_samples"": 450, ""n_test"": 5014, ""n_train"": 15912, ""n_val"": 6991, ""samples_per_min"": 15, ""seed"": 1, ""sigma_end"": null, ""sigma_samples"": 5.0, ""sigma_seconds"": 20.0, ""sigma_start"": null, ""started_at"": ""2026-07-13T15:52:55.975404"", ""test_chips"": [""D20240719_E03_C44_F4500KHz_U_COV_SD""], ""val_chips_held_out"": [""D20240822_E02_C00_F4500KHz_U_1e9""], ""val_n_chips"": 1, ""wmse_base"": null}",3.1185754776000976,2.5015191589355497,-0.6320808410644503,0.973054045273382,0.1689132436788578,-1.0,True
p1_fa_focal_mse_seed2_sigma5_focal_mse_g2,"{""batch_size"": 32, ""cache"": ""regress_all_filt_abcd_ntcRaw_madk1p5_spatA3"", ""curriculum_sigma"": false, ""device"": ""cuda"", ""epochs"": 40, ""experiment"": ""p1_fa_focal_mse"", ""focal_gamma"": 2.0, ""loss"": ""focal_mse"", ""lr"": 0.001, ""lr_gamma"": 0.75, ""lr_step"": 10, ""method"": ""F6 PDF regression (cnn1d backbone, soft Gaussian target)"", ""n_parameters"": 9025, ""n_samples"": 450, ""n_test"": 5014, ""n_train"": 17225, ""n_val"": 5678, ""samples_per_min"": 15, ""seed"": 2, ""sigma_end"": null, ""sigma_samples"": 5.0, ""sigma_seconds"": 20.0, ""sigma_start"": null, ""started_at"": ""2026-07-13T15:55:50.055581"", ""test_chips"": [""D20240719_E03_C44_F4500KHz_U_COV_SD""], ""val_chips_held_out"": [""D20240821_E01_C09_F4500KHz_U_1e6""], ""val_n_chips"": 1, ""wmse_base"": null}",3.969284057617187,2.95685315475464,-0.1767468452453598,0.0654863089986304,0.13436914836861,-0.3,False
p1_fa_kl_seed0_sigma5_kl,"{""batch_size"": 32, ""cache"": ""regress_all_filt_abcd_ntcRaw_madk1p5_spatA3"", ""curriculum_sigma"": false, ""device"": ""cuda"", ""epochs"": 40, ""experiment"": ""p1_fa_kl"", ""focal_gamma"": null, ""loss"": ""kl"", ""lr"": 0.001, ""lr_gamma"": 0.75, ""lr_step"": 10, ""method"": ""F6 PDF regression (cnn1d backbone, soft Gaussian target)"", ""n_parameters"": 9025, ""n_samples"": 450, ""n_test"": 5014, ""n_train"": 17225, ""n_val"": 5678, ""samples_per_min"": 15, ""seed"": 0, ""sigma_end"": null, ""sigma_samples"": 5.0, ""sigma_seconds"": 20.0, ""sigma_start"": null, ""started_at"": ""2026-07-13T15:55:50.056054"", ""test_chips"": [""D20240719_E03_C44_F4500KHz_U_COV_SD""], ""val_chips_held_out"": [""D20240821_E01_C09_F4500KHz_U_1e6""], ""val_n_chips"": 1, ""wmse_base"": null}",3.630481147766113,2.801810029602052,-0.3317899703979478,0.4577784375131493,0.1656173735630715,-0.7,False
p1_fa_kl_seed1_sigma5_kl,"{""batch_size"": 32, ""cache"": ""regress_all_filt_abcd_ntcRaw_madk1p5_spatA3"", ""curriculum_sigma"": false, ""device"": ""cuda"", ""epochs"": 40, ""experiment"": ""p1_fa_kl"", ""focal_gamma"": null, ""loss"": ""kl"", ""lr"": 0.001, ""lr_gamma"": 0.75, ""lr_step"": 10, ""method"": ""F6 PDF regression (cnn1d backbone, soft Gaussian target)"", ""n_parameters"": 9025, ""n_samples"": 450, ""n_test"": 5014, ""n_train"": 15912, ""n_val"": 6991, ""samples_per_min"": 15, ""seed"": 1, ""sigma_end"": null, ""sigma_samples"": 5.0, ""sigma_seconds"": 20.0, ""sigma_start"": null, ""started_at"": ""2026-07-13T15:58:46.474796"", ""test_chips"": [""D20240719_E03_C44_F4500KHz_U_COV_SD""], ""val_chips_held_out"": [""D20240822_E02_C00_F4500KHz_U_1e9""], ""val_n_chips"": 1, ""wmse_base"": null}",4.138441848754883,2.834177354431154,-0.2994226455688459,0.2300773461478024,0.3253308853088504,-0.1999999999999999,False
p1_fa_kl_seed2_sigma5_kl,"{""batch_size"": 32, ""cache"": ""regress_all_filt_abcd_ntcRaw_madk1p5_spatA3"", ""curriculum_sigma"": false, ""device"": ""cuda"", ""epochs"": 40, ""experiment"": ""p1_fa_kl"", ""focal_gamma"": null, ""loss"": ""kl"", ""lr"": 0.001, ""lr_gamma"": 0.75, ""lr_step"": 10, ""method"": ""F6 PDF regression (cnn1d backbone, soft Gaussian target)"", ""n_parameters"": 9025, ""n_samples"": 450, ""n_test"": 5014, ""n_train"": 17225, ""n_val"": 5678, ""samples_per_min"": 15, ""seed"": 2, ""sigma_end"": null, ""sigma_samples"": 5.0, ""sigma_seconds"": 20.0, ""sigma_start"": null, ""started_at"": ""2026-07-13T15:58:46.474943"", ""test_chips"": [""D20240719_E03_C44_F4500KHz_U_COV_SD""], ""val_chips_held_out"": [""D20240821_E01_C09_F4500KHz_U_1e6""], ""val_n_chips"": 1, ""wmse_base"": null}",3.5798933029174806,2.688654283142092,-0.4449457168579077,0.7289553817578844,0.1518690870038201,-0.7,False
p1_fa_sigma12_wmse_seed0_sigma12_wmse0.1,"{""batch_size"": 32, ""cache"": ""regress_all_filt_abcd_ntcRaw_madk1p5_spatA3"", ""curriculum_sigma"": false, ""device"": ""cuda"", ""epochs"": 40, ""experiment"": ""p1_fa_sigma12_wmse"", ""focal_gamma"": null, ""loss"": ""wmse"", ""lr"": 0.001, ""lr_gamma"": 0.75, ""lr_step"": 10, ""method"": ""F6 PDF regression (cnn1d backbone, soft Gaussian target)"", ""n_parameters"": 9025, ""n_samples"": 450, ""n_test"": 5014, ""n_train"": 17225, ""n_val"": 5678, ""samples_per_min"": 15, ""seed"": 0, ""sigma_end"": null, ""sigma_samples"": 12.0, ""sigma_seconds"": 48.0, ""sigma_start"": null, ""started_at"": ""2026-07-13T15:49:30.206109"", ""test_chips"": [""D20240719_E03_C44_F4500KHz_U_COV_SD""], ""val_chips_held_out"": [""D20240821_E01_C09_F4500KHz_U_1e6""], ""val_n_chips"": 1, ""wmse_base"": 0.1}",3.398633575439453,2.0454206024169945,-1.0881793975830052,0.9673690727371184,0.1279553043869443,-1.0,True
p1_fa_sigma12_wmse_seed1_sigma12_wmse0.1,"{""batch_size"": 32, ""cache"": ""regress_all_filt_abcd_ntcRaw_madk1p5_spatA3"", ""curriculum_sigma"": false, ""device"": ""cuda"", ""epochs"": 40, ""experiment"": ""p1_fa_sigma12_wmse"", ""focal_gamma"": null, ""loss"": ""wmse"", ""lr"": 0.001, ""lr_gamma"": 0.75, ""lr_step"": 10, ""method"": ""F6 PDF regression (cnn1d backbone, soft Gaussian target)"", ""n_parameters"": 9025, ""n_samples"": 450, ""n_test"": 5014, ""n_train"": 15912, ""n_val"": 6991, ""samples_per_min"": 15, ""seed"": 1, ""sigma_end"": null, ""sigma_samples"": 12.0, ""sigma_seconds"": 48.0, ""sigma_start"": null, ""started_at"": ""2026-07-13T15:49:30.206651"", ""test_chips"": [""D20240719_E03_C44_F4500KHz_U_COV_SD""], ""val_chips_held_out"": [""D20240822_E02_C00_F4500KHz_U_1e9""], ""val_n_chips"": 1, ""wmse_base"": 0.1}",3.0190242767333983,2.3940019165039095,-0.7395980834960902,0.9547180187345112,0.1482717379890979,-1.0,True
p1_fa_sigma12_wmse_seed2_sigma12_wmse0.1,"{""batch_size"": 32, ""cache"": ""regress_all_filt_abcd_ntcRaw_madk1p5_spatA3"", ""curriculum_sigma"": false, ""device"": ""cuda"", ""epochs"": 40, ""experiment"": ""p1_fa_sigma12_wmse"", ""focal_gamma"": null, ""loss"": ""wmse"", ""lr"": 0.001, ""lr_gamma"": 0.75, ""lr_step"": 10, ""method"": ""F6 PDF regression (cnn1d backbone, soft Gaussian target)"", ""n_parameters"": 9025, ""n_samples"": 450, ""n_test"": 5014, ""n_train"": 17225, ""n_val"": 5678, ""samples_per_min"": 15, ""seed"": 2, ""sigma_end"": null, ""sigma_samples"": 12.0, ""sigma_seconds"": 48.0, ""sigma_start"": null, ""started_at"": ""2026-07-13T15:52:55.971129"", ""test_chips"": [""D20240719_E03_C44_F4500KHz_U_COV_SD""], ""val_chips_held_out"": [""D20240821_E01_C09_F4500KHz_U_1e6""], ""val_n_chips"": 1, ""wmse_base"": 0.1}",3.5534736633300783,2.2933850799560576,-0.8402149200439424,0.9366107068989618,0.1066636777143336,-1.0,True
p1_fa_sigma2_wmse_seed0_sigma2_wmse0.1,"{""batch_size"": 32, ""cache"": ""regress_all_filt_abcd_ntcRaw_madk1p5_spatA3"", ""curriculum_sigma"": false, ""device"": ""cuda"", ""epochs"": 40, ""experiment"": ""p1_fa_sigma2_wmse"", ""focal_gamma"": null, ""loss"": ""wmse"", ""lr"": 0.001, ""lr_gamma"": 0.75, ""lr_step"": 10, ""method"": ""F6 PDF regression (cnn1d backbone, soft Gaussian target)"", ""n_parameters"": 9025, ""n_samples"": 450, ""n_test"": 5014, ""n_train"": 17225, ""n_val"": 5678, ""samples_per_min"": 15, ""seed"": 0, ""sigma_end"": null, ""sigma_samples"": 2.0, ""sigma_seconds"": 8.0, ""sigma_start"": null, ""started_at"": ""2026-07-13T15:14:29.755131"", ""test_chips"": [""D20240719_E03_C44_F4500KHz_U_COV_SD""], ""val_chips_held_out"": [""D20240821_E01_C09_F4500KHz_U_1e6""], ""val_n_chips"": 1, ""wmse_base"": 0.1}",3.658787155151367,2.8771751914978045,-0.2564248085021953,0.1446836928555254,0.1460217251048184,-0.3999999999999999,False
p1_fa_sigma2_wmse_seed1_sigma2_wmse0.1,"{""batch_size"": 32, ""cache"": ""regress_all_filt_abcd_ntcRaw_madk1p5_spatA3"", ""curriculum_sigma"": false, ""device"": ""cuda"", ""epochs"": 40, ""experiment"": ""p1_fa_sigma2_wmse"", ""focal_gamma"": null, ""loss"": ""wmse"", ""lr"": 0.001, ""lr_gamma"": 0.75, ""lr_step"": 10, ""method"": ""F6 PDF regression (cnn1d backbone, soft Gaussian target)"", ""n_parameters"": 9025, ""n_samples"": 450, ""n_test"": 5014, ""n_train"": 15912, ""n_val"": 6991, ""samples_per_min"": 15, ""seed"": 1, ""sigma_end"": null, ""sigma_samples"": 2.0, ""sigma_seconds"": 8.0, ""sigma_start"": null, ""started_at"": ""2026-07-13T15:18:26.344425"", ""test_chips"": [""D20240719_E03_C44_F4500KHz_U_COV_SD""], ""val_chips_held_out"": [""D20240822_E02_C00_F4500KHz_U_1e9""], ""val_n_chips"": 1, ""wmse_base"": 0.1}",3.206342315673828,2.4992020164489768,-0.6343979835510233,0.976329075350628,0.1592897414911394,-1.0,True
p1_fa_sigma2_wmse_seed2_sigma2_wmse0.1,"{""batch_size"": 32, ""cache"": ""regress_all_filt_abcd_ntcRaw_madk1p5_spatA3"", ""curriculum_sigma"": false, ""device"": ""cuda"", ""epochs"": 40, ""experiment"": ""p1_fa_sigma2_wmse"", ""focal_gamma"": null, ""loss"": ""wmse"", ""lr"": 0.001, ""lr_gamma"": 0.75, ""lr_step"": 10, ""method"": ""F6 PDF regression (cnn1d backbone, soft Gaussian target)"", ""n_parameters"": 9025, ""n_samples"": 450, ""n_test"": 5014, ""n_train"": 17225, ""n_val"": 5678, ""samples_per_min"": 15, ""seed"": 2, ""sigma_end"": null, ""sigma_samples"": 2.0, ""sigma_seconds"": 8.0, ""sigma_start"": null, ""started_at"": ""2026-07-13T15:24:12.648100"", ""test_chips"": [""D20240719_E03_C44_F4500KHz_U_COV_SD""], ""val_chips_held_out"": [""D20240821_E01_C09_F4500KHz_U_1e6""], ""val_n_chips"": 1, ""wmse_base"": 0.1}",3.8043336868286137,2.912845948791506,-0.2207540512084936,0.142216785982274,0.1566192108727966,-0.3,False
p1_fa_sigma3_wmse_seed0_sigma3_wmse0.1,"{""batch_size"": 32, ""cache"": ""regress_all_filt_abcd_ntcRaw_madk1p5_spatA3"", ""curriculum_sigma"": false, ""device"": ""cuda"", ""epochs"": 40, ""experiment"": ""p1_fa_sigma3_wmse"", ""focal_gamma"": null, ""loss"": ""wmse"", ""lr"": 0.001, ""lr_gamma"": 0.75, ""lr_step"": 10, ""method"": ""F6 PDF regression (cnn1d backbone, soft Gaussian target)"", ""n_parameters"": 9025, ""n_samples"": 450, ""n_test"": 5014, ""n_train"": 17225, ""n_val"": 5678, ""samples_per_min"": 15, ""seed"": 0, ""sigma_end"": null, ""sigma_samples"": 3.0, ""sigma_seconds"": 12.0, ""sigma_start"": null, ""started_at"": ""2026-07-13T15:29:23.875878"", ""test_chips"": [""D20240719_E03_C44_F4500KHz_U_COV_SD""], ""val_chips_held_out"": [""D20240821_E01_C09_F4500KHz_U_1e6""], ""val_n_chips"": 1, ""wmse_base"": 0.1}",3.424710273742676,2.3042453323364285,-0.8293546676635712,0.9369898301638134,0.1270800814623223,-0.8999999999999998,False
p1_fa_sigma3_wmse_seed1_sigma3_wmse0.1,"{""batch_size"": 32, ""cache"": ""regress_all_filt_abcd_ntcRaw_madk1p5_spatA3"", ""curriculum_sigma"": false, ""device"": ""cuda"", ""epochs"": 40, ""experiment"": ""p1_fa_sigma3_wmse"", ""focal_gamma"": null, ""loss"": ""wmse"", ""lr"": 0.001, ""lr_gamma"": 0.75, ""lr_step"": 10, ""method"": ""F6 PDF regression (cnn1d backbone, soft Gaussian target)"", ""n_parameters"": 9025, ""n_samples"": 450, ""n_test"": 5014, ""n_train"": 15912, ""n_val"": 6991, ""samples_per_min"": 15, ""seed"": 1, ""sigma_end"": null, ""sigma_samples"": 3.0, ""sigma_seconds"": 12.0, ""sigma_start"": null, ""started_at"": ""2026-07-13T15:35:17.352332"", ""test_chips"": [""D20240719_E03_C44_F4500KHz_U_COV_SD""], ""val_chips_held_out"": [""D20240822_E02_C00_F4500KHz_U_1e9""], ""val_n_chips"": 1, ""wmse_base"": 0.1}",7.217312622070312,1.8545516525268604,-1.2790483474731396,0.5935415062631451,0.3179579173629392,-0.7999999999999999,False
p1_fa_sigma3_wmse_seed2_sigma3_wmse0.1,"{""batch_size"": 32, ""cache"": ""regress_all_filt_abcd_ntcRaw_madk1p5_spatA3"", ""curriculum_sigma"": false, ""device"": ""cuda"", ""epochs"": 40, ""experiment"": ""p1_fa_sigma3_wmse"", ""focal_gamma"": null, ""loss"": ""wmse"", ""lr"": 0.001, ""lr_gamma"": 0.75, ""lr_step"": 10, ""method"": ""F6 PDF regression (cnn1d backbone, soft Gaussian target)"", ""n_parameters"": 9025, ""n_samples"": 450, ""n_test"": 5014, ""n_train"": 17225, ""n_val"": 5678, ""samples_per_min"": 15, ""seed"": 2, ""sigma_end"": null, ""sigma_samples"": 3.0, ""sigma_seconds"": 12.0, ""sigma_start"": null, ""started_at"": ""2026-07-13T15:41:52.789209"", ""test_chips"": [""D20240719_E03_C44_F4500KHz_U_COV_SD""], ""val_chips_held_out"": [""D20240821_E01_C09_F4500KHz_U_1e6""], ""val_n_chips"": 1, ""wmse_base"": 0.1}",3.4875654220581054,2.6178726707458524,-0.5157273292541475,0.7875829704488468,0.1465918108907674,-0.7,False
p1_fa_sigma5_wmse_seed0_sigma5_wmse0.1,"{""batch_size"": 32, ""cache"": ""regress_all_filt_abcd_ntcRaw_madk1p5_spatA3"", ""curriculum_sigma"": false, ""device"": ""cuda"", ""epochs"": 40, ""experiment"": ""p1_fa_sigma5_wmse"", ""focal_gamma"": null, ""loss"": ""wmse"", ""lr"": 0.001, ""lr_gamma"": 0.75, ""lr_step"": 10, ""method"": ""F6 PDF regression (cnn1d backbone, soft Gaussian target)"", ""n_parameters"": 9025, ""n_samples"": 450, ""n_test"": 5014, ""n_train"": 17225, ""n_val"": 5678, ""samples_per_min"": 15, ""seed"": 0, ""sigma_end"": null, ""sigma_samples"": 5.0, ""sigma_seconds"": 20.0, ""sigma_start"": null, ""started_at"": ""2026-07-13T15:41:52.788597"", ""test_chips"": [""D20240719_E03_C44_F4500KHz_U_COV_SD""], ""val_chips_held_out"": [""D20240821_E01_C09_F4500KHz_U_1e6""], ""val_n_chips"": 1, ""wmse_base"": 0.1}",3.7198938369750976,2.1622594390869176,-0.9713405609130824,0.9721000276803948,0.1130439695402224,-1.0,True
p1_fa_sigma5_wmse_seed1_sigma5_wmse0.1,"{""batch_size"": 32, ""cache"": ""regress_all_filt_abcd_ntcRaw_madk1p5_spatA3"", ""curriculum_sigma"": false, ""device"": ""cuda"", ""epochs"": 40, ""experiment"": ""p1_fa_sigma5_wmse"", ""focal_gamma"": null, ""loss"": ""wmse"", ""lr"": 0.001, ""lr_gamma"": 0.75, ""lr_step"": 10, ""method"": ""F6 PDF regression (cnn1d backbone, soft Gaussian target)"", ""n_parameters"": 9025, ""n_samples"": 450, ""n_test"": 5014, ""n_train"": 15912, ""n_val"": 6991, ""samples_per_min"": 15, ""seed"": 1, ""sigma_end"": null, ""sigma_samples"": 5.0, ""sigma_seconds"": 20.0, ""sigma_start"": null, ""started_at"": ""2026-07-13T15:42:44.022755"", ""test_chips"": [""D20240719_E03_C44_F4500KHz_U_COV_SD""], ""val_chips_held_out"": [""D20240822_E02_C00_F4500KHz_U_1e9""], ""val_n_chips"": 1, ""wmse_base"": 0.1}",6.935043716430664,2.325778344726567,-0.8078216552734331,0.6873713948776601,0.2934872838088597,-0.7999999999999999,False
p1_fa_sigma5_wmse_seed2_sigma5_wmse0.1,"{""batch_size"": 32, ""cache"": ""regress_all_filt_abcd_ntcRaw_madk1p5_spatA3"", ""curriculum_sigma"": false, ""device"": ""cuda"", ""epochs"": 40, ""experiment"": ""p1_fa_sigma5_wmse"", ""focal_gamma"": null, ""loss"": ""wmse"", ""lr"": 0.001, ""lr_gamma"": 0.75, ""lr_step"": 10, ""method"": ""F6 PDF regression (cnn1d backbone, soft Gaussian target)"", ""n_parameters"": 9025, ""n_samples"": 450, ""n_test"": 5014, ""n_train"": 17225, ""n_val"": 5678, ""samples_per_min"": 15, ""seed"": 2, ""sigma_end"": null, ""sigma_samples"": 5.0, ""sigma_seconds"": 20.0, ""sigma_start"": null, ""started_at"": ""2026-07-13T15:46:12.128257"", ""test_chips"": [""D20240719_E03_C44_F4500KHz_U_COV_SD""], ""val_chips_held_out"": [""D20240821_E01_C09_F4500KHz_U_1e6""], ""val_n_chips"": 1, ""wmse_base"": 0.1}",3.4496492385864257,2.297362664794925,-0.8362373352050755,0.964553719657247,0.1275626963149492,-1.0,True
p1_fa_sigma8_wmse_seed0_sigma8_wmse0.1,"{""batch_size"": 32, ""cache"": ""regress_all_filt_abcd_ntcRaw_madk1p5_spatA3"", ""curriculum_sigma"": false, ""device"": ""cuda"", ""epochs"": 40, ""experiment"": ""p1_fa_sigma8_wmse"", ""focal_gamma"": null, ""loss"": ""wmse"", ""lr"": 0.001, ""lr_gamma"": 0.75, ""lr_step"": 10, ""method"": ""F6 PDF regression (cnn1d backbone, soft Gaussian target)"", ""n_parameters"": 9025, ""n_samples"": 450, ""n_test"": 5014, ""n_train"": 17225, ""n_val"": 5678, ""samples_per_min"": 15, ""seed"": 0, ""sigma_end"": null, ""sigma_samples"": 8.0, ""sigma_seconds"": 32.0, ""sigma_start"": null, ""started_at"": ""2026-07-13T15:46:12.125607"", ""test_chips"": [""D20240719_E03_C44_F4500KHz_U_COV_SD""], ""val_chips_held_out"": [""D20240821_E01_C09_F4500KHz_U_1e6""], ""val_n_chips"": 1, ""wmse_base"": 0.1}",3.6870555877685542,2.7596081291198757,-0.3739918708801242,0.3246378600300006,0.1419810788369591,-0.7,False
p1_fa_sigma8_wmse_seed1_sigma8_wmse0.1,"{""batch_size"": 32, ""cache"": ""regress_all_filt_abcd_ntcRaw_madk1p5_spatA3"", ""curriculum_sigma"": false, ""device"": ""cuda"", ""epochs"": 40, ""experiment"": ""p1_fa_sigma8_wmse"", ""focal_gamma"": null, ""loss"": ""wmse"", ""lr"": 0.001, ""lr_gamma"": 0.75, ""lr_step"": 10, ""method"": ""F6 PDF regression (cnn1d backbone, soft Gaussian target)"", ""n_parameters"": 9025, ""n_samples"": 450, ""n_test"": 5014, ""n_train"": 15912, ""n_val"": 6991, ""samples_per_min"": 15, ""seed"": 1, ""sigma_end"": null, ""sigma_samples"": 8.0, ""sigma_seconds"": 32.0, ""sigma_start"": null, ""started_at"": ""2026-07-13T15:46:16.342445"", ""test_chips"": [""D20240719_E03_C44_F4500KHz_U_COV_SD""], ""val_chips_held_out"": [""D20240822_E02_C00_F4500KHz_U_1e9""], ""val_n_chips"": 1, ""wmse_base"": 0.1}",3.304062080383301,2.6082249198913603,-0.5253750801086395,0.941476727191591,0.1849417981517998,-1.0,True
p1_fa_sigma8_wmse_seed2_sigma8_wmse0.1,"{""batch_size"": 32, ""cache"": ""regress_all_filt_abcd_ntcRaw_madk1p5_spatA3"", ""curriculum_sigma"": false, ""device"": ""cuda"", ""epochs"": 40, ""experiment"": ""p1_fa_sigma8_wmse"", ""focal_gamma"": null, ""loss"": ""wmse"", ""lr"": 0.001, ""lr_gamma"": 0.75, ""lr_step"": 10, ""method"": ""F6 PDF regression (cnn1d backbone, soft Gaussian target)"", ""n_parameters"": 9025, ""n_samples"": 450, ""n_test"": 5014, ""n_train"": 17225, ""n_val"": 5678, ""samples_per_min"": 15, ""seed"": 2, ""sigma_end"": null, ""sigma_samples"": 8.0, ""sigma_seconds"": 32.0, ""sigma_start"": null, ""started_at"": ""2026-07-13T15:49:30.206041"", ""test_chips"": [""D20240719_E03_C44_F4500KHz_U_COV_SD""], ""val_chips_held_out"": [""D20240821_E01_C09_F4500KHz_U_1e6""], ""val_n_chips"": 1, ""wmse_base"": 0.1}",3.6449928283691406,2.7439687286376966,-0.3896312713623031,0.3679610161296768,0.1373334329165825,-0.7,False
p1_fd_manual4_spatA3_seed0,"{""batch_size"": 32, ""cache_stem"": ""regress_all_filt_abcd_ntcRaw_madk1p5_spatA3"", ""class_semantics"": {""0"": ""baseline"", ""1"": ""drift"", ""2"": ""rising"", ""3"": ""post-amp""}, ""device"": ""cuda"", ""epochs"": 40, ""internal_val_frac"": 0.1, ""labels_mode"": ""manual"", ""lr"": 0.001, ""manual_labels_path"": ""Analysis/quantification/methods/fd_labelling/manual_labels.npz"", ""max_train_pixels"": null, ""method"": ""P1.4 F-D 1D U-Net 4-class segmentation (Paper 19 / Joung et al. 2024 adaptation)"", ""n_params"": 492492, ""n_test_pixels"": 5014, ""n_train_pixels"": 10149, ""n_val_pixels"": 1127, ""onset_window_samples"": null, ""samples_per_min"": 15, ""seed"": 0, ""ttp_classes"": [2]}",5.144724655151367,3.0776061569213886,-0.0559938430786112,0.012296816784993,0.169154674098495,-0.0999999999999999,False
p1_fd_manual4_spatA3_seed1,"{""batch_size"": 32, ""cache_stem"": ""regress_all_filt_abcd_ntcRaw_madk1p5_spatA3"", ""class_semantics"": {""0"": ""baseline"", ""1"": ""drift"", ""2"": ""rising"", ""3"": ""post-amp""}, ""device"": ""cuda"", ""epochs"": 40, ""internal_val_frac"": 0.1, ""labels_mode"": ""manual"", ""lr"": 0.001, ""manual_labels_path"": ""Analysis/quantification/methods/fd_labelling/manual_labels.npz"", ""max_train_pixels"": null, ""method"": ""P1.4 F-D 1D U-Net 4-class segmentation (Paper 19 / Joung et al. 2024 adaptation)"", ""n_params"": 492492, ""n_test_pixels"": 5014, ""n_train_pixels"": 9061, ""n_val_pixels"": 1006, ""onset_window_samples"": null, ""samples_per_min"": 15, ""seed"": 1, ""ttp_classes"": [2]}",6.6256591796875,3.119294122314456,-0.0143058776855441,0.7701146940287074,0.0050735478593752,-0.7,False
p1_fd_manual4_spatA3_seed2,"{""batch_size"": 32, ""cache_stem"": ""regress_all_filt_abcd_ntcRaw_madk1p5_spatA3"", ""class_semantics"": {""0"": ""baseline"", ""1"": ""drift"", ""2"": ""rising"", ""3"": ""post-amp""}, ""device"": ""cuda"", ""epochs"": 40, ""internal_val_frac"": 0.1, ""labels_mode"": ""manual"", ""lr"": 0.001, ""manual_labels_path"": ""Analysis/quantification/methods/fd_labelling/manual_labels.npz"", ""max_train_pixels"": null, ""method"": ""P1.4 F-D 1D U-Net 4-class segmentation (Paper 19 / Joung et al. 2024 adaptation)"", ""n_params"": 492492, ""n_test_pixels"": 5014, ""n_train_pixels"": 10149, ""n_val_pixels"": 1127, ""onset_window_samples"": null, ""samples_per_min"": 15, ""seed"": 2, ""ttp_classes"": [2]}",6.784161758422852,3.1308484588623067,-0.0027515411376933,0.0032474137966427,0.0148697880601356,0.0999999999999999,False
p2_fa_curriculum_bb_ann_wmse_seed0,"{""backbone"": ""ann"", ""batch_size"": 32, ""cache"": ""regress_all_filt_abcd_ntcRaw_madk1p5_spatA3"", ""curriculum_sigma"": true, ""device"": ""cuda"", ""epochs"": 40, ""experiment"": ""p2_fa_curriculum_bb_ann_wmse"", ""focal_gamma"": null, ""loss"": ""wmse"", ""lr"": 0.001, ""lr_gamma"": 0.75, ""lr_step"": 10, ""method"": ""F6 PDF regression (ann backbone, soft Gaussian target)"", ""n_parameters"": 177, ""n_samples"": 450, ""n_test"": 5014, ""n_train"": 17225, ""n_val"": 5678, ""samples_per_min"": 15, ""seed"": 0, ""sigma_end"": 3.0, ""sigma_samples"": 5.0, ""sigma_seconds"": 20.0, ""sigma_start"": 12.0, ""started_at"": ""2026-07-15T15:00:48.883291"", ""test_chips"": [""D20240719_E03_C44_F4500KHz_U_COV_SD""], ""val_chips_held_out"": [""D20240821_E01_C09_F4500KHz_U_1e6""], ""val_n_chips"": 1, ""wmse_base"": 0.1}",4.1616050720214846,2.77027850494385,-0.36332149505615,0.2530040890855588,0.1145790839048719,-0.3,False
p2_fa_curriculum_bb_ann_wmse_seed1,"{""backbone"": ""ann"", ""batch_size"": 32, ""cache"": ""regress_all_filt_abcd_ntcRaw_madk1p5_spatA3"", ""curriculum_sigma"": true, ""device"": ""cuda"", ""epochs"": 40, ""experiment"": ""p2_fa_curriculum_bb_ann_wmse"", ""focal_gamma"": null, ""loss"": ""wmse"", ""lr"": 0.001, ""lr_gamma"": 0.75, ""lr_step"": 10, ""method"": ""F6 PDF regression (ann backbone, soft Gaussian target)"", ""n_parameters"": 177, ""n_samples"": 450, ""n_test"": 5014, ""n_train"": 15912, ""n_val"": 6991, ""samples_per_min"": 15, ""seed"": 1, ""sigma_end"": 3.0, ""sigma_samples"": 5.0, ""sigma_seconds"": 20.0, ""sigma_start"": 12.0, ""started_at"": ""2026-07-15T15:03:39.346848"", ""test_chips"": [""D20240719_E03_C44_F4500KHz_U_COV_SD""], ""val_chips_held_out"": [""D20240822_E02_C00_F4500KHz_U_1e9""], ""val_n_chips"": 1, ""wmse_base"": 0.1}",4.194003677368164,3.245156816101076,0.1115568161010759,0.0225103601254572,0.1704324532450281,0.0999999999999999,False
p2_fa_curriculum_bb_ann_wmse_seed2,"{""backbone"": ""ann"", ""batch_size"": 32, ""cache"": ""regress_all_filt_abcd_ntcRaw_madk1p5_spatA3"", ""curriculum_sigma"": true, ""device"": ""cuda"", ""epochs"": 40, ""experiment"": ""p2_fa_curriculum_bb_ann_wmse"", ""focal_gamma"": null, ""loss"": ""wmse"", ""lr"": 0.001, ""lr_gamma"": 0.75, ""lr_step"": 10, ""method"": ""F6 PDF regression (ann backbone, soft Gaussian target)"", ""n_parameters"": 177, ""n_samples"": 450, ""n_test"": 5014, ""n_train"": 17225, ""n_val"": 5678, ""samples_per_min"": 15, ""seed"": 2, ""sigma_end"": 3.0, ""sigma_samples"": 5.0, ""sigma_seconds"": 20.0, ""sigma_start"": 12.0, ""started_at"": ""2026-07-15T15:06:18.918871"", ""test_chips"": [""D20240719_E03_C44_F4500KHz_U_COV_SD""], ""val_chips_held_out"": [""D20240821_E01_C09_F4500KHz_U_1e6""], ""val_n_chips"": 1, ""wmse_base"": 0.1}",4.208809471130371,2.712351182556155,-0.4212488174438447,0.3290959847245385,0.1090806195967672,-0.7,False
p2_fa_curriculum_bb_bigru_wmse_seed0,"{""backbone"": ""bigru"", ""batch_size"": 32, ""cache"": ""regress_all_filt_abcd_ntcRaw_madk1p5_spatA3"", ""curriculum_sigma"": true, ""device"": ""cuda"", ""epochs"": 40, ""experiment"": ""p2_fa_curriculum_bb_bigru_wmse"", ""focal_gamma"": null, ""loss"": ""wmse"", ""lr"": 0.001, ""lr_gamma"": 0.75, ""lr_step"": 10, ""method"": ""F6 PDF regression (bigru backbone, soft Gaussian target)"", ""n_parameters"": 100353, ""n_samples"": 450, ""n_test"": 5014, ""n_train"": 17225, ""n_val"": 5678, ""samples_per_min"": 15, ""seed"": 0, ""sigma_end"": 3.0, ""sigma_samples"": 5.0, ""sigma_seconds"": 20.0, ""sigma_start"": 12.0, ""started_at"": ""2026-07-15T14:33:18.892178"", ""test_chips"": [""D20240719_E03_C44_F4500KHz_U_COV_SD""], ""val_chips_held_out"": [""D20240821_E01_C09_F4500KHz_U_1e6""], ""val_n_chips"": 1, ""wmse_base"": 0.1}",3.3984880447387695,2.31761908874512,-0.8159809112548803,0.9380807880429856,0.0479207782204713,-1.0,True
p2_fa_curriculum_bb_bigru_wmse_seed1,"{""backbone"": ""bigru"", ""batch_size"": 32, ""cache"": ""regress_all_filt_abcd_ntcRaw_madk1p5_spatA3"", ""curriculum_sigma"": true, ""device"": ""cuda"", ""epochs"": 40, ""experiment"": ""p2_fa_curriculum_bb_bigru_wmse"", ""focal_gamma"": null, ""loss"": ""wmse"", ""lr"": 0.001, ""lr_gamma"": 0.75, ""lr_step"": 10, ""method"": ""F6 PDF regression (bigru backbone, soft Gaussian target)"", ""n_parameters"": 100353, ""n_samples"": 450, ""n_test"": 5014, ""n_train"": 15912, ""n_val"": 6991, ""samples_per_min"": 15, ""seed"": 1, ""sigma_end"": 3.0, ""sigma_samples"": 5.0, ""sigma_seconds"": 20.0, ""sigma_start"": 12.0, ""started_at"": ""2026-07-15T14:36:07.831073"", ""test_chips"": [""D20240719_E03_C44_F4500KHz_U_COV_SD""], ""val_chips_held_out"": [""D20240822_E02_C00_F4500KHz_U_1e9""], ""val_n_chips"": 1, ""wmse_base"": 0.1}",5.077011299133301,3.126293614959718,-0.0073063850402824,0.5271734664659912,0.0024640198968592,-0.7,False
p2_fa_curriculum_bb_bigru_wmse_seed2,"{""backbone"": ""bigru"", ""batch_size"": 32, ""cache"": ""regress_all_filt_abcd_ntcRaw_madk1p5_spatA3"", ""curriculum_sigma"": true, ""device"": ""cuda"", ""epochs"": 40, ""experiment"": ""p2_fa_curriculum_bb_bigru_wmse"", ""focal_gamma"": null, ""loss"": ""wmse"", ""lr"": 0.001, ""lr_gamma"": 0.75, ""lr_step"": 10, ""method"": ""F6 PDF regression (bigru backbone, soft Gaussian target)"", ""n_parameters"": 100353, ""n_samples"": 450, ""n_test"": 5014, ""n_train"": 17225, ""n_val"": 5678, ""samples_per_min"": 15, ""seed"": 2, ""sigma_end"": 3.0, ""sigma_samples"": 5.0, ""sigma_seconds"": 20.0, ""sigma_start"": 12.0, ""started_at"": ""2026-07-15T14:38:32.606737"", ""test_chips"": [""D20240719_E03_C44_F4500KHz_U_COV_SD""], ""val_chips_held_out"": [""D20240821_E01_C09_F4500KHz_U_1e6""], ""val_n_chips"": 1, ""wmse_base"": 0.1}",3.511694145202637,2.4427910362243677,-0.6908089637756324,0.482093036379529,0.0960493976277208,-0.8999999999999998,False
p2_fa_curriculum_bb_cnn_gru_par_wmse_seed0,"{""backbone"": ""cnn_gru_par"", ""batch_size"": 32, ""cache"": ""regress_all_filt_abcd_ntcRaw_madk1p5_spatA3"", ""curriculum_sigma"": true, ""device"": ""cuda"", ""epochs"": 40, ""experiment"": ""p2_fa_curriculum_bb_cnn_gru_par_wmse"", ""focal_gamma"": null, ""loss"": ""wmse"", ""lr"": 0.001, ""lr_gamma"": 0.75, ""lr_step"": 10, ""method"": ""F6 PDF regression (cnn_gru_par backbone, soft Gaussian target)"", ""n_parameters"": 350625, ""n_samples"": 450, ""n_test"": 5014, ""n_train"": 17225, ""n_val"": 5678, ""samples_per_min"": 15, ""seed"": 0, ""sigma_end"": 3.0, ""sigma_samples"": 5.0, ""sigma_seconds"": 20.0, ""sigma_start"": 12.0, ""started_at"": ""2026-07-15T15:08:51.847868"", ""test_chips"": [""D20240719_E03_C44_F4500KHz_U_COV_SD""], ""val_chips_held_out"": [""D20240821_E01_C09_F4500KHz_U_1e6""], ""val_n_chips"": 1, ""wmse_base"": 0.1}",2.8017162322998046,1.774504903411868,-1.359095096588132,0.7875887618919124,0.0430915960750945,-0.9746794344808964,True
p2_fa_curriculum_bb_cnn_gru_par_wmse_seed1,"{""backbone"": ""cnn_gru_par"", ""batch_size"": 32, ""cache"": ""regress_all_filt_abcd_ntcRaw_madk1p5_spatA3"", ""curriculum_sigma"": true, ""device"": ""cuda"", ""epochs"": 40, ""experiment"": ""p2_fa_curriculum_bb_cnn_gru_par_wmse"", ""focal_gamma"": null, ""loss"": ""wmse"", ""lr"": 0.001, ""lr_gamma"": 0.75, ""lr_step"": 10, ""method"": ""F6 PDF regression (cnn_gru_par backbone, soft Gaussian target)"", ""n_parameters"": 350625, ""n_samples"": 450, ""n_test"": 5014, ""n_train"": 15912, ""n_val"": 6991, ""samples_per_min"": 15, ""seed"": 1, ""sigma_end"": 3.0, ""sigma_samples"": 5.0, ""sigma_seconds"": 20.0, ""sigma_start"": 12.0, ""started_at"": ""2026-07-15T15:16:23.840066"", ""test_chips"": [""D20240719_E03_C44_F4500KHz_U_COV_SD""], ""val_chips_held_out"": [""D20240822_E02_C00_F4500KHz_U_1e9""], ""val_n_chips"": 1, ""wmse_base"": 0.1}",7.428694248199463,3.126752093887329,-0.0068479061126706,0.4909077597769854,0.0030937918338295,-0.7,False
p2_fa_curriculum_bb_cnn_gru_par_wmse_seed2,"{""backbone"": ""cnn_gru_par"", ""batch_size"": 32, ""cache"": ""regress_all_filt_abcd_ntcRaw_madk1p5_spatA3"", ""curriculum_sigma"": true, ""device"": ""cuda"", ""epochs"": 40, ""experiment"": ""p2_fa_curriculum_bb_cnn_gru_par_wmse"", ""focal_gamma"": null, ""loss"": ""wmse"", ""lr"": 0.001, ""lr_gamma"": 0.75, ""lr_step"": 10, ""method"": ""F6 PDF regression (cnn_gru_par backbone, soft Gaussian target)"", ""n_parameters"": 350625, ""n_samples"": 450, ""n_test"": 5014, ""n_train"": 17225, ""n_val"": 5678, ""samples_per_min"": 15, ""seed"": 2, ""sigma_end"": 3.0, ""sigma_samples"": 5.0, ""sigma_seconds"": 20.0, ""sigma_start"": 12.0, ""started_at"": ""2026-07-15T15:19:10.320613"", ""test_chips"": [""D20240719_E03_C44_F4500KHz_U_COV_SD""], ""val_chips_held_out"": [""D20240821_E01_C09_F4500KHz_U_1e6""], ""val_n_chips"": 1, ""wmse_base"": 0.1}",3.252484893798828,2.313843778228762,-0.8197562217712373,0.8571790458391676,0.0740602809851386,-0.8999999999999998,False
p2_fa_curriculum_bb_gru_wmse_seed0,"{""backbone"": ""gru"", ""batch_size"": 32, ""cache"": ""regress_all_filt_abcd_ntcRaw_madk1p5_spatA3"", ""curriculum_sigma"": true, ""device"": ""cuda"", ""epochs"": 40, ""experiment"": ""p2_fa_curriculum_bb_gru_wmse"", ""focal_gamma"": null, ""loss"": ""wmse"", ""lr"": 0.001, ""lr_gamma"": 0.75, ""lr_step"": 10, ""method"": ""F6 PDF regression (gru backbone, soft Gaussian target)"", ""n_parameters"": 37889, ""n_samples"": 450, ""n_test"": 5014, ""n_train"": 17225, ""n_val"": 5678, ""samples_per_min"": 15, ""seed"": 0, ""sigma_end"": 3.0, ""sigma_samples"": 5.0, ""sigma_seconds"": 20.0, ""sigma_start"": 12.0, ""started_at"": ""2026-07-15T14:38:32.587307"", ""test_chips"": [""D20240719_E03_C44_F4500KHz_U_COV_SD""], ""val_chips_held_out"": [""D20240821_E01_C09_F4500KHz_U_1e6""], ""val_n_chips"": 1, ""wmse_base"": 0.1}",3.468160629272461,2.8801782165527365,-0.2534217834472634,0.1238195472490727,0.1363080073082401,-0.3,False
p2_fa_curriculum_bb_gru_wmse_seed1,"{""backbone"": ""gru"", ""batch_size"": 32, ""cache"": ""regress_all_filt_abcd_ntcRaw_madk1p5_spatA3"", ""curriculum_sigma"": true, ""device"": ""cuda"", ""epochs"": 40, ""experiment"": ""p2_fa_curriculum_bb_gru_wmse"", ""focal_gamma"": null, ""loss"": ""wmse"", ""lr"": 0.001, ""lr_gamma"": 0.75, ""lr_step"": 10, ""method"": ""F6 PDF regression (gru backbone, soft Gaussian target)"", ""n_parameters"": 37889, ""n_samples"": 450, ""n_test"": 5014, ""n_train"": 15912, ""n_val"": 6991, ""samples_per_min"": 15, ""seed"": 1, ""sigma_end"": 3.0, ""sigma_samples"": 5.0, ""sigma_seconds"": 20.0, ""sigma_start"": 12.0, ""started_at"": ""2026-07-15T14:47:12.235019"", ""test_chips"": [""D20240719_E03_C44_F4500KHz_U_COV_SD""], ""val_chips_held_out"": [""D20240822_E02_C00_F4500KHz_U_1e9""], ""val_n_chips"": 1, ""wmse_base"": 0.1}",4.728796195983887,3.158545640563966,0.024945640563966,0.7137469223184036,0.0072351173118443,0.7,False
p2_fa_curriculum_bb_gru_wmse_seed2,"{""backbone"": ""gru"", ""batch_size"": 32, ""cache"": ""regress_all_filt_abcd_ntcRaw_madk1p5_spatA3"", ""curriculum_sigma"": true, ""device"": ""cuda"", ""epochs"": 40, ""experiment"": ""p2_fa_curriculum_bb_gru_wmse"", ""focal_gamma"": null, ""loss"": ""wmse"", ""lr"": 0.001, ""lr_gamma"": 0.75, ""lr_step"": 10, ""method"": ""F6 PDF regression (gru backbone, soft Gaussian target)"", ""n_parameters"": 37889, ""n_samples"": 450, ""n_test"": 5014, ""n_train"": 17225, ""n_val"": 5678, ""samples_per_min"": 15, ""seed"": 2, ""sigma_end"": 3.0, ""sigma_samples"": 5.0, ""sigma_seconds"": 20.0, ""sigma_start"": 12.0, ""started_at"": ""2026-07-15T14:57:18.389465"", ""test_chips"": [""D20240719_E03_C44_F4500KHz_U_COV_SD""], ""val_chips_held_out"": [""D20240821_E01_C09_F4500KHz_U_1e6""], ""val_n_chips"": 1, ""wmse_base"": 0.1}",3.759444808959961,3.038041070556642,-0.0955589294433576,0.023464171017598,0.1998063597351639,-0.3,False
p2_fa_curriculum_bb_tcn_wmse_seed0,"{""backbone"": ""tcn"", ""batch_size"": 32, ""cache"": ""regress_all_filt_abcd_ntcRaw_madk1p5_spatA3"", ""curriculum_sigma"": true, ""device"": ""cuda"", ""epochs"": 40, ""experiment"": ""p2_fa_curriculum_bb_tcn_wmse"", ""focal_gamma"": null, ""loss"": ""wmse"", ""lr"": 0.001, ""lr_gamma"": 0.75, ""lr_step"": 10, ""method"": ""F6 PDF regression (tcn backbone, soft Gaussian target)"", ""n_parameters"": 55329, ""n_samples"": 450, ""n_test"": 5014, ""n_train"": 17225, ""n_val"": 5678, ""samples_per_min"": 15, ""seed"": 0, ""sigma_end"": 3.0, ""sigma_samples"": 5.0, ""sigma_seconds"": 20.0, ""sigma_start"": 12.0, ""started_at"": ""2026-07-15T15:38:29.060441"", ""test_chips"": [""D20240719_E03_C44_F4500KHz_U_COV_SD""], ""val_chips_held_out"": [""D20240821_E01_C09_F4500KHz_U_1e6""], ""val_n_chips"": 1, ""wmse_base"": 0.1}",6.721530914306641,2.028610375976566,-1.104989624023434,0.9886018982948972,0.0596489056568639,-1.0,True
p2_fa_curriculum_bb_tcn_wmse_seed1,"{""backbone"": ""tcn"", ""batch_size"": 32, ""cache"": ""regress_all_filt_abcd_ntcRaw_madk1p5_spatA3"", ""curriculum_sigma"": true, ""device"": ""cuda"", ""epochs"": 40, ""experiment"": ""p2_fa_curriculum_bb_tcn_wmse"", ""focal_gamma"": null, ""loss"": ""wmse"", ""lr"": 0.001, ""lr_gamma"": 0.75, ""lr_step"": 10, ""method"": ""F6 PDF regression (tcn backbone, soft Gaussian target)"", ""n_parameters"": 55329, ""n_samples"": 450, ""n_test"": 5014, ""n_train"": 15912, ""n_val"": 6991, ""samples_per_min"": 15, ""seed"": 1, ""sigma_end"": 3.0, ""sigma_samples"": 5.0, ""sigma_seconds"": 20.0, ""sigma_start"": 12.0, ""started_at"": ""2026-07-15T16:33:00.828296"", ""test_chips"": [""D20240719_E03_C44_F4500KHz_U_COV_SD""], ""val_chips_held_out"": [""D20240822_E02_C00_F4500KHz_U_1e9""], ""val_n_chips"": 1, ""wmse_base"": 0.1}",4.692797660827637,3.829932359313966,0.6963323593139662,0.665429500842284,0.2757973792891373,0.7,False
p2_fa_curriculum_bb_tcn_wmse_seed2,"{""backbone"": ""tcn"", ""batch_size"": 32, ""cache"": ""regress_all_filt_abcd_ntcRaw_madk1p5_spatA3"", ""curriculum_sigma"": true, ""device"": ""cuda"", ""epochs"": 40, ""experiment"": ""p2_fa_curriculum_bb_tcn_wmse"", ""focal_gamma"": null, ""loss"": ""wmse"", ""lr"": 0.001, ""lr_gamma"": 0.75, ""lr_step"": 10, ""method"": ""F6 PDF regression (tcn backbone, soft Gaussian target)"", ""n_parameters"": 55329, ""n_samples"": 450, ""n_test"": 5014, ""n_train"": 17225, ""n_val"": 5678, ""samples_per_min"": 15, ""seed"": 2, ""sigma_end"": 3.0, ""sigma_samples"": 5.0, ""sigma_seconds"": 20.0, ""sigma_start"": 12.0, ""started_at"": ""2026-07-15T16:36:42.106779"", ""test_chips"": [""D20240719_E03_C44_F4500KHz_U_COV_SD""], ""val_chips_held_out"": [""D20240821_E01_C09_F4500KHz_U_1e6""], ""val_n_chips"": 1, ""wmse_base"": 0.1}",4.477177619934082,3.1988708053588883,0.0652708053588884,0.0111207826682387,0.1535332739004196,0.0999999999999999,False
p2_fa_curriculum_bb_transformer_patch_wmse_seed0,"{""backbone"": ""transformer_patch"", ""batch_size"": 32, ""cache"": ""regress_all_filt_abcd_ntcRaw_madk1p5_spatA3"", ""curriculum_sigma"": true, ""device"": ""cuda"", ""epochs"": 40, ""experiment"": ""p2_fa_curriculum_bb_transformer_patch_wmse"", ""focal_gamma"": null, ""loss"": ""wmse"", ""lr"": 0.001, ""lr_gamma"": 0.75, ""lr_step"": 10, ""method"": ""F6 PDF regression (transformer_patch backbone, soft Gaussian target)"", ""n_parameters"": 101505, ""n_samples"": 450, ""n_test"": 5014, ""n_train"": 17225, ""n_val"": 5678, ""samples_per_min"": 15, ""seed"": 0, ""sigma_end"": 3.0, ""sigma_samples"": 5.0, ""sigma_seconds"": 20.0, ""sigma_start"": 12.0, ""started_at"": ""2026-07-15T15:19:41.544573"", ""test_chips"": [""D20240719_E03_C44_F4500KHz_U_COV_SD""], ""val_chips_held_out"": [""D20240821_E01_C09_F4500KHz_U_1e6""], ""val_n_chips"": 1, ""wmse_base"": 0.1}",2.778120994567871,1.5019734893798862,-1.6316265106201138,0.827772312285376,0.0638412502222971,-0.9746794344808964,True
p2_fa_curriculum_bb_transformer_patch_wmse_seed1,"{""backbone"": ""transformer_patch"", ""batch_size"": 32, ""cache"": ""regress_all_filt_abcd_ntcRaw_madk1p5_spatA3"", ""curriculum_sigma"": true, ""device"": ""cuda"", ""epochs"": 40, ""experiment"": ""p2_fa_curriculum_bb_transformer_patch_wmse"", ""focal_gamma"": null, ""loss"": ""wmse"", ""lr"": 0.001, ""lr_gamma"": 0.75, ""lr_step"": 10, ""method"": ""F6 PDF regression (transformer_patch backbone, soft Gaussian target)"", ""n_parameters"": 101505, ""n_samples"": 450, ""n_test"": 5014, ""n_train"": 15912, ""n_val"": 6991, ""samples_per_min"": 15, ""seed"": 1, ""sigma_end"": 3.0, ""sigma_samples"": 5.0, ""sigma_seconds"": 20.0, ""sigma_start"": 12.0, ""started_at"": ""2026-07-15T15:22:42.846263"", ""test_chips"": [""D20240719_E03_C44_F4500KHz_U_COV_SD""], ""val_chips_held_out"": [""D20240822_E02_C00_F4500KHz_U_1e9""], ""val_n_chips"": 1, ""wmse_base"": 0.1}",3.5369972229003905,2.5494033370971696,-0.5841966629028301,0.8151904764650846,0.1589125170127667,-1.0,True
p2_fa_curriculum_bb_transformer_patch_wmse_seed2,"{""backbone"": ""transformer_patch"", ""batch_size"": 32, ""cache"": ""regress_all_filt_abcd_ntcRaw_madk1p5_spatA3"", ""curriculum_sigma"": true, ""device"": ""cuda"", ""epochs"": 40, ""experiment"": ""p2_fa_curriculum_bb_transformer_patch_wmse"", ""focal_gamma"": null, ""loss"": ""wmse"", ""lr"": 0.001, ""lr_gamma"": 0.75, ""lr_step"": 10, ""method"": ""F6 PDF regression (transformer_patch backbone, soft Gaussian target)"", ""n_parameters"": 101505, ""n_samples"": 450, ""n_test"": 5014, ""n_train"": 17225, ""n_val"": 5678, ""samples_per_min"": 15, ""seed"": 2, ""sigma_end"": 3.0, ""sigma_samples"": 5.0, ""sigma_seconds"": 20.0, ""sigma_start"": 12.0, ""started_at"": ""2026-07-15T15:23:47.316988"", ""test_chips"": [""D20240719_E03_C44_F4500KHz_U_COV_SD""], ""val_chips_held_out"": [""D20240821_E01_C09_F4500KHz_U_1e6""], ""val_n_chips"": 1, ""wmse_base"": 0.1}",2.936705780029297,1.4967277084350616,-1.6368722915649383,0.7991957522403944,0.0568632034230104,-0.9746794344808964,True
p2_fa_curriculum_bb_unet_wmse_seed0,"{""backbone"": ""unet"", ""batch_size"": 32, ""cache"": ""regress_all_filt_abcd_ntcRaw_madk1p5_spatA3"", ""curriculum_sigma"": true, ""device"": ""cuda"", ""epochs"": 40, ""experiment"": ""p2_fa_curriculum_bb_unet_wmse"", ""focal_gamma"": null, ""loss"": ""wmse"", ""lr"": 0.001, ""lr_gamma"": 0.75, ""lr_step"": 10, ""method"": ""F6 PDF regression (unet backbone, soft Gaussian target)"", ""n_parameters"": 492465, ""n_samples"": 450, ""n_test"": 5014, ""n_train"": 17225, ""n_val"": 5678, ""samples_per_min"": 15, ""seed"": 0, ""sigma_end"": 3.0, ""sigma_samples"": 5.0, ""sigma_seconds"": 20.0, ""sigma_start"": 12.0, ""started_at"": ""2026-07-15T15:26:43.139660"", ""test_chips"": [""D20240719_E03_C44_F4500KHz_U_COV_SD""], ""val_chips_held_out"": [""D20240821_E01_C09_F4500KHz_U_1e6""], ""val_n_chips"": 1, ""wmse_base"": 0.1}",2.6612096786499024,1.7283684288024928,-1.4052315711975072,0.8661511405359357,0.0864916818668087,-1.0,True
p2_fa_curriculum_bb_unet_wmse_seed1,"{""backbone"": ""unet"", ""batch_size"": 32, ""cache"": ""regress_all_filt_abcd_ntcRaw_madk1p5_spatA3"", ""curriculum_sigma"": true, ""device"": ""cuda"", ""epochs"": 40, ""experiment"": ""p2_fa_curriculum_bb_unet_wmse"", ""focal_gamma"": null, ""loss"": ""wmse"", ""lr"": 0.001, ""lr_gamma"": 0.75, ""lr_step"": 10, ""method"": ""F6 PDF regression (unet backbone, soft Gaussian target)"", ""n_parameters"": 492465, ""n_samples"": 450, ""n_test"": 5014, ""n_train"": 15912, ""n_val"": 6991, ""samples_per_min"": 15, ""seed"": 1, ""sigma_end"": 3.0, ""sigma_samples"": 5.0, ""sigma_seconds"": 20.0, ""sigma_start"": 12.0, ""started_at"": ""2026-07-15T15:30:53.343205"", ""test_chips"": [""D20240719_E03_C44_F4500KHz_U_COV_SD""], ""val_chips_held_out"": [""D20240822_E02_C00_F4500KHz_U_1e9""], ""val_n_chips"": 1, ""wmse_base"": 0.1}",2.6081832885742187,1.487290052032474,-1.646309947967526,0.8147405974861877,0.0786393744460769,-1.0,True
p2_fa_curriculum_bb_unet_wmse_seed2,"{""backbone"": ""unet"", ""batch_size"": 32, ""cache"": ""regress_all_filt_abcd_ntcRaw_madk1p5_spatA3"", ""curriculum_sigma"": true, ""device"": ""cuda"", ""epochs"": 40, ""experiment"": ""p2_fa_curriculum_bb_unet_wmse"", ""focal_gamma"": null, ""loss"": ""wmse"", ""lr"": 0.001, ""lr_gamma"": 0.75, ""lr_step"": 10, ""method"": ""F6 PDF regression (unet backbone, soft Gaussian target)"", ""n_parameters"": 492465, ""n_samples"": 450, ""n_test"": 5014, ""n_train"": 17225, ""n_val"": 5678, ""samples_per_min"": 15, ""seed"": 2, ""sigma_end"": 3.0, ""sigma_samples"": 5.0, ""sigma_seconds"": 20.0, ""sigma_start"": 12.0, ""started_at"": ""2026-07-15T15:32:32.050748"", ""test_chips"": [""D20240719_E03_C44_F4500KHz_U_COV_SD""], ""val_chips_held_out"": [""D20240821_E01_C09_F4500KHz_U_1e6""], ""val_n_chips"": 1, ""wmse_base"": 0.1}",2.9063461303710936,1.7933827911376987,-1.3402172088623012,0.7799328354000512,0.0402857162140001,-0.8944271909999159,False
p1_fd_manual4_spatA3_kcons2_seed0,"{""batch_size"": 32, ""cache_stem"": ""regress_all_filt_abcd_ntcRaw_madk1p5_spatA3"", ""class_semantics"": {""0"": ""baseline"", ""1"": ""drift"", ""2"": ""rising"", ""3"": ""post-amp""}, ""device"": ""cuda"", ""epochs"": 40, ""extraction_rule"": ""kcons2"", ""internal_val_frac"": 0.1, ""labels_mode"": ""manual"", ""lr"": 0.001, ""manual_labels_path"": ""Analysis/quantification/methods/fd_labelling/manual_labels.npz"", ""max_train_pixels"": null, ""method"": ""P1.4 F-D 1D U-Net 4-class segmentation (Paper 19 / Joung et al. 2024 adaptation)"", ""n_params"": 492492, ""n_test_pixels"": 5014, ""n_train_pixels"": 10149, ""n_val_pixels"": 1127, ""onset_window_samples"": null, ""samples_per_min"": 15, ""seed"": 0, ""ttp_classes"": [2]}",5.188470077514649,3.066826966857912,-0.0667730331420881,0.017062389500584,0.1672243521305503,-0.0999999999999999,False
p1_fd_manual4_spatA3_kcons3_seed0,"{""batch_size"": 32, ""cache_stem"": ""regress_all_filt_abcd_ntcRaw_madk1p5_spatA3"", ""class_semantics"": {""0"": ""baseline"", ""1"": ""drift"", ""2"": ""rising"", ""3"": ""post-amp""}, ""device"": ""cuda"", ""epochs"": 40, ""extraction_rule"": ""kcons3"", ""internal_val_frac"": 0.1, ""labels_mode"": ""manual"", ""lr"": 0.001, ""manual_labels_path"": ""Analysis/quantification/methods/fd_labelling/manual_labels.npz"", ""max_train_pixels"": null, ""method"": ""P1.4 F-D 1D U-Net 4-class segmentation (Paper 19 / Joung et al. 2024 adaptation)"", ""n_params"": 492492, ""n_test_pixels"": 5014, ""n_train_pixels"": 10149, ""n_val_pixels"": 1127, ""onset_window_samples"": null, ""samples_per_min"": 15, ""seed"": 0, ""ttp_classes"": [2]}",5.244575119018554,3.0672172103881854,-0.0663827896118145,0.0184915940371239,0.1645346867572845,-0.0999999999999999,False
p1_fd_manual4_spatA3_kcons5_seed0,"{""batch_size"": 32, ""cache_stem"": ""regress_all_filt_abcd_ntcRaw_madk1p5_spatA3"", ""class_semantics"": {""0"": ""baseline"", ""1"": ""drift"", ""2"": ""rising"", ""3"": ""post-amp""}, ""device"": ""cuda"", ""epochs"": 40, ""extraction_rule"": ""kcons5"", ""internal_val_frac"": 0.1, ""labels_mode"": ""manual"", ""lr"": 0.001, ""manual_labels_path"": ""Analysis/quantification/methods/fd_labelling/manual_labels.npz"", ""max_train_pixels"": null, ""method"": ""P1.4 F-D 1D U-Net 4-class segmentation (Paper 19 / Joung et al. 2024 adaptation)"", ""n_params"": 492492, ""n_test_pixels"": 5014, ""n_train_pixels"": 10149, ""n_val_pixels"": 1127, ""onset_window_samples"": null, ""samples_per_min"": 15, ""seed"": 0, ""ttp_classes"": [2]}",5.367532730102539,3.0484508071899437,-0.0851491928100562,0.0297613270033033,0.156113501861624,-0.0999999999999999,False
p1_fd_manual4_spatA3_smoothedP_seed0,"{""batch_size"": 32, ""cache_stem"": ""regress_all_filt_abcd_ntcRaw_madk1p5_spatA3"", ""class_semantics"": {""0"": ""baseline"", ""1"": ""drift"", ""2"": ""rising"", ""3"": ""post-amp""}, ""device"": ""cuda"", ""epochs"": 40, ""extraction_rule"": ""smoothed_prob_w5_thr0.5"", ""internal_val_frac"": 0.1, ""labels_mode"": ""manual"", ""lr"": 0.001, ""manual_labels_path"": ""Analysis/quantification/methods/fd_labelling/manual_labels.npz"", ""max_train_pixels"": null, ""method"": ""P1.4 F-D 1D U-Net 4-class segmentation (Paper 19 / Joung et al. 2024 adaptation)"", ""n_params"": 492492, ""n_test_pixels"": 5014, ""n_train_pixels"": 10149, ""n_val_pixels"": 1127, ""onset_window_samples"": null, ""samples_per_min"": 15, ""seed"": 0, ""ttp_classes"": [2]}",5.441364288330078,3.06912761077881,-0.0644723892211896,0.0181354467537636,0.1525196266505801,-0.0999999999999999,False
p1_fd_manual4_spatA3_largestBlock_seed0,"{""batch_size"": 32, ""cache_stem"": ""regress_all_filt_abcd_ntcRaw_madk1p5_spatA3"", ""class_semantics"": {""0"": ""baseline"", ""1"": ""drift"", ""2"": ""rising"", ""3"": ""post-amp""}, ""device"": ""cuda"", ""epochs"": 40, ""extraction_rule"": ""largest_block"", ""internal_val_frac"": 0.1, ""labels_mode"": ""manual"", ""lr"": 0.001, ""manual_labels_path"": ""Analysis/quantification/methods/fd_labelling/manual_labels.npz"", ""max_train_pixels"": null, ""method"": ""P1.4 F-D 1D U-Net 4-class segmentation (Paper 19 / Joung et al. 2024 adaptation)"", ""n_params"": 492492, ""n_test_pixels"": 5014, ""n_train_pixels"": 10149, ""n_val_pixels"": 1127, ""onset_window_samples"": null, ""samples_per_min"": 15, ""seed"": 0, ""ttp_classes"": [2]}",6.7664836883544925,3.1170018707275413,-0.0165981292724586,0.7109237554346257,0.0124440610803527,-0.7,False
p1_fd_manual4_spatA3_viterbiMono_seed0,"{""batch_size"": 32, ""cache_stem"": ""regress_all_filt_abcd_ntcRaw_madk1p5_spatA3"", ""class_semantics"": {""0"": ""baseline"", ""1"": ""drift"", ""2"": ""rising"", ""3"": ""post-amp""}, ""device"": ""cuda"", ""epochs"": 40, ""extraction_rule"": ""viterbi_monotonic"", ""internal_val_frac"": 0.1, ""labels_mode"": ""manual"", ""lr"": 0.001, ""manual_labels_path"": ""Analysis/quantification/methods/fd_labelling/manual_labels.npz"", ""max_train_pixels"": null, ""method"": ""P1.4 F-D 1D U-Net 4-class segmentation (Paper 19 / Joung et al. 2024 adaptation)"", ""n_params"": 492492, ""n_test_pixels"": 5014, ""n_train_pixels"": 10149, ""n_val_pixels"": 1127, ""onset_window_samples"": null, ""samples_per_min"": 15, ""seed"": 0, ""ttp_classes"": [2]}",6.759088134765625,3.1196504150390645,-0.0139495849609352,0.5111150702059529,0.0133654775198092,-0.7,False
p1_fd_manual4_spatA3_kcons2_seed1,"{""batch_size"": 32, ""cache_stem"": ""regress_all_filt_abcd_ntcRaw_madk1p5_spatA3"", ""class_semantics"": {""0"": ""baseline"", ""1"": ""drift"", ""2"": ""rising"", ""3"": ""post-amp""}, ""device"": ""cuda"", ""epochs"": 40, ""extraction_rule"": ""kcons2"", ""internal_val_frac"": 0.1, ""labels_mode"": ""manual"", ""lr"": 0.001, ""manual_labels_path"": ""Analysis/quantification/methods/fd_labelling/manual_labels.npz"", ""max_train_pixels"": null, ""method"": ""P1.4 F-D 1D U-Net 4-class segmentation (Paper 19 / Joung et al. 2024 adaptation)"", ""n_params"": 492492, ""n_test_pixels"": 5014, ""n_train_pixels"": 9061, ""n_val_pixels"": 1006, ""onset_window_samples"": null, ""samples_per_min"": 15, ""seed"": 1, ""ttp_classes"": [2]}",6.627949523925781,3.1196603332519546,-0.0139396667480454,0.7628817552232112,0.0052286088131596,-0.6,False
p1_fd_manual4_spatA3_kcons3_seed1,"{""batch_size"": 32, ""cache_stem"": ""regress_all_filt_abcd_ntcRaw_madk1p5_spatA3"", ""class_semantics"": {""0"": ""baseline"", ""1"": ""drift"", ""2"": ""rising"", ""3"": ""post-amp""}, ""device"": ""cuda"", ""epochs"": 40, ""extraction_rule"": ""kcons3"", ""internal_val_frac"": 0.1, ""labels_mode"": ""manual"", ""lr"": 0.001, ""manual_labels_path"": ""Analysis/quantification/methods/fd_labelling/manual_labels.npz"", ""max_train_pixels"": null, ""method"": ""P1.4 F-D 1D U-Net 4-class segmentation (Paper 19 / Joung et al. 2024 adaptation)"", ""n_params"": 492492, ""n_test_pixels"": 5014, ""n_train_pixels"": 9061, ""n_val_pixels"": 1006, ""onset_window_samples"": null, ""samples_per_min"": 15, ""seed"": 1, ""ttp_classes"": [2]}",6.629009246826172,3.119281533813478,-0.0143184661865219,0.7837362862116541,0.0053409018317414,-0.8999999999999998,False
p1_fd_manual4_spatA3_kcons5_seed1,"{""batch_size"": 32, ""cache_stem"": ""regress_all_filt_abcd_ntcRaw_madk1p5_spatA3"", ""class_semantics"": {""0"": ""baseline"", ""1"": ""drift"", ""2"": ""rising"", ""3"": ""post-amp""}, ""device"": ""cuda"", ""epochs"": 40, ""extraction_rule"": ""kcons5"", ""internal_val_frac"": 0.1, ""labels_mode"": ""manual"", ""lr"": 0.001, ""manual_labels_path"": ""Analysis/quantification/methods/fd_labelling/manual_labels.npz"", ""max_train_pixels"": null, ""method"": ""P1.4 F-D 1D U-Net 4-class segmentation (Paper 19 / Joung et al. 2024 adaptation)"", ""n_params"": 492492, ""n_test_pixels"": 5014, ""n_train_pixels"": 9061, ""n_val_pixels"": 1006, ""onset_window_samples"": null, ""samples_per_min"": 15, ""seed"": 1, ""ttp_classes"": [2]}",6.63001823425293,3.1189263854980496,-0.0146736145019501,0.7961953442984778,0.0054730215884999,-0.8999999999999998,False
p1_fd_manual4_spatA3_smoothedP_seed1,"{""batch_size"": 32, ""cache_stem"": ""regress_all_filt_abcd_ntcRaw_madk1p5_spatA3"", ""class_semantics"": {""0"": ""baseline"", ""1"": ""drift"", ""2"": ""rising"", ""3"": ""post-amp""}, ""device"": ""cuda"", ""epochs"": 40, ""extraction_rule"": ""smoothed_prob_w5_thr0.5"", ""internal_val_frac"": 0.1, ""labels_mode"": ""manual"", ""lr"": 0.001, ""manual_labels_path"": ""Analysis/quantification/methods/fd_labelling/manual_labels.npz"", ""max_train_pixels"": null, ""method"": ""P1.4 F-D 1D U-Net 4-class segmentation (Paper 19 / Joung et al. 2024 adaptation)"", ""n_params"": 492492, ""n_test_pixels"": 5014, ""n_train_pixels"": 9061, ""n_val_pixels"": 1006, ""onset_window_samples"": null, ""samples_per_min"": 15, ""seed"": 1, ""ttp_classes"": [2]}",6.625694274902344,3.117425683593752,-0.0161743164062476,0.730203266951041,0.0048540050170973,-0.7,False
p1_fd_manual4_spatA3_largestBlock_seed1,"{""batch_size"": 32, ""cache_stem"": ""regress_all_filt_abcd_ntcRaw_madk1p5_spatA3"", ""class_semantics"": {""0"": ""baseline"", ""1"": ""drift"", ""2"": ""rising"", ""3"": ""post-amp""}, ""device"": ""cuda"", ""epochs"": 40, ""extraction_rule"": ""largest_block"", ""internal_val_frac"": 0.1, ""labels_mode"": ""manual"", ""lr"": 0.001, ""manual_labels_path"": ""Analysis/quantification/methods/fd_labelling/manual_labels.npz"", ""max_train_pixels"": null, ""method"": ""P1.4 F-D 1D U-Net 4-class segmentation (Paper 19 / Joung et al. 2024 adaptation)"", ""n_params"": 492492, ""n_test_pixels"": 5014, ""n_train_pixels"": 9061, ""n_val_pixels"": 1006, ""onset_window_samples"": null, ""samples_per_min"": 15, ""seed"": 1, ""ttp_classes"": [2]}",6.631071090698242,3.118410256958009,-0.0151897430419908,0.7943394049272502,0.0055707784560439,-1.0,True
p1_fd_manual4_spatA3_viterbiMono_seed1,"{""batch_size"": 32, ""cache_stem"": ""regress_all_filt_abcd_ntcRaw_madk1p5_spatA3"", ""class_semantics"": {""0"": ""baseline"", ""1"": ""drift"", ""2"": ""rising"", ""3"": ""post-amp""}, ""device"": ""cuda"", ""epochs"": 40, ""extraction_rule"": ""viterbi_monotonic"", ""internal_val_frac"": 0.1, ""labels_mode"": ""manual"", ""lr"": 0.001, ""manual_labels_path"": ""Analysis/quantification/methods/fd_labelling/manual_labels.npz"", ""max_train_pixels"": null, ""method"": ""P1.4 F-D 1D U-Net 4-class segmentation (Paper 19 / Joung et al. 2024 adaptation)"", ""n_params"": 492492, ""n_test_pixels"": 5014, ""n_train_pixels"": 9061, ""n_val_pixels"": 1006, ""onset_window_samples"": null, ""samples_per_min"": 15, ""seed"": 1, ""ttp_classes"": [2]}",6.628072357177734,3.1192575012207056,-0.0143424987792944,0.7799432868445113,0.0052836753088949,-0.7,False
p1_fd_manual4_spatA3_kcons2_seed2,"{""batch_size"": 32, ""cache_stem"": ""regress_all_filt_abcd_ntcRaw_madk1p5_spatA3"", ""class_semantics"": {""0"": ""baseline"", ""1"": ""drift"", ""2"": ""rising"", ""3"": ""post-amp""}, ""device"": ""cuda"", ""epochs"": 40, ""extraction_rule"": ""kcons2"", ""internal_val_frac"": 0.1, ""labels_mode"": ""manual"", ""lr"": 0.001, ""manual_labels_path"": ""Analysis/quantification/methods/fd_labelling/manual_labels.npz"", ""max_train_pixels"": null, ""method"": ""P1.4 F-D 1D U-Net 4-class segmentation (Paper 19 / Joung et al. 2024 adaptation)"", ""n_params"": 492492, ""n_test_pixels"": 5014, ""n_train_pixels"": 10149, ""n_val_pixels"": 1127, ""onset_window_samples"": null, ""samples_per_min"": 15, ""seed"": 2, ""ttp_classes"": [2]}",6.7882530212402346,3.1306901489257832,-0.0029098510742166,0.0037239474149819,0.0149591436681278,0.0999999999999999,False
p1_fd_manual4_spatA3_kcons3_seed2,"{""batch_size"": 32, ""cache_stem"": ""regress_all_filt_abcd_ntcRaw_madk1p5_spatA3"", ""class_semantics"": {""0"": ""baseline"", ""1"": ""drift"", ""2"": ""rising"", ""3"": ""post-amp""}, ""device"": ""cuda"", ""epochs"": 40, ""extraction_rule"": ""kcons3"", ""internal_val_frac"": 0.1, ""labels_mode"": ""manual"", ""lr"": 0.001, ""manual_labels_path"": ""Analysis/quantification/methods/fd_labelling/manual_labels.npz"", ""max_train_pixels"": null, ""method"": ""P1.4 F-D 1D U-Net 4-class segmentation (Paper 19 / Joung et al. 2024 adaptation)"", ""n_params"": 492492, ""n_test_pixels"": 5014, ""n_train_pixels"": 10149, ""n_val_pixels"": 1127, ""onset_window_samples"": null, ""samples_per_min"": 15, ""seed"": 2, ""ttp_classes"": [2]}",6.791841125488281,3.1310550247192404,-0.0025449752807593,0.0028150776144184,0.0150959165703587,0.0999999999999999,False
p1_fd_manual4_spatA3_kcons5_seed2,"{""batch_size"": 32, ""cache_stem"": ""regress_all_filt_abcd_ntcRaw_madk1p5_spatA3"", ""class_semantics"": {""0"": ""baseline"", ""1"": ""drift"", ""2"": ""rising"", ""3"": ""post-amp""}, ""device"": ""cuda"", ""epochs"": 40, ""extraction_rule"": ""kcons5"", ""internal_val_frac"": 0.1, ""labels_mode"": ""manual"", ""lr"": 0.001, ""manual_labels_path"": ""Analysis/quantification/methods/fd_labelling/manual_labels.npz"", ""max_train_pixels"": null, ""method"": ""P1.4 F-D 1D U-Net 4-class segmentation (Paper 19 / Joung et al. 2024 adaptation)"", ""n_params"": 492492, ""n_test_pixels"": 5014, ""n_train_pixels"": 10149, ""n_val_pixels"": 1127, ""onset_window_samples"": null, ""samples_per_min"": 15, ""seed"": 2, ""ttp_classes"": [2]}",6.794288253784179,3.1318908248901396,-0.0017091751098604,0.0012622703750491,0.0153200671152684,0.0999999999999999,False
p1_fd_manual4_spatA3_smoothedP_seed2,"{""batch_size"": 32, ""cache_stem"": ""regress_all_filt_abcd_ntcRaw_madk1p5_spatA3"", ""class_semantics"": {""0"": ""baseline"", ""1"": ""drift"", ""2"": ""rising"", ""3"": ""post-amp""}, ""device"": ""cuda"", ""epochs"": 40, ""extraction_rule"": ""smoothed_prob_w5_thr0.5"", ""internal_val_frac"": 0.1, ""labels_mode"": ""manual"", ""lr"": 0.001, ""manual_labels_path"": ""Analysis/quantification/methods/fd_labelling/manual_labels.npz"", ""max_train_pixels"": null, ""method"": ""P1.4 F-D 1D U-Net 4-class segmentation (Paper 19 / Joung et al. 2024 adaptation)"", ""n_params"": 492492, ""n_test_pixels"": 5014, ""n_train_pixels"": 10149, ""n_val_pixels"": 1127, ""onset_window_samples"": null, ""samples_per_min"": 15, ""seed"": 2, ""ttp_classes"": [2]}",6.790514755249023,3.1313546691894554,-0.0022453308105446,0.0023392869082422,0.0139351302052777,0.0999999999999999,False
p1_fd_manual4_spatA3_largestBlock_seed2,"{""batch_size"": 32, ""cache_stem"": ""regress_all_filt_abcd_ntcRaw_madk1p5_spatA3"", ""class_semantics"": {""0"": ""baseline"", ""1"": ""drift"", ""2"": ""rising"", ""3"": ""post-amp""}, ""device"": ""cuda"", ""epochs"": 40, ""extraction_rule"": ""largest_block"", ""internal_val_frac"": 0.1, ""labels_mode"": ""manual"", ""lr"": 0.001, ""manual_labels_path"": ""Analysis/quantification/methods/fd_labelling/manual_labels.npz"", ""max_train_pixels"": null, ""method"": ""P1.4 F-D 1D U-Net 4-class segmentation (Paper 19 / Joung et al. 2024 adaptation)"", ""n_params"": 492492, ""n_test_pixels"": 5014, ""n_train_pixels"": 10149, ""n_val_pixels"": 1127, ""onset_window_samples"": null, ""samples_per_min"": 15, ""seed"": 2, ""ttp_classes"": [2]}",6.807472610473633,3.129212144470217,-0.0043878555297827,0.0088905497558025,0.0151556547346909,0.0999999999999999,False
p1_fd_manual4_spatA3_viterbiMono_seed2,"{""batch_size"": 32, ""cache_stem"": ""regress_all_filt_abcd_ntcRaw_madk1p5_spatA3"", ""class_semantics"": {""0"": ""baseline"", ""1"": ""drift"", ""2"": ""rising"", ""3"": ""post-amp""}, ""device"": ""cuda"", ""epochs"": 40, ""extraction_rule"": ""viterbi_monotonic"", ""internal_val_frac"": 0.1, ""labels_mode"": ""manual"", ""lr"": 0.001, ""manual_labels_path"": ""Analysis/quantification/methods/fd_labelling/manual_labels.npz"", ""max_train_pixels"": null, ""method"": ""P1.4 F-D 1D U-Net 4-class segmentation (Paper 19 / Joung et al. 2024 adaptation)"", ""n_params"": 492492, ""n_test_pixels"": 5014, ""n_train_pixels"": 10149, ""n_val_pixels"": 1127, ""onset_window_samples"": null, ""samples_per_min"": 15, ""seed"": 2, ""ttp_classes"": [2]}",6.795454025268555,3.129059747314454,-0.0045402526855458,0.0097034445978073,0.0144510480506627,0.0999999999999999,False
p1_fd_manual4_spatA3_monoW0.05_seed0,"{""backbone"": ""unet"", ""batch_size"": 32, ""cache_stem"": ""regress_all_filt_abcd_ntcRaw_madk1p5_spatA3"", ""class_semantics"": {""0"": ""baseline"", ""1"": ""drift"", ""2"": ""rising"", ""3"": ""post-amp""}, ""device"": ""cuda"", ""epochs"": 40, ""internal_val_frac"": 0.1, ""labels_mode"": ""manual"", ""lr"": 0.001, ""manual_labels_path"": ""Analysis/quantification/methods/fd_labelling/manual_labels.npz"", ""max_train_pixels"": null, ""method"": ""P1.4 F-D 4-class segmentation (Paper 19 / Joung et al. 2024 adaptation)"", ""monotonicity_weight"": 0.05, ""n_params"": 492492, ""n_test_pixels"": 5014, ""n_train_pixels"": 10149, ""n_val_pixels"": 1127, ""onset_window_samples"": null, ""samples_per_min"": 15, ""seed"": 0, ""ttp_classes"": [2], ""use_monotonic_crf"": false}",6.669686889648437,3.1324374710083034,-0.0011625289916964,0.0020633798721779,0.0132619593131716,-0.3,False
p1_fd_manual4_spatA3_monoW0.05_seed1,"{""backbone"": ""unet"", ""batch_size"": 32, ""cache_stem"": ""regress_all_filt_abcd_ntcRaw_madk1p5_spatA3"", ""class_semantics"": {""0"": ""baseline"", ""1"": ""drift"", ""2"": ""rising"", ""3"": ""post-amp""}, ""device"": ""cuda"", ""epochs"": 40, ""internal_val_frac"": 0.1, ""labels_mode"": ""manual"", ""lr"": 0.001, ""manual_labels_path"": ""Analysis/quantification/methods/fd_labelling/manual_labels.npz"", ""max_train_pixels"": null, ""method"": ""P1.4 F-D 4-class segmentation (Paper 19 / Joung et al. 2024 adaptation)"", ""monotonicity_weight"": 0.05, ""n_params"": 492492, ""n_test_pixels"": 5014, ""n_train_pixels"": 9061, ""n_val_pixels"": 1006, ""onset_window_samples"": null, ""samples_per_min"": 15, ""seed"": 1, ""ttp_classes"": [2], ""use_monotonic_crf"": false}",6.626496505737305,3.133976701354982,0.0003767013549827,0.0474060871812593,0.0007980844942833,0.3,False
p1_fd_manual4_spatA3_monoW0.05_seed2,"{""backbone"": ""unet"", ""batch_size"": 32, ""cache_stem"": ""regress_all_filt_abcd_ntcRaw_madk1p5_spatA3"", ""class_semantics"": {""0"": ""baseline"", ""1"": ""drift"", ""2"": ""rising"", ""3"": ""post-amp""}, ""device"": ""cuda"", ""epochs"": 40, ""internal_val_frac"": 0.1, ""labels_mode"": ""manual"", ""lr"": 0.001, ""manual_labels_path"": ""Analysis/quantification/methods/fd_labelling/manual_labels.npz"", ""max_train_pixels"": null, ""method"": ""P1.4 F-D 4-class segmentation (Paper 19 / Joung et al. 2024 adaptation)"", ""monotonicity_weight"": 0.05, ""n_params"": 492492, ""n_test_pixels"": 5014, ""n_train_pixels"": 10149, ""n_val_pixels"": 1127, ""onset_window_samples"": null, ""samples_per_min"": 15, ""seed"": 2, ""ttp_classes"": [2], ""use_monotonic_crf"": false}",6.699013519287109,3.128316072082522,-0.0052839279174778,0.0701938270203483,0.0096450801300193,-0.1999999999999999,False
p1_fd_manual4_spatA3_monoW0.1_seed0,"{""backbone"": ""unet"", ""batch_size"": 32, ""cache_stem"": ""regress_all_filt_abcd_ntcRaw_madk1p5_spatA3"", ""class_semantics"": {""0"": ""baseline"", ""1"": ""drift"", ""2"": ""rising"", ""3"": ""post-amp""}, ""device"": ""cuda"", ""epochs"": 40, ""internal_val_frac"": 0.1, ""labels_mode"": ""manual"", ""lr"": 0.001, ""manual_labels_path"": ""Analysis/quantification/methods/fd_labelling/manual_labels.npz"", ""max_train_pixels"": null, ""method"": ""P1.4 F-D 4-class segmentation (Paper 19 / Joung et al. 2024 adaptation)"", ""monotonicity_weight"": 0.1, ""n_params"": 492492, ""n_test_pixels"": 5014, ""n_train_pixels"": 10149, ""n_val_pixels"": 1127, ""onset_window_samples"": null, ""samples_per_min"": 15, ""seed"": 0, ""ttp_classes"": [2], ""use_monotonic_crf"": false}",7.007688522338867,3.16574912414551,0.0321491241455096,0.3037982415551875,0.0124518172338025,0.6,False
p1_fd_manual4_spatA3_monoW0.1_seed1,"{""backbone"": ""unet"", ""batch_size"": 32, ""cache_stem"": ""regress_all_filt_abcd_ntcRaw_madk1p5_spatA3"", ""class_semantics"": {""0"": ""baseline"", ""1"": ""drift"", ""2"": ""rising"", ""3"": ""post-amp""}, ""device"": ""cuda"", ""epochs"": 40, ""internal_val_frac"": 0.1, ""labels_mode"": ""manual"", ""lr"": 0.001, ""manual_labels_path"": ""Analysis/quantification/methods/fd_labelling/manual_labels.npz"", ""max_train_pixels"": null, ""method"": ""P1.4 F-D 4-class segmentation (Paper 19 / Joung et al. 2024 adaptation)"", ""monotonicity_weight"": 0.1, ""n_params"": 492492, ""n_test_pixels"": 5014, ""n_train_pixels"": 9061, ""n_val_pixels"": 1006, ""onset_window_samples"": null, ""samples_per_min"": 15, ""seed"": 1, ""ttp_classes"": [2], ""use_monotonic_crf"": false}",6.620798873901367,3.131980661010744,-0.0016193389892561,0.4413002106557414,0.000593212479938,-0.6,False
p1_fd_manual4_spatA3_monoW0.1_seed2,"{""backbone"": ""unet"", ""batch_size"": 32, ""cache_stem"": ""regress_all_filt_abcd_ntcRaw_madk1p5_spatA3"", ""class_semantics"": {""0"": ""baseline"", ""1"": ""drift"", ""2"": ""rising"", ""3"": ""post-amp""}, ""device"": ""cuda"", ""epochs"": 40, ""internal_val_frac"": 0.1, ""labels_mode"": ""manual"", ""lr"": 0.001, ""manual_labels_path"": ""Analysis/quantification/methods/fd_labelling/manual_labels.npz"", ""max_train_pixels"": null, ""method"": ""P1.4 F-D 4-class segmentation (Paper 19 / Joung et al. 2024 adaptation)"", ""monotonicity_weight"": 0.1, ""n_params"": 492492, ""n_test_pixels"": 5014, ""n_train_pixels"": 10149, ""n_val_pixels"": 1127, ""onset_window_samples"": null, ""samples_per_min"": 15, ""seed"": 2, ""ttp_classes"": [2], ""use_monotonic_crf"": false}",6.809824371337891,3.120316270446779,-0.013283729553221,0.0430881430698357,0.0125953280902848,-0.3,False
p1_fd_manual4_spatA3_monoW0.3_seed0,"{""backbone"": ""unet"", ""batch_size"": 32, ""cache_stem"": ""regress_all_filt_abcd_ntcRaw_madk1p5_spatA3"", ""class_semantics"": {""0"": ""baseline"", ""1"": ""drift"", ""2"": ""rising"", ""3"": ""post-amp""}, ""device"": ""cuda"", ""epochs"": 40, ""internal_val_frac"": 0.1, ""labels_mode"": ""manual"", ""lr"": 0.001, ""manual_labels_path"": ""Analysis/quantification/methods/fd_labelling/manual_labels.npz"", ""max_train_pixels"": null, ""method"": ""P1.4 F-D 4-class segmentation (Paper 19 / Joung et al. 2024 adaptation)"", ""monotonicity_weight"": 0.3, ""n_params"": 492492, ""n_test_pixels"": 5014, ""n_train_pixels"": 10149, ""n_val_pixels"": 1127, ""onset_window_samples"": null, ""samples_per_min"": 15, ""seed"": 0, ""ttp_classes"": [2], ""use_monotonic_crf"": false}",6.607359313964844,3.1321694885253923,-0.0014305114746075,0.0516964828084033,0.0040598506392761,-0.3,False
p1_fd_manual4_spatA3_monoW0.3_seed1,"{""backbone"": ""unet"", ""batch_size"": 32, ""cache_stem"": ""regress_all_filt_abcd_ntcRaw_madk1p5_spatA3"", ""class_semantics"": {""0"": ""baseline"", ""1"": ""drift"", ""2"": ""rising"", ""3"": ""post-amp""}, ""device"": ""cuda"", ""epochs"": 40, ""internal_val_frac"": 0.1, ""labels_mode"": ""manual"", ""lr"": 0.001, ""manual_labels_path"": ""Analysis/quantification/methods/fd_labelling/manual_labels.npz"", ""max_train_pixels"": null, ""method"": ""P1.4 F-D 4-class segmentation (Paper 19 / Joung et al. 2024 adaptation)"", ""monotonicity_weight"": 0.3, ""n_params"": 492492, ""n_test_pixels"": 5014, ""n_train_pixels"": 9061, ""n_val_pixels"": 1006, ""onset_window_samples"": null, ""samples_per_min"": 15, ""seed"": 1, ""ttp_classes"": [2], ""use_monotonic_crf"": false}",6.674870300292969,3.167873147583009,0.0342731475830093,0.7385628953359551,0.0071477100470986,0.8999999999999998,False
p1_fd_manual4_spatA3_monoW0.3_seed2,"{""backbone"": ""unet"", ""batch_size"": 32, ""cache_stem"": ""regress_all_filt_abcd_ntcRaw_madk1p5_spatA3"", ""class_semantics"": {""0"": ""baseline"", ""1"": ""drift"", ""2"": ""rising"", ""3"": ""post-amp""}, ""device"": ""cuda"", ""epochs"": 40, ""internal_val_frac"": 0.1, ""labels_mode"": ""manual"", ""lr"": 0.001, ""manual_labels_path"": ""Analysis/quantification/methods/fd_labelling/manual_labels.npz"", ""max_train_pixels"": null, ""method"": ""P1.4 F-D 4-class segmentation (Paper 19 / Joung et al. 2024 adaptation)"", ""monotonicity_weight"": 0.3, ""n_params"": 492492, ""n_test_pixels"": 5014, ""n_train_pixels"": 10149, ""n_val_pixels"": 1127, ""onset_window_samples"": null, ""samples_per_min"": 15, ""seed"": 2, ""ttp_classes"": [2], ""use_monotonic_crf"": false}",6.6601417541503904,3.1187615905761756,-0.0148384094238244,0.6666880322290276,0.0075524522869888,-0.8999999999999998,False
p1_fd_manual4_spatA3_crf_seed0,"{""backbone"": ""unet"", ""batch_size"": 32, ""cache_stem"": ""regress_all_filt_abcd_ntcRaw_madk1p5_spatA3"", ""class_semantics"": {""0"": ""baseline"", ""1"": ""drift"", ""2"": ""rising"", ""3"": ""post-amp""}, ""device"": ""cuda"", ""epochs"": 40, ""internal_val_frac"": 0.1, ""labels_mode"": ""manual"", ""lr"": 0.001, ""manual_labels_path"": ""Analysis/quantification/methods/fd_labelling/manual_labels.npz"", ""max_train_pixels"": null, ""method"": ""P1.4 F-D 4-class segmentation (Paper 19 / Joung et al. 2024 adaptation)"", ""monotonicity_weight"": 0.0, ""n_params"": 492492, ""n_test_pixels"": 5014, ""n_train_pixels"": 10149, ""n_val_pixels"": 1127, ""onset_window_samples"": null, ""samples_per_min"": 15, ""seed"": 0, ""ttp_classes"": [2], ""use_monotonic_crf"": true}",6.6168357849121096,3.129697946166995,-0.0039020538330047,0.3910329232100783,0.0035073502506925,-0.7,False
p1_fd_manual4_spatA3_crf_seed1,"{""backbone"": ""unet"", ""batch_size"": 32, ""cache_stem"": ""regress_all_filt_abcd_ntcRaw_madk1p5_spatA3"", ""class_semantics"": {""0"": ""baseline"", ""1"": ""drift"", ""2"": ""rising"", ""3"": ""post-amp""}, ""device"": ""cuda"", ""epochs"": 40, ""internal_val_frac"": 0.1, ""labels_mode"": ""manual"", ""lr"": 0.001, ""manual_labels_path"": ""Analysis/quantification/methods/fd_labelling/manual_labels.npz"", ""max_train_pixels"": null, ""method"": ""P1.4 F-D 4-class segmentation (Paper 19 / Joung et al. 2024 adaptation)"", ""monotonicity_weight"": 0.0, ""n_params"": 492492, ""n_test_pixels"": 5014, ""n_train_pixels"": 9061, ""n_val_pixels"": 1006, ""onset_window_samples"": null, ""samples_per_min"": 15, ""seed"": 1, ""ttp_classes"": [2], ""use_monotonic_crf"": true}",6.6283447265625,3.1244487319946312,-0.0091512680053686,0.6372371652979132,0.0044732682489211,-0.6,False
p1_fd_manual4_spatA3_crf_seed2,"{""backbone"": ""unet"", ""batch_size"": 32, ""cache_stem"": ""regress_all_filt_abcd_ntcRaw_madk1p5_spatA3"", ""class_semantics"": {""0"": ""baseline"", ""1"": ""drift"", ""2"": ""rising"", ""3"": ""post-amp""}, ""device"": ""cuda"", ""epochs"": 40, ""internal_val_frac"": 0.1, ""labels_mode"": ""manual"", ""lr"": 0.001, ""manual_labels_path"": ""Analysis/quantification/methods/fd_labelling/manual_labels.npz"", ""max_train_pixels"": null, ""method"": ""P1.4 F-D 4-class segmentation (Paper 19 / Joung et al. 2024 adaptation)"", ""monotonicity_weight"": 0.0, ""n_params"": 492492, ""n_test_pixels"": 5014, ""n_train_pixels"": 10149, ""n_val_pixels"": 1127, ""onset_window_samples"": null, ""samples_per_min"": 15, ""seed"": 2, ""ttp_classes"": [2], ""use_monotonic_crf"": true}",6.620006942749024,3.133565858459475,-3.4141540524985973e-05,0.000679018138204,0.0009839391785358,-0.0999999999999999,False
rule_ttp,{},3.202833557128906,1.7077670608520543,-1.4258329391479456,0.99827447922113,4.3272536477435114e-08,-1.0,True
rule_sdm,{},2.137667655944824,1.7404334579467795,-1.3931665420532204,0.9929490612768628,1.2112154988465576e-07,-1.0,True
rule_cy0,{},2.7232805252075196,2.051554063415529,-1.0820459365844706,0.9818447823751436,1.455269996802029e-07,-1.0,True
f4_wmse_cnn1d_spatA3_seed0,"{""batch_size"": 32, ""cache"": ""regress_all_filt_abcd_ntcRaw_madk1p5_spatA3"", ""device"": ""cuda"", ""epochs"": 40, ""experiment"": ""f6_pdf_cnn1d_spatA3_wmse"", ""loss"": ""wmse"", ""lr"": 0.001, ""lr_gamma"": 0.75, ""lr_step"": 10, ""method"": ""F6 PDF regression (cnn1d backbone, soft Gaussian target)"", ""n_parameters"": 9025, ""n_samples"": 450, ""n_test"": 5014, ""n_train"": 17225, ""n_val"": 5678, ""samples_per_min"": 15, ""seed"": 0, ""sigma_samples"": 5.0, ""sigma_seconds"": 20.0, ""started_at"": ""2026-07-06T23:56:04.951027"", ""test_chips"": [""D20240719_E03_C44_F4500KHz_U_COV_SD""], ""val_chips_held_out"": [""D20240821_E01_C09_F4500KHz_U_1e6""], ""val_n_chips"": 1, ""wmse_base"": 0.1}",3.7198938369750976,2.1622594390869176,-0.9713405609130824,0.9721000276803948,0.1130439695402224,-1.0,True
f4_wmse_cnn1d_spatA3_seed1,"{""batch_size"": 32, ""cache"": ""regress_all_filt_abcd_ntcRaw_madk1p5_spatA3"", ""device"": ""cuda"", ""epochs"": 40, ""experiment"": ""f6_pdf_cnn1d_spatA3_wmse"", ""loss"": ""wmse"", ""lr"": 0.001, ""lr_gamma"": 0.75, ""lr_step"": 10, ""method"": ""F6 PDF regression (cnn1d backbone, soft Gaussian target)"", ""n_parameters"": 9025, ""n_samples"": 450, ""n_test"": 5014, ""n_train"": 15912, ""n_val"": 6991, ""samples_per_min"": 15, ""seed"": 1, ""sigma_samples"": 5.0, ""sigma_seconds"": 20.0, ""started_at"": ""2026-07-06T17:58:06.502589"", ""test_chips"": [""D20240719_E03_C44_F4500KHz_U_COV_SD""], ""val_chips_held_out"": [""D20240822_E02_C00_F4500KHz_U_1e9""], ""val_n_chips"": 1, ""wmse_base"": 0.1}",6.935043716430664,2.325778344726567,-0.8078216552734331,0.6873713948776601,0.2934872838088597,-0.7999999999999999,False
f4_wmse_cnn1d_spatA3_seed2,"{""batch_size"": 32, ""cache"": ""regress_all_filt_abcd_ntcRaw_madk1p5_spatA3"", ""device"": ""cuda"", ""epochs"": 40, ""experiment"": ""f6_pdf_cnn1d_spatA3_wmse"", ""loss"": ""wmse"", ""lr"": 0.001, ""lr_gamma"": 0.75, ""lr_step"": 10, ""method"": ""F6 PDF regression (cnn1d backbone, soft Gaussian target)"", ""n_parameters"": 9025, ""n_samples"": 450, ""n_test"": 5014, ""n_train"": 17225, ""n_val"": 5678, ""samples_per_min"": 15, ""seed"": 2, ""sigma_samples"": 5.0, ""sigma_seconds"": 20.0, ""started_at"": ""2026-07-06T17:58:59.308406"", ""test_chips"": [""D20240719_E03_C44_F4500KHz_U_COV_SD""], ""val_chips_held_out"": [""D20240821_E01_C09_F4500KHz_U_1e6""], ""val_n_chips"": 1, ""wmse_base"": 0.1}",3.4496492385864257,2.297362664794925,-0.8362373352050755,0.964553719657247,0.1275626963149492,-1.0,True
f4_wmse_cnn1d_spatA3_seed3,"{""batch_size"": 32, ""cache"": ""regress_all_filt_abcd_ntcRaw_madk1p5_spatA3"", ""device"": ""cuda"", ""epochs"": 40, ""experiment"": ""f6_pdf_cnn1d_spatA3_wmse"", ""loss"": ""wmse"", ""lr"": 0.001, ""lr_gamma"": 0.75, ""lr_step"": 10, ""method"": ""F6 PDF regression (cnn1d backbone, soft Gaussian target)"", ""n_parameters"": 9025, ""n_samples"": 450, ""n_test"": 5014, ""n_train"": 15912, ""n_val"": 6991, ""samples_per_min"": 15, ""seed"": 3, ""sigma_samples"": 5.0, ""sigma_seconds"": 20.0, ""started_at"": ""2026-07-06T17:59:25.182420"", ""test_chips"": [""D20240719_E03_C44_F4500KHz_U_COV_SD""], ""val_chips_held_out"": [""D20240822_E02_C00_F4500KHz_U_1e9""], ""val_n_chips"": 1, ""wmse_base"": 0.1}",2.9524091720581054,2.230458978271487,-0.9031410217285128,0.9826025258297896,0.1573505089799615,-1.0,True
f4_wmse_cnn1d_spatA3_seed4,"{""batch_size"": 32, ""cache"": ""regress_all_filt_abcd_ntcRaw_madk1p5_spatA3"", ""device"": ""cuda"", ""epochs"": 40, ""experiment"": ""f6_pdf_cnn1d_spatA3_wmse"", ""loss"": ""wmse"", ""lr"": 0.001, ""lr_gamma"": 0.75, ""lr_step"": 10, ""method"": ""F6 PDF regression (cnn1d backbone, soft Gaussian target)"", ""n_parameters"": 9025, ""n_samples"": 450, ""n_test"": 5014, ""n_train"": 17225, ""n_val"": 5678, ""samples_per_min"": 15, ""seed"": 4, ""sigma_samples"": 5.0, ""sigma_seconds"": 20.0, ""started_at"": ""2026-07-06T17:58:44.012479"", ""test_chips"": [""D20240719_E03_C44_F4500KHz_U_COV_SD""], ""val_chips_held_out"": [""D20240821_E01_C09_F4500KHz_U_1e6""], ""val_n_chips"": 1, ""wmse_base"": 0.1}",3.2806894302368166,2.4470784698486363,-0.6865215301513636,0.92350318821551,0.1378610167186953,-1.0,True
p1_fb_slide_cls_w60_stride5_spatA3_seed0,"{""batch_size"": 256, ""cache_stem"": ""regress_all_filt_abcd_ntcRaw_madk1p5_spatA3"", ""device"": ""cuda"", ""epochs"": 30, ""k_consecutive"": 3, ""lr"": 0.001, ""max_train_pixels"": null, ""method"": ""P1.2 F-B sliding-window classifier (Paper 18 / Li et al. 2024 adaptation)"", ""n_params"": 149921, ""n_test_pixels"": 5014, ""n_train_pixels"": 17225, ""n_val_pixels"": 5678, ""samples_per_min"": 15, ""seed"": 0, ""stride"": 5, ""window"": 60}",3.3966318130493165,2.8421766792297385,-0.2914233207702617,0.145147310488137,0.1271073972290788,-0.3,False
p1_fb_slide_cls_w60_stride5_spatA3_seed1,"{""batch_size"": 256, ""cache_stem"": ""regress_all_filt_abcd_ntcRaw_madk1p5_spatA3"", ""device"": ""cuda"", ""epochs"": 30, ""k_consecutive"": 3, ""lr"": 0.001, ""max_train_pixels"": null, ""method"": ""P1.2 F-B sliding-window classifier (Paper 18 / Li et al. 2024 adaptation)"", ""n_params"": 149921, ""n_test_pixels"": 5014, ""n_train_pixels"": 15912, ""n_val_pixels"": 6991, ""samples_per_min"": 15, ""seed"": 1, ""stride"": 5, ""window"": 60}",3.7280599594116217,2.9773840461730976,-0.1562159538269023,0.0934060687836823,0.1597214128640313,-0.3,False
p1_fb_slide_cls_w60_stride5_spatA3_seed2,"{""batch_size"": 256, ""cache_stem"": ""regress_all_filt_abcd_ntcRaw_madk1p5_spatA3"", ""device"": ""cuda"", ""epochs"": 30, ""k_consecutive"": 3, ""lr"": 0.001, ""max_train_pixels"": null, ""method"": ""P1.2 F-B sliding-window classifier (Paper 18 / Li et al. 2024 adaptation)"", ""n_params"": 149921, ""n_test_pixels"": 5014, ""n_train_pixels"": 17225, ""n_val_pixels"": 5678, ""samples_per_min"": 15, ""seed"": 2, ""stride"": 5, ""window"": 60}",3.4363832473754883,2.868780950164797,-0.2648190498352029,0.1191445882997309,0.1327298345553206,-0.3,False
p1_fb_slide_cls_w60_stride5_spatA3_seed3,"{""batch_size"": 256, ""cache_stem"": ""regress_all_filt_abcd_ntcRaw_madk1p5_spatA3"", ""device"": ""cuda"", ""epochs"": 30, ""k_consecutive"": 3, ""lr"": 0.001, ""max_train_pixels"": null, ""method"": ""P1.2 F-B sliding-window classifier (Paper 18 / Li et al. 2024 adaptation)"", ""n_params"": 149921, ""n_test_pixels"": 5014, ""n_train_pixels"": 15912, ""n_val_pixels"": 6991, ""samples_per_min"": 15, ""seed"": 3, ""stride"": 5, ""window"": 60}",4.1370241165161135,3.357403901672365,0.2238039016723651,0.122200301896302,0.1806181714735613,0.0999999999999999,False
p1_fb_slide_cls_w60_stride5_spatA3_seed4,"{""batch_size"": 256, ""cache_stem"": ""regress_all_filt_abcd_ntcRaw_madk1p5_spatA3"", ""device"": ""cuda"", ""epochs"": 30, ""k_consecutive"": 3, ""lr"": 0.001, ""max_train_pixels"": null, ""method"": ""P1.2 F-B sliding-window classifier (Paper 18 / Li et al. 2024 adaptation)"", ""n_params"": 149921, ""n_test_pixels"": 5014, ""n_train_pixels"": 17225, ""n_val_pixels"": 5678, ""samples_per_min"": 15, ""seed"": 4, ""stride"": 5, ""window"": 60}",3.5511123657226564,2.9791491065979026,-0.1544508934020972,0.0422584371785229,0.1410128203192579,-0.3,False
p1_fc_slide_reg_w60_stride5_spatA3_seed0,"{""batch_size"": 256, ""cache_stem"": ""regress_all_filt_abcd_ntcRaw_madk1p5_spatA3"", ""device"": ""cuda"", ""epochs"": 30, ""lr"": 0.001, ""max_train_pixels"": null, ""method"": ""P1.3 F-C sliding-window regression (own design)"", ""n_params"": 149921, ""n_test_pixels"": 5014, ""n_train_pixels"": 17225, ""n_val_pixels"": 5678, ""samples_per_min"": 15, ""seed"": 0, ""stride"": 5, ""window"": 60}",3.242405891418457,2.7133530174255394,-0.4202469825744607,0.480813898804959,0.1479789120963703,-0.6,False
p1_fc_slide_reg_w60_stride5_spatA3_seed1,"{""batch_size"": 256, ""cache_stem"": ""regress_all_filt_abcd_ntcRaw_madk1p5_spatA3"", ""device"": ""cuda"", ""epochs"": 30, ""lr"": 0.001, ""max_train_pixels"": null, ""method"": ""P1.3 F-C sliding-window regression (own design)"", ""n_params"": 149921, ""n_test_pixels"": 5014, ""n_train_pixels"": 15912, ""n_val_pixels"": 6991, ""samples_per_min"": 15, ""seed"": 1, ""stride"": 5, ""window"": 60}",4.842401695251465,3.600135854339601,0.4665358543396012,0.6854515305178268,0.2702318227948913,0.6,False
p1_fc_slide_reg_w60_stride5_spatA3_seed2,"{""batch_size"": 256, ""cache_stem"": ""regress_all_filt_abcd_ntcRaw_madk1p5_spatA3"", ""device"": ""cuda"", ""epochs"": 30, ""lr"": 0.001, ""max_train_pixels"": null, ""method"": ""P1.3 F-C sliding-window regression (own design)"", ""n_params"": 149921, ""n_test_pixels"": 5014, ""n_train_pixels"": 17225, ""n_val_pixels"": 5678, ""samples_per_min"": 15, ""seed"": 2, ""stride"": 5, ""window"": 60}",3.325497817993164,2.7781467948913594,-0.3554532051086403,0.4679404571123432,0.1498014484876632,-0.6,False
p1_fc_slide_reg_w60_stride5_spatA3_seed3,"{""batch_size"": 256, ""cache_stem"": ""regress_all_filt_abcd_ntcRaw_madk1p5_spatA3"", ""device"": ""cuda"", ""epochs"": 30, ""lr"": 0.001, ""max_train_pixels"": null, ""method"": ""P1.3 F-C sliding-window regression (own design)"", ""n_params"": 149921, ""n_test_pixels"": 5014, ""n_train_pixels"": 15912, ""n_val_pixels"": 6991, ""samples_per_min"": 15, ""seed"": 3, ""stride"": 5, ""window"": 60}",4.9918519973754885,3.831259111022951,0.6976591110229509,0.8925959496871779,0.2847031021939136,1.0,False
p1_fc_slide_reg_w60_stride5_spatA3_seed4,"{""batch_size"": 256, ""cache_stem"": ""regress_all_filt_abcd_ntcRaw_madk1p5_spatA3"", ""device"": ""cuda"", ""epochs"": 30, ""lr"": 0.001, ""max_train_pixels"": null, ""method"": ""P1.3 F-C sliding-window regression (own design)"", ""n_params"": 149921, ""n_test_pixels"": 5014, ""n_train_pixels"": 17225, ""n_val_pixels"": 5678, ""samples_per_min"": 15, ""seed"": 4, ""stride"": 5, ""window"": 60}",4.575209999084473,3.330066445922853,0.1964664459228531,0.0577364501213626,0.2967370662571987,0.3,False
p1_fd_unet_seg_ow30_spatA3_seed0,"{""batch_size"": 32, ""cache_stem"": ""regress_all_filt_abcd_ntcRaw_madk1p5_spatA3"", ""class_semantics"": {""0"": ""pre-amp"", ""1"": ""onset-window"", ""2"": ""amp"", ""3"": ""plateau""}, ""device"": ""cuda"", ""epochs"": 30, ""lr"": 0.001, ""max_train_pixels"": null, ""method"": ""P1.4 F-D 1D U-Net 4-class segmentation (Paper 19 / Joung et al. 2024 adaptation)"", ""n_params"": 492492, ""n_test_pixels"": 5014, ""n_train_pixels"": 17225, ""n_val_pixels"": 5678, ""onset_window_samples"": 30, ""samples_per_min"": 15, ""seed"": 0}",3.746633148193359,1.8773492370605496,-1.2562507629394504,0.9630379429249442,0.1083408860854537,-1.0,True
p1_fd_unet_seg_ow30_spatA3_seed1,"{""batch_size"": 32, ""cache_stem"": ""regress_all_filt_abcd_ntcRaw_madk1p5_spatA3"", ""class_semantics"": {""0"": ""pre-amp"", ""1"": ""onset-window"", ""2"": ""amp"", ""3"": ""plateau""}, ""device"": ""cuda"", ""epochs"": 30, ""lr"": 0.001, ""max_train_pixels"": null, ""method"": ""P1.4 F-D 1D U-Net 4-class segmentation (Paper 19 / Joung et al. 2024 adaptation)"", ""n_params"": 492492, ""n_test_pixels"": 5014, ""n_train_pixels"": 15912, ""n_val_pixels"": 6991, ""onset_window_samples"": 30, ""samples_per_min"": 15, ""seed"": 1}",4.4577686309814455,2.0376303230285666,-1.095969676971433,0.8271881444132951,0.1104356495615903,-0.8999999999999998,False
p1_fd_unet_seg_ow30_spatA3_seed2,"{""batch_size"": 32, ""cache_stem"": ""regress_all_filt_abcd_ntcRaw_madk1p5_spatA3"", ""class_semantics"": {""0"": ""pre-amp"", ""1"": ""onset-window"", ""2"": ""amp"", ""3"": ""plateau""}, ""device"": ""cuda"", ""epochs"": 30, ""lr"": 0.001, ""max_train_pixels"": null, ""method"": ""P1.4 F-D 1D U-Net 4-class segmentation (Paper 19 / Joung et al. 2024 adaptation)"", ""n_params"": 492492, ""n_test_pixels"": 5014, ""n_train_pixels"": 17225, ""n_val_pixels"": 5678, ""onset_window_samples"": 30, ""samples_per_min"": 15, ""seed"": 2}",4.7699274063110355,2.1998360191345228,-0.9337639808654772,0.7351681071871321,0.0854206938858794,-0.9746794344808964,True
p1_fd_unet_seg_ow30_spatA3_seed3,"{""batch_size"": 32, ""cache_stem"": ""regress_all_filt_abcd_ntcRaw_madk1p5_spatA3"", ""class_semantics"": {""0"": ""pre-amp"", ""1"": ""onset-window"", ""2"": ""amp"", ""3"": ""plateau""}, ""device"": ""cuda"", ""epochs"": 30, ""lr"": 0.001, ""max_train_pixels"": null, ""method"": ""P1.4 F-D 1D U-Net 4-class segmentation (Paper 19 / Joung et al. 2024 adaptation)"", ""n_params"": 492492, ""n_test_pixels"": 5014, ""n_train_pixels"": 15912, ""n_val_pixels"": 6991, ""onset_window_samples"": 30, ""samples_per_min"": 15, ""seed"": 3}",15.491069030761718,3.1333385025024443,-0.0002614974975556,0.5043930831266865,0.0001866207505306,-0.9746794344808964,True
p1_fd_unet_seg_ow30_spatA3_seed4,"{""batch_size"": 32, ""cache_stem"": ""regress_all_filt_abcd_ntcRaw_madk1p5_spatA3"", ""class_semantics"": {""0"": ""pre-amp"", ""1"": ""onset-window"", ""2"": ""amp"", ""3"": ""plateau""}, ""device"": ""cuda"", ""epochs"": 30, ""lr"": 0.001, ""max_train_pixels"": null, ""method"": ""P1.4 F-D 1D U-Net 4-class segmentation (Paper 19 / Joung et al. 2024 adaptation)"", ""n_params"": 492492, ""n_test_pixels"": 5014, ""n_train_pixels"": 17225, ""n_val_pixels"": 5678, ""onset_window_samples"": 30, ""samples_per_min"": 15, ""seed"": 4}",4.5772968292236325,2.1057431732177747,-1.027856826782225,0.8045626332587514,0.0924750180688367,-0.8999999999999998,False
p1_fe_bigru_full_spatA3_seed0,"{""batch_size"": 128, ""cache_stem"": ""regress_all_filt_abcd_ntcRaw_madk1p5_spatA3"", ""device"": ""cuda"", ""dropout"": 0.1, ""epochs"": 30, ""hidden"": 64, ""k_consecutive"": 5, ""layers"": 2, ""lr"": 0.001, ""max_train_pixels"": null, ""method"": ""P1.5 F-E full-trace BiGRU per-timestep classifier (Paper 18 / Li et al. 2024 adaptation)"", ""n_params"": 100353, ""n_samples"": 450, ""n_test_pixels"": 5014, ""n_train_pixels"": 17225, ""n_val_pixels"": 5678, ""samples_per_min"": 15, ""seed"": 0}",4.449333763122558,3.3255705390930186,0.1919705390930186,0.2770420581208213,0.1027097092174219,0.3,False
p1_fe_bigru_full_spatA3_seed1,"{""batch_size"": 128, ""cache_stem"": ""regress_all_filt_abcd_ntcRaw_madk1p5_spatA3"", ""device"": ""cuda"", ""dropout"": 0.1, ""epochs"": 30, ""hidden"": 64, ""k_consecutive"": 5, ""layers"": 2, ""lr"": 0.001, ""max_train_pixels"": null, ""method"": ""P1.5 F-E full-trace BiGRU per-timestep classifier (Paper 18 / Li et al. 2024 adaptation)"", ""n_params"": 100353, ""n_samples"": 450, ""n_test_pixels"": 5014, ""n_train_pixels"": 15912, ""n_val_pixels"": 6991, ""samples_per_min"": 15, ""seed"": 1}",3.5754392623901365,2.5686677490234393,-0.5649322509765605,0.8881103655538205,0.0728112338097088,-0.8999999999999998,False
p1_fe_bigru_full_spatA3_seed2,"{""batch_size"": 128, ""cache_stem"": ""regress_all_filt_abcd_ntcRaw_madk1p5_spatA3"", ""device"": ""cuda"", ""dropout"": 0.1, ""epochs"": 30, ""hidden"": 64, ""k_consecutive"": 5, ""layers"": 2, ""lr"": 0.001, ""max_train_pixels"": null, ""method"": ""P1.5 F-E full-trace BiGRU per-timestep classifier (Paper 18 / Li et al. 2024 adaptation)"", ""n_params"": 100353, ""n_samples"": 450, ""n_test_pixels"": 5014, ""n_train_pixels"": 17225, ""n_val_pixels"": 5678, ""samples_per_min"": 15, ""seed"": 2}",3.4048782348632813,2.280979493713381,-0.8526205062866187,0.9625036051358752,0.064599136584711,-1.0,True
p1_fe_bigru_full_spatA3_seed3,"{""batch_size"": 128, ""cache_stem"": ""regress_all_filt_abcd_ntcRaw_madk1p5_spatA3"", ""device"": ""cuda"", ""dropout"": 0.1, ""epochs"": 30, ""hidden"": 64, ""k_consecutive"": 5, ""layers"": 2, ""lr"": 0.001, ""max_train_pixels"": null, ""method"": ""P1.5 F-E full-trace BiGRU per-timestep classifier (Paper 18 / Li et al. 2024 adaptation)"", ""n_params"": 100353, ""n_samples"": 450, ""n_test_pixels"": 5014, ""n_train_pixels"": 15912, ""n_val_pixels"": 6991, ""samples_per_min"": 15, ""seed"": 3}",4.019755554199219,3.1903374229431165,0.0567374229431166,0.0487496004964016,0.0239105612617226,0.0,False
p1_fe_bigru_full_spatA3_seed4,"{""batch_size"": 128, ""cache_stem"": ""regress_all_filt_abcd_ntcRaw_madk1p5_spatA3"", ""device"": ""cuda"", ""dropout"": 0.1, ""epochs"": 30, ""hidden"": 64, ""k_consecutive"": 5, ""layers"": 2, ""lr"": 0.001, ""max_train_pixels"": null, ""method"": ""P1.5 F-E full-trace BiGRU per-timestep classifier (Paper 18 / Li et al. 2024 adaptation)"", ""n_params"": 100353, ""n_samples"": 450, ""n_test_pixels"": 5014, ""n_train_pixels"": 17225, ""n_val_pixels"": 5678, ""samples_per_min"": 15, ""seed"": 4}",2.9492746353149415,2.2808600936889674,-0.8527399063110327,0.9928758899158492,0.0791240502917075,-1.0,True
p2_bigru_full_spatA3_seed0,"{""backbone"": ""bigru"", ""batch_size"": 128, ""cache_stem"": ""regress_all_filt_abcd_ntcRaw_madk1p5_spatA3"", ""device"": ""cuda"", ""epochs"": 30, ""framing"": ""F-E (whole-trace, per-timestep BCE, K-consecutive TTP)"", ""k_consecutive"": 5, ""lr"": 0.001, ""max_train_pixels"": null, ""method"": ""P2 backbone sweep on F-E framing \u2014 backbone=bigru"", ""n_params"": 100353, ""n_samples"": 450, ""n_test_pixels"": 5014, ""n_train_pixels"": 17225, ""n_val_pixels"": 5678, ""samples_per_min"": 15, ""seed"": 0}",4.449333763122558,3.3255705390930186,0.1919705390930186,0.2770420581208213,0.1027097092174219,0.3,False
p2_bigru_full_spatA3_seed1,"{""backbone"": ""bigru"", ""batch_size"": 128, ""cache_stem"": ""regress_all_filt_abcd_ntcRaw_madk1p5_spatA3"", ""device"": ""cuda"", ""epochs"": 30, ""framing"": ""F-E (whole-trace, per-timestep BCE, K-consecutive TTP)"", ""k_consecutive"": 5, ""lr"": 0.001, ""max_train_pixels"": null, ""method"": ""P2 backbone sweep on F-E framing \u2014 backbone=bigru"", ""n_params"": 100353, ""n_samples"": 450, ""n_test_pixels"": 5014, ""n_train_pixels"": 15912, ""n_val_pixels"": 6991, ""samples_per_min"": 15, ""seed"": 1}",3.5754392623901365,2.5686677490234393,-0.5649322509765605,0.8881103655538205,0.0728112338097088,-0.8999999999999998,False
p2_bigru_full_spatA3_seed2,"{""backbone"": ""bigru"", ""batch_size"": 128, ""cache_stem"": ""regress_all_filt_abcd_ntcRaw_madk1p5_spatA3"", ""device"": ""cuda"", ""epochs"": 30, ""framing"": ""F-E (whole-trace, per-timestep BCE, K-consecutive TTP)"", ""k_consecutive"": 5, ""lr"": 0.001, ""max_train_pixels"": null, ""method"": ""P2 backbone sweep on F-E framing \u2014 backbone=bigru"", ""n_params"": 100353, ""n_samples"": 450, ""n_test_pixels"": 5014, ""n_train_pixels"": 17225, ""n_val_pixels"": 5678, ""samples_per_min"": 15, ""seed"": 2}",3.4048782348632813,2.280979493713381,-0.8526205062866187,0.9625036051358752,0.064599136584711,-1.0,True
p2_bigru_full_spatA3_seed3,"{""backbone"": ""bigru"", ""batch_size"": 128, ""cache_stem"": ""regress_all_filt_abcd_ntcRaw_madk1p5_spatA3"", ""device"": ""cuda"", ""epochs"": 30, ""framing"": ""F-E (whole-trace, per-timestep BCE, K-consecutive TTP)"", ""k_consecutive"": 5, ""lr"": 0.001, ""max_train_pixels"": null, ""method"": ""P2 backbone sweep on F-E framing \u2014 backbone=bigru"", ""n_params"": 100353, ""n_samples"": 450, ""n_test_pixels"": 5014, ""n_train_pixels"": 15912, ""n_val_pixels"": 6991, ""samples_per_min"": 15, ""seed"": 3}",4.019755554199219,3.1903374229431165,0.0567374229431166,0.0487496004964016,0.0239105612617226,0.0,False
p2_bigru_full_spatA3_seed4,"{""backbone"": ""bigru"", ""batch_size"": 128, ""cache_stem"": ""regress_all_filt_abcd_ntcRaw_madk1p5_spatA3"", ""device"": ""cuda"", ""epochs"": 30, ""framing"": ""F-E (whole-trace, per-timestep BCE, K-consecutive TTP)"", ""k_consecutive"": 5, ""lr"": 0.001, ""max_train_pixels"": null, ""method"": ""P2 backbone sweep on F-E framing \u2014 backbone=bigru"", ""n_params"": 100353, ""n_samples"": 450, ""n_test_pixels"": 5014, ""n_train_pixels"": 17225, ""n_val_pixels"": 5678, ""samples_per_min"": 15, ""seed"": 4}",2.9492746353149415,2.2808600936889674,-0.8527399063110327,0.9928758899158492,0.0791240502917075,-1.0,True
p2_gru_full_spatA3_seed0,"{""backbone"": ""gru"", ""batch_size"": 128, ""cache_stem"": ""regress_all_filt_abcd_ntcRaw_madk1p5_spatA3"", ""device"": ""cuda"", ""epochs"": 30, ""framing"": ""F-E (whole-trace, per-timestep BCE, K-consecutive TTP)"", ""k_consecutive"": 5, ""lr"": 0.001, ""max_train_pixels"": null, ""method"": ""P2 backbone sweep on F-E framing \u2014 backbone=gru"", ""n_params"": 37889, ""n_samples"": 450, ""n_test_pixels"": 5014, ""n_train_pixels"": 17225, ""n_val_pixels"": 5678, ""samples_per_min"": 15, ""seed"": 0}",4.342822456359864,3.408767846679689,0.2751678466796892,0.1589968659734261,0.1595359002041778,0.0999999999999999,False
p2_gru_full_spatA3_seed1,"{""backbone"": ""gru"", ""batch_size"": 128, ""cache_stem"": ""regress_all_filt_abcd_ntcRaw_madk1p5_spatA3"", ""device"": ""cuda"", ""epochs"": 30, ""framing"": ""F-E (whole-trace, per-timestep BCE, K-consecutive TTP)"", ""k_consecutive"": 5, ""lr"": 0.001, ""max_train_pixels"": null, ""method"": ""P2 backbone sweep on F-E framing \u2014 backbone=gru"", ""n_params"": 37889, ""n_samples"": 450, ""n_test_pixels"": 5014, ""n_train_pixels"": 15912, ""n_val_pixels"": 6991, ""samples_per_min"": 15, ""seed"": 1}",4.170599555969238,3.471745160675049,0.3381451606750491,0.7228699586145153,0.0733521999421284,0.8999999999999998,False
p2_gru_full_spatA3_seed2,"{""backbone"": ""gru"", ""batch_size"": 128, ""cache_stem"": ""regress_all_filt_abcd_ntcRaw_madk1p5_spatA3"", ""device"": ""cuda"", ""epochs"": 30, ""framing"": ""F-E (whole-trace, per-timestep BCE, K-consecutive TTP)"", ""k_consecutive"": 5, ""lr"": 0.001, ""max_train_pixels"": null, ""method"": ""P2 backbone sweep on F-E framing \u2014 backbone=gru"", ""n_params"": 37889, ""n_samples"": 450, ""n_test_pixels"": 5014, ""n_train_pixels"": 17225, ""n_val_pixels"": 5678, ""samples_per_min"": 15, ""seed"": 2}",4.455496788024902,3.472369912719728,0.3387699127197278,0.1312191646824622,0.1875548897978524,0.0999999999999999,False
p2_gru_full_spatA3_seed3,"{""backbone"": ""gru"", ""batch_size"": 128, ""cache_stem"": ""regress_all_filt_abcd_ntcRaw_madk1p5_spatA3"", ""device"": ""cuda"", ""epochs"": 30, ""framing"": ""F-E (whole-trace, per-timestep BCE, K-consecutive TTP)"", ""k_consecutive"": 5, ""lr"": 0.001, ""max_train_pixels"": null, ""method"": ""P2 backbone sweep on F-E framing \u2014 backbone=gru"", ""n_params"": 37889, ""n_samples"": 450, ""n_test_pixels"": 5014, ""n_train_pixels"": 15912, ""n_val_pixels"": 6991, ""samples_per_min"": 15, ""seed"": 3}",4.36481819152832,3.2978609596252455,0.1642609596252457,0.5933966836944666,0.0467493445407318,0.7,False
p2_gru_full_spatA3_seed4,"{""backbone"": ""gru"", ""batch_size"": 128, ""cache_stem"": ""regress_all_filt_abcd_ntcRaw_madk1p5_spatA3"", ""device"": ""cuda"", ""epochs"": 30, ""framing"": ""F-E (whole-trace, per-timestep BCE, K-consecutive TTP)"", ""k_consecutive"": 5, ""lr"": 0.001, ""max_train_pixels"": null, ""method"": ""P2 backbone sweep on F-E framing \u2014 backbone=gru"", ""n_params"": 37889, ""n_samples"": 450, ""n_test_pixels"": 5014, ""n_train_pixels"": 17225, ""n_val_pixels"": 5678, ""samples_per_min"": 15, ""seed"": 4}",4.044469833374023,3.284527352905275,0.1509273529052751,0.0718493086015993,0.1182157837556492,0.0,False
p2_ann_full_spatA3_seed0,"{""backbone"": ""ann"", ""batch_size"": 128, ""cache_stem"": ""regress_all_filt_abcd_ntcRaw_madk1p5_spatA3"", ""device"": ""cuda"", ""epochs"": 30, ""framing"": ""F-E (whole-trace, per-timestep BCE, K-consecutive TTP)"", ""k_consecutive"": 5, ""lr"": 0.001, ""max_train_pixels"": null, ""method"": ""P2 backbone sweep on F-E framing \u2014 backbone=ann"", ""n_params"": 177, ""n_samples"": 450, ""n_test_pixels"": 5014, ""n_train_pixels"": 17225, ""n_val_pixels"": 5678, ""samples_per_min"": 15, ""seed"": 0}",4.295036315917969,2.663185075378421,-0.4704149246215789,0.3880885063871286,0.103151800380139,-0.7,False
p2_ann_full_spatA3_seed1,"{""backbone"": ""ann"", ""batch_size"": 128, ""cache_stem"": ""regress_all_filt_abcd_ntcRaw_madk1p5_spatA3"", ""device"": ""cuda"", ""epochs"": 30, ""framing"": ""F-E (whole-trace, per-timestep BCE, K-consecutive TTP)"", ""k_consecutive"": 5, ""lr"": 0.001, ""max_train_pixels"": null, ""method"": ""P2 backbone sweep on F-E framing \u2014 backbone=ann"", ""n_params"": 177, ""n_samples"": 450, ""n_test_pixels"": 5014, ""n_train_pixels"": 15912, ""n_val_pixels"": 6991, ""samples_per_min"": 15, ""seed"": 1}",5.372195434570313,1.983240083312992,-1.1503599166870078,0.9913081245803324,0.055771597269067,-1.0,True
p2_ann_full_spatA3_seed2,"{""backbone"": ""ann"", ""batch_size"": 128, ""cache_stem"": ""regress_all_filt_abcd_ntcRaw_madk1p5_spatA3"", ""device"": ""cuda"", ""epochs"": 30, ""framing"": ""F-E (whole-trace, per-timestep BCE, K-consecutive TTP)"", ""k_consecutive"": 5, ""lr"": 0.001, ""max_train_pixels"": null, ""method"": ""P2 backbone sweep on F-E framing \u2014 backbone=ann"", ""n_params"": 177, ""n_samples"": 450, ""n_test_pixels"": 5014, ""n_train_pixels"": 17225, ""n_val_pixels"": 5678, ""samples_per_min"": 15, ""seed"": 2}",4.341856956481934,2.592550233459476,-0.5410497665405243,0.4846634200868732,0.0971413763439145,-0.7,False
p2_ann_full_spatA3_seed3,"{""backbone"": ""ann"", ""batch_size"": 128, ""cache_stem"": ""regress_all_filt_abcd_ntcRaw_madk1p5_spatA3"", ""device"": ""cuda"", ""epochs"": 30, ""framing"": ""F-E (whole-trace, per-timestep BCE, K-consecutive TTP)"", ""k_consecutive"": 5, ""lr"": 0.001, ""max_train_pixels"": null, ""method"": ""P2 backbone sweep on F-E framing \u2014 backbone=ann"", ""n_params"": 177, ""n_samples"": 450, ""n_test_pixels"": 5014, ""n_train_pixels"": 15912, ""n_val_pixels"": 6991, ""samples_per_min"": 15, ""seed"": 3}",5.229425430297852,1.9912997756958055,-1.1423002243041944,0.9896142407506162,0.0556848490518526,-1.0,True
p2_ann_full_spatA3_seed4,"{""backbone"": ""ann"", ""batch_size"": 128, ""cache_stem"": ""regress_all_filt_abcd_ntcRaw_madk1p5_spatA3"", ""device"": ""cuda"", ""epochs"": 30, ""framing"": ""F-E (whole-trace, per-timestep BCE, K-consecutive TTP)"", ""k_consecutive"": 5, ""lr"": 0.001, ""max_train_pixels"": null, ""method"": ""P2 backbone sweep on F-E framing \u2014 backbone=ann"", ""n_params"": 177, ""n_samples"": 450, ""n_test_pixels"": 5014, ""n_train_pixels"": 17225, ""n_val_pixels"": 5678, ""samples_per_min"": 15, ""seed"": 4}",4.055877304077148,2.897669938659669,-0.2359300613403307,0.1138501728421511,0.1263511799512422,-0.3,False
p2_cnn_gru_par_full_spatA3_seed0,"{""backbone"": ""cnn_gru_par"", ""batch_size"": 128, ""cache_stem"": ""regress_all_filt_abcd_ntcRaw_madk1p5_spatA3"", ""device"": ""cuda"", ""epochs"": 30, ""framing"": ""F-E (whole-trace, per-timestep BCE, K-consecutive TTP)"", ""k_consecutive"": 5, ""lr"": 0.001, ""max_train_pixels"": null, ""method"": ""P2 backbone sweep on F-E framing \u2014 backbone=cnn_gru_par"", ""n_params"": 350625, ""n_samples"": 450, ""n_test_pixels"": 5014, ""n_train_pixels"": 17225, ""n_val_pixels"": 5678, ""samples_per_min"": 15, ""seed"": 0}",2.428783416748047,1.879694036102299,-1.2539059638977013,0.9696872807605385,0.1133116353929813,-1.0,True
p2_cnn_gru_par_full_spatA3_seed1,"{""backbone"": ""cnn_gru_par"", ""batch_size"": 128, ""cache_stem"": ""regress_all_filt_abcd_ntcRaw_madk1p5_spatA3"", ""device"": ""cuda"", ""epochs"": 30, ""framing"": ""F-E (whole-trace, per-timestep BCE, K-consecutive TTP)"", ""k_consecutive"": 5, ""lr"": 0.001, ""max_train_pixels"": null, ""method"": ""P2 backbone sweep on F-E framing \u2014 backbone=cnn_gru_par"", ""n_params"": 350625, ""n_samples"": 450, ""n_test_pixels"": 5014, ""n_train_pixels"": 15912, ""n_val_pixels"": 6991, ""samples_per_min"": 15, ""seed"": 1}",3.261794090270996,2.276734021759035,-0.8568659782409653,0.6667244675721533,0.0724517227816576,-0.7,False
p2_cnn_gru_par_full_spatA3_seed2,"{""backbone"": ""cnn_gru_par"", ""batch_size"": 128, ""cache_stem"": ""regress_all_filt_abcd_ntcRaw_madk1p5_spatA3"", ""device"": ""cuda"", ""epochs"": 30, ""framing"": ""F-E (whole-trace, per-timestep BCE, K-consecutive TTP)"", ""k_consecutive"": 5, ""lr"": 0.001, ""max_train_pixels"": null, ""method"": ""P2 backbone sweep on F-E framing \u2014 backbone=cnn_gru_par"", ""n_params"": 350625, ""n_samples"": 450, ""n_test_pixels"": 5014, ""n_train_pixels"": 17225, ""n_val_pixels"": 5678, ""samples_per_min"": 15, ""seed"": 2}",3.4067134857177734,2.369173673248293,-0.7644263267517067,0.9933719589387854,0.0768827297079812,-1.0,True
p2_cnn_gru_par_full_spatA3_seed3,"{""backbone"": ""cnn_gru_par"", ""batch_size"": 128, ""cache_stem"": ""regress_all_filt_abcd_ntcRaw_madk1p5_spatA3"", ""device"": ""cuda"", ""epochs"": 30, ""framing"": ""F-E (whole-trace, per-timestep BCE, K-consecutive TTP)"", ""k_consecutive"": 5, ""lr"": 0.001, ""max_train_pixels"": null, ""method"": ""P2 backbone sweep on F-E framing \u2014 backbone=cnn_gru_par"", ""n_params"": 350625, ""n_samples"": 450, ""n_test_pixels"": 5014, ""n_train_pixels"": 15912, ""n_val_pixels"": 6991, ""samples_per_min"": 15, ""seed"": 3}",3.397190475463867,2.23203969345093,-0.9015603065490698,0.9348871741287154,0.0546775574097781,-1.0,True
p2_cnn_gru_par_full_spatA3_seed4,"{""backbone"": ""cnn_gru_par"", ""batch_size"": 128, ""cache_stem"": ""regress_all_filt_abcd_ntcRaw_madk1p5_spatA3"", ""device"": ""cuda"", ""epochs"": 30, ""framing"": ""F-E (whole-trace, per-timestep BCE, K-consecutive TTP)"", ""k_consecutive"": 5, ""lr"": 0.001, ""max_train_pixels"": null, ""method"": ""P2 backbone sweep on F-E framing \u2014 backbone=cnn_gru_par"", ""n_params"": 350625, ""n_samples"": 450, ""n_test_pixels"": 5014, ""n_train_pixels"": 17225, ""n_val_pixels"": 5678, ""samples_per_min"": 15, ""seed"": 4}",3.471706008911133,2.4285101448059105,-0.7050898551940896,0.983391052639532,0.0692559309123892,-1.0,True
p2_transformer_patch_full_spatA3_seed0,"{""backbone"": ""transformer_patch"", ""batch_size"": 128, ""cache_stem"": ""regress_all_filt_abcd_ntcRaw_madk1p5_spatA3"", ""device"": ""cuda"", ""epochs"": 30, ""framing"": ""F-E (whole-trace, per-timestep BCE, K-consecutive TTP)"", ""k_consecutive"": 5, ""lr"": 0.001, ""max_train_pixels"": null, ""method"": ""P2 backbone sweep on F-E framing \u2014 backbone=transformer_patch"", ""n_params"": 101505, ""n_samples"": 450, ""n_test_pixels"": 5014, ""n_train_pixels"": 17225, ""n_val_pixels"": 5678, ""samples_per_min"": 15, ""seed"": 0}",3.670648765563965,2.246923307037355,-0.886676692962645,0.5240546615023112,0.0452195280854698,-0.9746794344808964,True
p2_transformer_patch_full_spatA3_seed1,"{""backbone"": ""transformer_patch"", ""batch_size"": 128, ""cache_stem"": ""regress_all_filt_abcd_ntcRaw_madk1p5_spatA3"", ""device"": ""cuda"", ""epochs"": 30, ""framing"": ""F-E (whole-trace, per-timestep BCE, K-consecutive TTP)"", ""k_consecutive"": 5, ""lr"": 0.001, ""max_train_pixels"": null, ""method"": ""P2 backbone sweep on F-E framing \u2014 backbone=transformer_patch"", ""n_params"": 101505, ""n_samples"": 450, ""n_test_pixels"": 5014, ""n_train_pixels"": 15912, ""n_val_pixels"": 6991, ""samples_per_min"": 15, ""seed"": 1}",2.528182601928711,1.7565211807251009,-1.3770788192748993,0.8516539125757545,0.065559990324495,-0.9746794344808964,True
p2_transformer_patch_full_spatA3_seed2,"{""backbone"": ""transformer_patch"", ""batch_size"": 128, ""cache_stem"": ""regress_all_filt_abcd_ntcRaw_madk1p5_spatA3"", ""device"": ""cuda"", ""epochs"": 30, ""framing"": ""F-E (whole-trace, per-timestep BCE, K-consecutive TTP)"", ""k_consecutive"": 5, ""lr"": 0.001, ""max_train_pixels"": null, ""method"": ""P2 backbone sweep on F-E framing \u2014 backbone=transformer_patch"", ""n_params"": 101505, ""n_samples"": 450, ""n_test_pixels"": 5014, ""n_train_pixels"": 17225, ""n_val_pixels"": 5678, ""samples_per_min"": 15, ""seed"": 2}",3.3967390060424805,2.2498785530090357,-0.883721446990964,0.7031373590084631,0.0616356330242628,-0.8999999999999998,False
p2_transformer_patch_full_spatA3_seed3,"{""backbone"": ""transformer_patch"", ""batch_size"": 128, ""cache_stem"": ""regress_all_filt_abcd_ntcRaw_madk1p5_spatA3"", ""device"": ""cuda"", ""epochs"": 30, ""framing"": ""F-E (whole-trace, per-timestep BCE, K-consecutive TTP)"", ""k_consecutive"": 5, ""lr"": 0.001, ""max_train_pixels"": null, ""method"": ""P2 backbone sweep on F-E framing \u2014 backbone=transformer_patch"", ""n_params"": 101505, ""n_samples"": 450, ""n_test_pixels"": 5014, ""n_train_pixels"": 15912, ""n_val_pixels"": 6991, ""samples_per_min"": 15, ""seed"": 3}",2.767223358154297,1.9700530563354524,-1.1635469436645476,0.850329860314368,0.0609186294705633,-0.8999999999999998,False
p2_transformer_patch_full_spatA3_seed4,"{""backbone"": ""transformer_patch"", ""batch_size"": 128, ""cache_stem"": ""regress_all_filt_abcd_ntcRaw_madk1p5_spatA3"", ""device"": ""cuda"", ""epochs"": 30, ""framing"": ""F-E (whole-trace, per-timestep BCE, K-consecutive TTP)"", ""k_consecutive"": 5, ""lr"": 0.001, ""max_train_pixels"": null, ""method"": ""P2 backbone sweep on F-E framing \u2014 backbone=transformer_patch"", ""n_params"": 101505, ""n_samples"": 450, ""n_test_pixels"": 5014, ""n_train_pixels"": 17225, ""n_val_pixels"": 5678, ""samples_per_min"": 15, ""seed"": 4}",2.893147087097168,1.817343190765384,-1.316256809234616,0.7956751919598122,0.0433639089262453,-0.9746794344808964,True
p2_unet_full_spatA3_seed0,"{""backbone"": ""unet"", ""batch_size"": 128, ""cache_stem"": ""regress_all_filt_abcd_ntcRaw_madk1p5_spatA3"", ""device"": ""cuda"", ""epochs"": 30, ""framing"": ""F-E (whole-trace, per-timestep BCE, K-consecutive TTP)"", ""k_consecutive"": 5, ""lr"": 0.001, ""max_train_pixels"": null, ""method"": ""P2 backbone sweep on F-E framing \u2014 backbone=unet"", ""n_params"": 492465, ""n_samples"": 450, ""n_test_pixels"": 5014, ""n_train_pixels"": 17225, ""n_val_pixels"": 5678, ""samples_per_min"": 15, ""seed"": 0}",3.30114803314209,2.0304024253845228,-1.103197574615477,0.7968438872284559,0.0655960852272944,-0.9746794344808964,True
p2_unet_full_spatA3_seed1,"{""backbone"": ""unet"", ""batch_size"": 128, ""cache_stem"": ""regress_all_filt_abcd_ntcRaw_madk1p5_spatA3"", ""device"": ""cuda"", ""epochs"": 30, ""framing"": ""F-E (whole-trace, per-timestep BCE, K-consecutive TTP)"", ""k_consecutive"": 5, ""lr"": 0.001, ""max_train_pixels"": null, ""method"": ""P2 backbone sweep on F-E framing \u2014 backbone=unet"", ""n_params"": 492465, ""n_samples"": 450, ""n_test_pixels"": 5014, ""n_train_pixels"": 15912, ""n_val_pixels"": 6991, ""samples_per_min"": 15, ""seed"": 1}",3.191071701049805,1.9632625137329127,-1.1703374862670872,0.7983324186933376,0.0633918069965228,-0.7,False
p2_unet_full_spatA3_seed2,"{""backbone"": ""unet"", ""batch_size"": 128, ""cache_stem"": ""regress_all_filt_abcd_ntcRaw_madk1p5_spatA3"", ""device"": ""cuda"", ""epochs"": 30, ""framing"": ""F-E (whole-trace, per-timestep BCE, K-consecutive TTP)"", ""k_consecutive"": 5, ""lr"": 0.001, ""max_train_pixels"": null, ""method"": ""P2 backbone sweep on F-E framing \u2014 backbone=unet"", ""n_params"": 492465, ""n_samples"": 450, ""n_test_pixels"": 5014, ""n_train_pixels"": 17225, ""n_val_pixels"": 5678, ""samples_per_min"": 15, ""seed"": 2}",3.286020851135254,2.0367164169311547,-1.0968835830688457,0.8159357181173013,0.0816427417230518,-1.0,True
p2_unet_full_spatA3_seed3,"{""backbone"": ""unet"", ""batch_size"": 128, ""cache_stem"": ""regress_all_filt_abcd_ntcRaw_madk1p5_spatA3"", ""device"": ""cuda"", ""epochs"": 30, ""framing"": ""F-E (whole-trace, per-timestep BCE, K-consecutive TTP)"", ""k_consecutive"": 5, ""lr"": 0.001, ""max_train_pixels"": null, ""method"": ""P2 backbone sweep on F-E framing \u2014 backbone=unet"", ""n_params"": 492465, ""n_samples"": 450, ""n_test_pixels"": 5014, ""n_train_pixels"": 15912, ""n_val_pixels"": 6991, ""samples_per_min"": 15, ""seed"": 3}",3.5615379333496096,2.266906884765626,-0.8666931152343731,0.8127952462398299,0.0722243714313355,-1.0,True
p2_unet_full_spatA3_seed4,"{""backbone"": ""unet"", ""batch_size"": 128, ""cache_stem"": ""regress_all_filt_abcd_ntcRaw_madk1p5_spatA3"", ""device"": ""cuda"", ""epochs"": 30, ""framing"": ""F-E (whole-trace, per-timestep BCE, K-consecutive TTP)"", ""k_consecutive"": 5, ""lr"": 0.001, ""max_train_pixels"": null, ""method"": ""P2 backbone sweep on F-E framing \u2014 backbone=unet"", ""n_params"": 492465, ""n_samples"": 450, ""n_test_pixels"": 5014, ""n_train_pixels"": 17225, ""n_val_pixels"": 5678, ""samples_per_min"": 15, ""seed"": 4}",3.030116653442383,1.907107404327395,-1.226492595672605,0.8029540307053602,0.0729749718763874,-0.8999999999999998,False
p2_tcn_full_spatA3_seed0,"{""backbone"": ""tcn"", ""batch_size"": 128, ""cache_stem"": ""regress_all_filt_abcd_ntcRaw_madk1p5_spatA3"", ""device"": ""cuda"", ""epochs"": 30, ""framing"": ""F-E (whole-trace, per-timestep BCE, K-consecutive TTP)"", ""k_consecutive"": 5, ""lr"": 0.001, ""max_train_pixels"": null, ""method"": ""P2 backbone sweep on F-E framing \u2014 backbone=tcn"", ""n_params"": 55329, ""n_samples"": 450, ""n_test_pixels"": 5014, ""n_train_pixels"": 17225, ""n_val_pixels"": 5678, ""samples_per_min"": 15, ""seed"": 0}",4.453712081909179,3.4891873870849617,0.3555873870849618,0.1980706906960665,0.182003098814906,0.3,False
p2_tcn_full_spatA3_seed1,"{""backbone"": ""tcn"", ""batch_size"": 128, ""cache_stem"": ""regress_all_filt_abcd_ntcRaw_madk1p5_spatA3"", ""device"": ""cuda"", ""epochs"": 30, ""framing"": ""F-E (whole-trace, per-timestep BCE, K-consecutive TTP)"", ""k_consecutive"": 5, ""lr"": 0.001, ""max_train_pixels"": null, ""method"": ""P2 backbone sweep on F-E framing \u2014 backbone=tcn"", ""n_params"": 55329, ""n_samples"": 450, ""n_test_pixels"": 5014, ""n_train_pixels"": 15912, ""n_val_pixels"": 6991, ""samples_per_min"": 15, ""seed"": 1}",5.103956031799316,4.010268643951417,0.876668643951417,0.7805808253651711,0.2839640167686513,0.8999999999999998,False
p2_tcn_full_spatA3_seed2,"{""backbone"": ""tcn"", ""batch_size"": 128, ""cache_stem"": ""regress_all_filt_abcd_ntcRaw_madk1p5_spatA3"", ""device"": ""cuda"", ""epochs"": 30, ""framing"": ""F-E (whole-trace, per-timestep BCE, K-consecutive TTP)"", ""k_consecutive"": 5, ""lr"": 0.001, ""max_train_pixels"": null, ""method"": ""P2 backbone sweep on F-E framing \u2014 backbone=tcn"", ""n_params"": 55329, ""n_samples"": 450, ""n_test_pixels"": 5014, ""n_train_pixels"": 17225, ""n_val_pixels"": 5678, ""samples_per_min"": 15, ""seed"": 2}",4.4407707214355465,3.692628816223146,0.5590288162231462,0.4223681684936762,0.216606916164438,0.6,False
p2_tcn_full_spatA3_seed3,"{""backbone"": ""tcn"", ""batch_size"": 128, ""cache_stem"": ""regress_all_filt_abcd_ntcRaw_madk1p5_spatA3"", ""device"": ""cuda"", ""epochs"": 30, ""framing"": ""F-E (whole-trace, per-timestep BCE, K-consecutive TTP)"", ""k_consecutive"": 5, ""lr"": 0.001, ""max_train_pixels"": null, ""method"": ""P2 backbone sweep on F-E framing \u2014 backbone=tcn"", ""n_params"": 55329, ""n_samples"": 450, ""n_test_pixels"": 5014, ""n_train_pixels"": 15912, ""n_val_pixels"": 6991, ""samples_per_min"": 15, ""seed"": 3}",5.079861450195312,4.183276799774171,1.049676799774171,0.7962964090155529,0.276865922984654,0.8999999999999998,False
p2_tcn_full_spatA3_seed4,"{""backbone"": ""tcn"", ""batch_size"": 128, ""cache_stem"": ""regress_all_filt_abcd_ntcRaw_madk1p5_spatA3"", ""device"": ""cuda"", ""epochs"": 30, ""framing"": ""F-E (whole-trace, per-timestep BCE, K-consecutive TTP)"", ""k_consecutive"": 5, ""lr"": 0.001, ""max_train_pixels"": null, ""method"": ""P2 backbone sweep on F-E framing \u2014 backbone=tcn"", ""n_params"": 55329, ""n_samples"": 450, ""n_test_pixels"": 5014, ""n_train_pixels"": 17225, ""n_val_pixels"": 5678, ""samples_per_min"": 15, ""seed"": 4}",4.919488143920899,3.8129172836303713,0.6793172836303715,0.6111279029619245,0.2541091189554927,0.7,False
fb_confound_bigru_w60_stride5_spatA3_seed0,"{""backbone"": ""bigru"", ""batch_size"": 256, ""cache_stem"": ""regress_all_filt_abcd_ntcRaw_madk1p5_spatA3"", ""device"": ""cuda"", ""epochs"": 30, ""framing"": ""F-B (sliding-window classifier, per-window BCE, first-K-consecutive TTP)"", ""k_consecutive"": 3, ""lr"": 0.001, ""max_train_pixels"": null, ""method"": ""F-B confound-check \u2014 backbone=bigru, W=60, stride=5"", ""n_params"": 100353, ""n_samples"": 450, ""n_test_pixels"": 5014, ""n_train_pixels"": 17225, ""n_val_pixels"": 5678, ""samples_per_min"": 15, ""seed"": 0, ""stride"": 5, ""window"": 60}",3.4015350341796875,2.850697187042238,-0.2829028129577617,0.139372229115255,0.127604742948091,-0.3,False
fb_confound_bigru_w60_stride5_spatA3_seed1,"{""backbone"": ""bigru"", ""batch_size"": 256, ""cache_stem"": ""regress_all_filt_abcd_ntcRaw_madk1p5_spatA3"", ""device"": ""cuda"", ""epochs"": 30, ""framing"": ""F-B (sliding-window classifier, per-window BCE, first-K-consecutive TTP)"", ""k_consecutive"": 3, ""lr"": 0.001, ""max_train_pixels"": null, ""method"": ""F-B confound-check \u2014 backbone=bigru, W=60, stride=5"", ""n_params"": 100353, ""n_samples"": 450, ""n_test_pixels"": 5014, ""n_train_pixels"": 15912, ""n_val_pixels"": 6991, ""samples_per_min"": 15, ""seed"": 1, ""stride"": 5, ""window"": 60}",3.831662940979004,3.143218854522708,0.0096188545227077,0.000270229024668,0.170519909623263,0.0999999999999999,False
fb_confound_bigru_w60_stride5_spatA3_seed2,"{""backbone"": ""bigru"", ""batch_size"": 256, ""cache_stem"": ""regress_all_filt_abcd_ntcRaw_madk1p5_spatA3"", ""device"": ""cuda"", ""epochs"": 30, ""framing"": ""F-B (sliding-window classifier, per-window BCE, first-K-consecutive TTP)"", ""k_consecutive"": 3, ""lr"": 0.001, ""max_train_pixels"": null, ""method"": ""F-B confound-check \u2014 backbone=bigru, W=60, stride=5"", ""n_params"": 100353, ""n_samples"": 450, ""n_test_pixels"": 5014, ""n_train_pixels"": 17225, ""n_val_pixels"": 5678, ""samples_per_min"": 15, ""seed"": 2, ""stride"": 5, ""window"": 60}",3.487829780578614,2.9623954330444366,-0.1712045669555634,0.0552197902384254,0.1397943858753584,-0.3,False
fb_confound_bigru_w60_stride5_spatA3_seed3,"{""backbone"": ""bigru"", ""batch_size"": 256, ""cache_stem"": ""regress_all_filt_abcd_ntcRaw_madk1p5_spatA3"", ""device"": ""cuda"", ""epochs"": 30, ""framing"": ""F-B (sliding-window classifier, per-window BCE, first-K-consecutive TTP)"", ""k_consecutive"": 3, ""lr"": 0.001, ""max_train_pixels"": null, ""method"": ""F-B confound-check \u2014 backbone=bigru, W=60, stride=5"", ""n_params"": 100353, ""n_samples"": 450, ""n_test_pixels"": 5014, ""n_train_pixels"": 15912, ""n_val_pixels"": 6991, ""samples_per_min"": 15, ""seed"": 3, ""stride"": 5, ""window"": 60}",3.5841495513916017,2.8810255561828635,-0.2525744438171364,0.199390352577949,0.1569596112530607,-0.6,False
fb_confound_bigru_w60_stride5_spatA3_seed4,"{""backbone"": ""bigru"", ""batch_size"": 256, ""cache_stem"": ""regress_all_filt_abcd_ntcRaw_madk1p5_spatA3"", ""device"": ""cuda"", ""epochs"": 30, ""framing"": ""F-B (sliding-window classifier, per-window BCE, first-K-consecutive TTP)"", ""k_consecutive"": 3, ""lr"": 0.001, ""max_train_pixels"": null, ""method"": ""F-B confound-check \u2014 backbone=bigru, W=60, stride=5"", ""n_params"": 100353, ""n_samples"": 450, ""n_test_pixels"": 5014, ""n_train_pixels"": 17225, ""n_val_pixels"": 5678, ""samples_per_min"": 15, ""seed"": 4, ""stride"": 5, ""window"": 60}",3.3899791717529295,2.8930394683837917,-0.2405605316162084,0.0916043627723511,0.1570003082479049,-0.3999999999999999,False
fd_confound_bigru_spatA3_seed0,"{""backbone"": ""bigru"", ""batch_size"": 32, ""cache_stem"": ""regress_all_filt_abcd_ntcRaw_madk1p5_spatA3"", ""device"": ""cuda"", ""epochs"": 30, ""framing"": ""F-D (whole-trace 4-class segmentation, per-timestep CE, first onset-or-amp TTP)"", ""lr"": 0.001, ""max_train_pixels"": null, ""method"": ""F-D confound-check \u2014 backbone=bigru"", ""n_params"": 100740, ""n_samples"": 450, ""n_test_pixels"": 5014, ""n_train_pixels"": 17225, ""n_val_pixels"": 5678, ""onset_window_samples"": 30, ""samples_per_min"": 15, ""seed"": 0}",4.270828628540039,2.1492584739685068,-0.9843415260314928,0.5848609463766825,0.1707154373234141,-0.7,False
fd_confound_bigru_spatA3_seed1,"{""backbone"": ""bigru"", ""batch_size"": 32, ""cache_stem"": ""regress_all_filt_abcd_ntcRaw_madk1p5_spatA3"", ""device"": ""cuda"", ""epochs"": 30, ""framing"": ""F-D (whole-trace 4-class segmentation, per-timestep CE, first onset-or-amp TTP)"", ""lr"": 0.001, ""max_train_pixels"": null, ""method"": ""F-D confound-check \u2014 backbone=bigru"", ""n_params"": 100740, ""n_samples"": 450, ""n_test_pixels"": 5014, ""n_train_pixels"": 15912, ""n_val_pixels"": 6991, ""onset_window_samples"": 30, ""samples_per_min"": 15, ""seed"": 1}",3.831604385375977,3.12302461013794,-0.0105753898620596,0.0001487599944794,0.0990061762659877,0.0999999999999999,False
fd_confound_bigru_spatA3_seed2,"{""backbone"": ""bigru"", ""batch_size"": 32, ""cache_stem"": ""regress_all_filt_abcd_ntcRaw_madk1p5_spatA3"", ""device"": ""cuda"", ""epochs"": 30, ""framing"": ""F-D (whole-trace 4-class segmentation, per-timestep CE, first onset-or-amp TTP)"", ""lr"": 0.001, ""max_train_pixels"": null, ""method"": ""F-D confound-check \u2014 backbone=bigru"", ""n_params"": 100740, ""n_samples"": 450, ""n_test_pixels"": 5014, ""n_train_pixels"": 17225, ""n_val_pixels"": 5678, ""onset_window_samples"": 30, ""samples_per_min"": 15, ""seed"": 2}",3.4781299591064454,1.8379818473815943,-1.2956181526184056,0.930488272975618,0.0962292447405647,-1.0,True
fd_confound_bigru_spatA3_seed3,"{""backbone"": ""bigru"", ""batch_size"": 32, ""cache_stem"": ""regress_all_filt_abcd_ntcRaw_madk1p5_spatA3"", ""device"": ""cuda"", ""epochs"": 30, ""framing"": ""F-D (whole-trace 4-class segmentation, per-timestep CE, first onset-or-amp TTP)"", ""lr"": 0.001, ""max_train_pixels"": null, ""method"": ""F-D confound-check \u2014 backbone=bigru"", ""n_params"": 100740, ""n_samples"": 450, ""n_test_pixels"": 5014, ""n_train_pixels"": 15912, ""n_val_pixels"": 6991, ""onset_window_samples"": 30, ""samples_per_min"": 15, ""seed"": 3}",4.7199867248535154,1.867870572662355,-1.265729427337645,0.7967689721370411,0.1001810940967239,-0.8999999999999998,False
fd_confound_bigru_spatA3_seed4,"{""backbone"": ""bigru"", ""batch_size"": 32, ""cache_stem"": ""regress_all_filt_abcd_ntcRaw_madk1p5_spatA3"", ""device"": ""cuda"", ""epochs"": 30, ""framing"": ""F-D (whole-trace 4-class segmentation, per-timestep CE, first onset-or-amp TTP)"", ""lr"": 0.001, ""max_train_pixels"": null, ""method"": ""F-D confound-check \u2014 backbone=bigru"", ""n_params"": 100740, ""n_samples"": 450, ""n_test_pixels"": 5014, ""n_train_pixels"": 17225, ""n_val_pixels"": 5678, ""onset_window_samples"": 30, ""samples_per_min"": 15, ""seed"": 4}",3.7754173278808594,2.5867527519226092,-0.5468472480773908,0.9647175527236244,0.0852190147245798,-1.0,True
p3_a1_alpha0.3_unet_w120_stride10_seed0,"{""alpha"": 0.3, ""arch"": ""a1"", ""backbone"": ""unet"", ""batch_size"": 256, ""cache_stem"": ""regress_all_filt_abcd_ntcRaw_madk1p5_spatA3"", ""epochs"": 30, ""k_consecutive"": 3, ""k_thr"": 0.7, ""lr"": 0.001, ""method"": ""P3 joint cls+quant, arch=a1, alpha=0.3"", ""n_params"": 492692, ""n_test"": 5014, ""n_train_ntc"": 5000, ""n_train_pos"": 17225, ""n_val"": 5678, ""samples_per_min"": 15, ""seed"": 0, ""stride"": 10, ""window"": 120}",2.501663398742676,1.6314624343872102,-1.5021375656127898,0.9349111639569084,0.0606212130845356,-1.0,True
p3_a1_alpha0.3_unet_w120_stride10_seed1,"{""alpha"": 0.3, ""arch"": ""a1"", ""backbone"": ""unet"", ""batch_size"": 256, ""cache_stem"": ""regress_all_filt_abcd_ntcRaw_madk1p5_spatA3"", ""epochs"": 30, ""k_consecutive"": 3, ""k_thr"": 0.7, ""lr"": 0.001, ""method"": ""P3 joint cls+quant, arch=a1, alpha=0.3"", ""n_params"": 492692, ""n_test"": 5014, ""n_train_ntc"": 5000, ""n_train_pos"": 15912, ""n_val"": 6991, ""samples_per_min"": 15, ""seed"": 1, ""stride"": 10, ""window"": 120}",2.322095489501953,1.7922207389831577,-1.3413792610168425,0.9331261266349024,0.1120684529797428,-1.0,True
p3_a1_alpha0.3_unet_w120_stride10_seed2,"{""alpha"": 0.3, ""arch"": ""a1"", ""backbone"": ""unet"", ""batch_size"": 256, ""cache_stem"": ""regress_all_filt_abcd_ntcRaw_madk1p5_spatA3"", ""epochs"": 30, ""k_consecutive"": 3, ""k_thr"": 0.7, ""lr"": 0.001, ""method"": ""P3 joint cls+quant, arch=a1, alpha=0.3"", ""n_params"": 492692, ""n_test"": 5014, ""n_train_ntc"": 5000, ""n_train_pos"": 17225, ""n_val"": 5678, ""samples_per_min"": 15, ""seed"": 2, ""stride"": 10, ""window"": 120}",4.730138778686523,3.3140756164550793,0.1804756164550793,0.2662651511353975,0.203268405297891,0.7,False
p3_a1_alpha0.3_unet_w120_stride10_ptcontrastive_seed0,"{""alpha"": 0.3, ""arch"": ""a1"", ""backbone"": ""unet"", ""batch_size"": 256, ""cache_stem"": ""regress_all_filt_abcd_ntcRaw_madk1p5_spatA3"", ""epochs"": 30, ""k_consecutive"": 3, ""k_thr"": 0.7, ""lr"": 0.001, ""method"": ""P3 joint cls+quant, arch=a1, alpha=0.3"", ""n_params"": 492692, ""n_test"": 5014, ""n_train_ntc"": 5000, ""n_train_pos"": 17225, ""n_val"": 5678, ""pretrained_cls"": null, ""pretrained_encoder"": ""Analysis/quantification/methods/results/p4_ssl_contrastive_unet/pretrained.pt"", ""samples_per_min"": 15, ""seed"": 0, ""stride"": 10, ""window"": 120}",11.52024154663086,3.1306632553100617,-0.0029367446899384,0.4877798164678826,0.0029753553741784,-0.7826237921249264,False
p3_a1_alpha0.3_unet_w120_stride10_ptcontrastive_seed1,"{""alpha"": 0.3, ""arch"": ""a1"", ""backbone"": ""unet"", ""batch_size"": 256, ""cache_stem"": ""regress_all_filt_abcd_ntcRaw_madk1p5_spatA3"", ""epochs"": 30, ""k_consecutive"": 3, ""k_thr"": 0.7, ""lr"": 0.001, ""method"": ""P3 joint cls+quant, arch=a1, alpha=0.3"", ""n_params"": 492692, ""n_test"": 5014, ""n_train_ntc"": 5000, ""n_train_pos"": 15912, ""n_val"": 6991, ""pretrained_cls"": null, ""pretrained_encoder"": ""Analysis/quantification/methods/results/p4_ssl_contrastive_unet/pretrained.pt"", ""samples_per_min"": 15, ""seed"": 1, ""stride"": 10, ""window"": 120}",2.10206298828125,1.5399579559326209,-1.593642044067379,0.9962028494091684,0.0507039314784981,-1.0,True
p3_a1_alpha0.3_unet_w120_stride10_ptcontrastive_seed2,"{""alpha"": 0.3, ""arch"": ""a1"", ""backbone"": ""unet"", ""batch_size"": 256, ""cache_stem"": ""regress_all_filt_abcd_ntcRaw_madk1p5_spatA3"", ""epochs"": 30, ""k_consecutive"": 3, ""k_thr"": 0.7, ""lr"": 0.001, ""method"": ""P3 joint cls+quant, arch=a1, alpha=0.3"", ""n_params"": 492692, ""n_test"": 5014, ""n_train_ntc"": 5000, ""n_train_pos"": 17225, ""n_val"": 5678, ""pretrained_cls"": null, ""pretrained_encoder"": ""Analysis/quantification/methods/results/p4_ssl_contrastive_unet/pretrained.pt"", ""samples_per_min"": 15, ""seed"": 2, ""stride"": 10, ""window"": 120}",11.524671173095705,3.133600381469729,3.814697292357405e-07,0.5,1.6168004673052548e-07,0.7071067811865475,False
p3_a1_alpha0.3_unet_w120_stride10_ptcontrastive_epochs100_seed0,"{""alpha"": 0.3, ""arch"": ""a1"", ""backbone"": ""unet"", ""batch_size"": 256, ""cache_stem"": ""regress_all_filt_abcd_ntcRaw_madk1p5_spatA3"", ""epochs"": 30, ""k_consecutive"": 3, ""k_thr"": 0.7, ""lr"": 0.001, ""method"": ""P3 joint cls+quant, arch=a1, alpha=0.3"", ""n_params"": 492692, ""n_test"": 5014, ""n_train_ntc"": 5000, ""n_train_pos"": 17225, ""n_val"": 5678, ""pretrained_cls"": null, ""pretrained_encoder"": ""Analysis/quantification/methods/results/p4_ssl_contrastive_unet_epochs100/pretrained.pt"", ""samples_per_min"": 15, ""seed"": 0, ""stride"": 10, ""window"": 120}",2.2892534255981447,1.6807966743469265,-1.4528033256530737,0.9977675809069322,0.0764533542934292,-1.0,True
p3_a1_alpha0.3_unet_w120_stride10_ptcontrastive_epochs100_seed1,"{""alpha"": 0.3, ""arch"": ""a1"", ""backbone"": ""unet"", ""batch_size"": 256, ""cache_stem"": ""regress_all_filt_abcd_ntcRaw_madk1p5_spatA3"", ""epochs"": 30, ""k_consecutive"": 3, ""k_thr"": 0.7, ""lr"": 0.001, ""method"": ""P3 joint cls+quant, arch=a1, alpha=0.3"", ""n_params"": 492692, ""n_test"": 5014, ""n_train_ntc"": 5000, ""n_train_pos"": 15912, ""n_val"": 6991, ""pretrained_cls"": null, ""pretrained_encoder"": ""Analysis/quantification/methods/results/p4_ssl_contrastive_unet_epochs100/pretrained.pt"", ""samples_per_min"": 15, ""seed"": 1, ""stride"": 10, ""window"": 120}",8.772639083862305,4.386354402160646,1.2527544021606465,0.861313499233396,0.1831777982383451,0.8999999999999998,False
p3_a1_alpha0.3_unet_w120_stride10_ptcontrastive_epochs100_seed2,"{""alpha"": 0.3, ""arch"": ""a1"", ""backbone"": ""unet"", ""batch_size"": 256, ""cache_stem"": ""regress_all_filt_abcd_ntcRaw_madk1p5_spatA3"", ""epochs"": 30, ""k_consecutive"": 3, ""k_thr"": 0.7, ""lr"": 0.001, ""method"": ""P3 joint cls+quant, arch=a1, alpha=0.3"", ""n_params"": 492692, ""n_test"": 5014, ""n_train_ntc"": 5000, ""n_train_pos"": 17225, ""n_val"": 5678, ""pretrained_cls"": null, ""pretrained_encoder"": ""Analysis/quantification/methods/results/p4_ssl_contrastive_unet_epochs100/pretrained.pt"", ""samples_per_min"": 15, ""seed"": 2, ""stride"": 10, ""window"": 120}",3.2858137130737304,2.474235108947756,-0.659364891052244,0.7056543179369855,0.2578982231769212,-0.7999999999999999,False
p3_a1_alpha0.3_unet_w120_stride10_ptcontrastive_tau1_seed0,"{""alpha"": 0.3, ""arch"": ""a1"", ""backbone"": ""unet"", ""batch_size"": 256, ""cache_stem"": ""regress_all_filt_abcd_ntcRaw_madk1p5_spatA3"", ""epochs"": 30, ""k_consecutive"": 3, ""k_thr"": 0.7, ""lr"": 0.001, ""method"": ""P3 joint cls+quant, arch=a1, alpha=0.3"", ""n_params"": 492692, ""n_test"": 5014, ""n_train_ntc"": 5000, ""n_train_pos"": 17225, ""n_val"": 5678, ""pretrained_cls"": null, ""pretrained_encoder"": ""Analysis/quantification/methods/results/p4_ssl_contrastive_unet_tau1/pretrained.pt"", ""samples_per_min"": 15, ""seed"": 0, ""stride"": 10, ""window"": 120}",7.852043533325196,1.6640244995117224,-1.4695755004882776,0.7233398138973692,0.2283942650921137,-0.7,False
p3_a1_alpha0.3_unet_w120_stride10_ptcontrastive_tau1_seed1,"{""alpha"": 0.3, ""arch"": ""a1"", ""backbone"": ""unet"", ""batch_size"": 256, ""cache_stem"": ""regress_all_filt_abcd_ntcRaw_madk1p5_spatA3"", ""epochs"": 30, ""k_consecutive"": 3, ""k_thr"": 0.7, ""lr"": 0.001, ""method"": ""P3 joint cls+quant, arch=a1, alpha=0.3"", ""n_params"": 492692, ""n_test"": 5014, ""n_train_ntc"": 5000, ""n_train_pos"": 15912, ""n_val"": 6991, ""pretrained_cls"": null, ""pretrained_encoder"": ""Analysis/quantification/methods/results/p4_ssl_contrastive_unet_tau1/pretrained.pt"", ""samples_per_min"": 15, ""seed"": 1, ""stride"": 10, ""window"": 120}",11.524671173095705,3.133600381469729,3.814697292357405e-07,0.5,1.6168004673052548e-07,0.7071067811865475,False
p3_a1_alpha0.3_unet_w120_stride10_ptcontrastive_tau1_seed2,"{""alpha"": 0.3, ""arch"": ""a1"", ""backbone"": ""unet"", ""batch_size"": 256, ""cache_stem"": ""regress_all_filt_abcd_ntcRaw_madk1p5_spatA3"", ""epochs"": 30, ""k_consecutive"": 3, ""k_thr"": 0.7, ""lr"": 0.001, ""method"": ""P3 joint cls+quant, arch=a1, alpha=0.3"", ""n_params"": 492692, ""n_test"": 5014, ""n_train_ntc"": 5000, ""n_train_pos"": 17225, ""n_val"": 5678, ""pretrained_cls"": null, ""pretrained_encoder"": ""Analysis/quantification/methods/results/p4_ssl_contrastive_unet_tau1/pretrained.pt"", ""samples_per_min"": 15, ""seed"": 2, ""stride"": 10, ""window"": 120}",3.467178153991699,1.4935645614624058,-1.640035438537594,0.8959016291408778,0.0708590100240296,-1.0,True
p3_a1_alpha0.5_unet_w120_stride10_seed0,"{""alpha"": 0.5, ""arch"": ""a1"", ""backbone"": ""unet"", ""batch_size"": 256, ""cache_stem"": ""regress_all_filt_abcd_ntcRaw_madk1p5_spatA3"", ""epochs"": 30, ""k_consecutive"": 3, ""k_thr"": 0.7, ""lr"": 0.001, ""method"": ""P3 joint cls+quant, arch=a1, alpha=0.5"", ""n_params"": 492692, ""n_test"": 5014, ""n_train_ntc"": 5000, ""n_train_pos"": 17225, ""n_val"": 5678, ""samples_per_min"": 15, ""seed"": 0, ""stride"": 10, ""window"": 120}",3.3341642379760743,2.1228053604126007,-1.0107946395873997,0.8734028311730844,0.0883380145654718,-1.0,True
p3_a1_alpha0.5_unet_w120_stride10_seed1,"{""alpha"": 0.5, ""arch"": ""a1"", ""backbone"": ""unet"", ""batch_size"": 256, ""cache_stem"": ""regress_all_filt_abcd_ntcRaw_madk1p5_spatA3"", ""epochs"": 30, ""k_consecutive"": 3, ""k_thr"": 0.7, ""lr"": 0.001, ""method"": ""P3 joint cls+quant, arch=a1, alpha=0.5"", ""n_params"": 492692, ""n_test"": 5014, ""n_train_ntc"": 5000, ""n_train_pos"": 15912, ""n_val"": 6991, ""samples_per_min"": 15, ""seed"": 1, ""stride"": 10, ""window"": 120}",4.4875225067138675,3.224140695190432,0.0905406951904323,0.0189868683445803,0.1676057098148439,0.0999999999999999,False
p3_a1_alpha0.5_unet_w120_stride10_seed2,"{""alpha"": 0.5, ""arch"": ""a1"", ""backbone"": ""unet"", ""batch_size"": 256, ""cache_stem"": ""regress_all_filt_abcd_ntcRaw_madk1p5_spatA3"", ""epochs"": 30, ""k_consecutive"": 3, ""k_thr"": 0.7, ""lr"": 0.001, ""method"": ""P3 joint cls+quant, arch=a1, alpha=0.5"", ""n_params"": 492692, ""n_test"": 5014, ""n_train_ntc"": 5000, ""n_train_pos"": 17225, ""n_val"": 5678, ""samples_per_min"": 15, ""seed"": 2, ""stride"": 10, ""window"": 120}",11.028157424926755,2.85052810058594,-0.2830718994140599,0.939550911420923,0.0629475933131253,-1.0,True
p3_a1_alpha0.5_unet_w120_stride10_ptcontrastive_seed0,"{""alpha"": 0.5, ""arch"": ""a1"", ""backbone"": ""unet"", ""batch_size"": 256, ""cache_stem"": ""regress_all_filt_abcd_ntcRaw_madk1p5_spatA3"", ""epochs"": 30, ""k_consecutive"": 3, ""k_thr"": 0.7, ""lr"": 0.001, ""method"": ""P3 joint cls+quant, arch=a1, alpha=0.5"", ""n_params"": 492692, ""n_test"": 5014, ""n_train_ntc"": 5000, ""n_train_pos"": 17225, ""n_val"": 5678, ""pretrained_cls"": null, ""pretrained_encoder"": ""Analysis/quantification/methods/results/p4_ssl_contrastive_unet/pretrained.pt"", ""samples_per_min"": 15, ""seed"": 0, ""stride"": 10, ""window"": 120}",1.9761356353759765,1.4114316497802766,-1.7221683502197234,0.9973903841768846,0.0672534206135157,-1.0,True
p3_a1_alpha0.5_unet_w120_stride10_ptcontrastive_seed1,"{""alpha"": 0.5, ""arch"": ""a1"", ""backbone"": ""unet"", ""batch_size"": 256, ""cache_stem"": ""regress_all_filt_abcd_ntcRaw_madk1p5_spatA3"", ""epochs"": 30, ""k_consecutive"": 3, ""k_thr"": 0.7, ""lr"": 0.001, ""method"": ""P3 joint cls+quant, arch=a1, alpha=0.5"", ""n_params"": 492692, ""n_test"": 5014, ""n_train_ntc"": 5000, ""n_train_pos"": 15912, ""n_val"": 6991, ""pretrained_cls"": null, ""pretrained_encoder"": ""Analysis/quantification/methods/results/p4_ssl_contrastive_unet/pretrained.pt"", ""samples_per_min"": 15, ""seed"": 1, ""stride"": 10, ""window"": 120}",11.524671173095705,3.133600381469729,3.814697292357405e-07,0.5,1.6168004673052548e-07,0.7071067811865475,False
p3_a1_alpha0.5_unet_w120_stride10_ptcontrastive_seed2,"{""alpha"": 0.5, ""arch"": ""a1"", ""backbone"": ""unet"", ""batch_size"": 256, ""cache_stem"": ""regress_all_filt_abcd_ntcRaw_madk1p5_spatA3"", ""epochs"": 30, ""k_consecutive"": 3, ""k_thr"": 0.7, ""lr"": 0.001, ""method"": ""P3 joint cls+quant, arch=a1, alpha=0.5"", ""n_params"": 492692, ""n_test"": 5014, ""n_train_ntc"": 5000, ""n_train_pos"": 17225, ""n_val"": 5678, ""pretrained_cls"": null, ""pretrained_encoder"": ""Analysis/quantification/methods/results/p4_ssl_contrastive_unet/pretrained.pt"", ""samples_per_min"": 15, ""seed"": 2, ""stride"": 10, ""window"": 120}",1.6033456802368165,1.2949701820373574,-1.8386298179626424,0.99627946371113,0.1279994320596994,-1.0,True
p3_a1_alpha0.5_unet_w120_stride10_ptcontrastive_seed3,"{""alpha"": 0.5, ""arch"": ""a1"", ""backbone"": ""unet"", ""batch_size"": 256, ""cache_stem"": ""regress_all_filt_abcd_ntcRaw_madk1p5_spatA3"", ""epochs"": 30, ""k_consecutive"": 3, ""k_thr"": 0.7, ""lr"": 0.001, ""method"": ""P3 joint cls+quant, arch=a1, alpha=0.5"", ""n_params"": 492692, ""n_test"": 5014, ""n_train_ntc"": 5000, ""n_train_pos"": 15912, ""n_val"": 6991, ""pretrained_cls"": null, ""pretrained_encoder"": ""Analysis/quantification/methods/results/p4_ssl_contrastive_unet/pretrained.pt"", ""samples_per_min"": 15, ""seed"": 3, ""stride"": 10, ""window"": 120}",2.15118522644043,1.4955388580322295,-1.6380611419677702,0.91095716263357,0.0822017462892576,-1.0,True
p3_a1_alpha0.5_unet_w120_stride10_ptcontrastive_seed4,"{""alpha"": 0.5, ""arch"": ""a1"", ""backbone"": ""unet"", ""batch_size"": 256, ""cache_stem"": ""regress_all_filt_abcd_ntcRaw_madk1p5_spatA3"", ""epochs"": 30, ""k_consecutive"": 3, ""k_thr"": 0.7, ""lr"": 0.001, ""method"": ""P3 joint cls+quant, arch=a1, alpha=0.5"", ""n_params"": 492692, ""n_test"": 5014, ""n_train_ntc"": 5000, ""n_train_pos"": 17225, ""n_val"": 5678, ""pretrained_cls"": null, ""pretrained_encoder"": ""Analysis/quantification/methods/results/p4_ssl_contrastive_unet/pretrained.pt"", ""samples_per_min"": 15, ""seed"": 4, ""stride"": 10, ""window"": 120}",2.2447704315185546,1.7980849777221717,-1.3355150222778285,0.967448843862499,0.1274451274030261,-1.0,True
p3_a1_alpha0.5_unet_w120_stride10_ptcontrastive_epochs100_seed0,"{""alpha"": 0.5, ""arch"": ""a1"", ""backbone"": ""unet"", ""batch_size"": 256, ""cache_stem"": ""regress_all_filt_abcd_ntcRaw_madk1p5_spatA3"", ""epochs"": 30, ""k_consecutive"": 3, ""k_thr"": 0.7, ""lr"": 0.001, ""method"": ""P3 joint cls+quant, arch=a1, alpha=0.5"", ""n_params"": 492692, ""n_test"": 5014, ""n_train_ntc"": 5000, ""n_train_pos"": 17225, ""n_val"": 5678, ""pretrained_cls"": null, ""pretrained_encoder"": ""Analysis/quantification/methods/results/p4_ssl_contrastive_unet_epochs100/pretrained.pt"", ""samples_per_min"": 15, ""seed"": 0, ""stride"": 10, ""window"": 120}",11.524671173095705,3.133600381469729,3.814697292357405e-07,0.5,1.6168004673052548e-07,0.7071067811865475,False
p3_a1_alpha0.5_unet_w120_stride10_ptcontrastive_epochs100_seed1,"{""alpha"": 0.5, ""arch"": ""a1"", ""backbone"": ""unet"", ""batch_size"": 256, ""cache_stem"": ""regress_all_filt_abcd_ntcRaw_madk1p5_spatA3"", ""epochs"": 30, ""k_consecutive"": 3, ""k_thr"": 0.7, ""lr"": 0.001, ""method"": ""P3 joint cls+quant, arch=a1, alpha=0.5"", ""n_params"": 492692, ""n_test"": 5014, ""n_train_ntc"": 5000, ""n_train_pos"": 15912, ""n_val"": 6991, ""pretrained_cls"": null, ""pretrained_encoder"": ""Analysis/quantification/methods/results/p4_ssl_contrastive_unet_epochs100/pretrained.pt"", ""samples_per_min"": 15, ""seed"": 1, ""stride"": 10, ""window"": 120}",9.017755508422852,2.1490899597168003,-0.9845100402831996,0.945921842073862,0.0501303069977673,-1.0,True
p3_a1_alpha0.5_unet_w120_stride10_ptcontrastive_epochs100_seed2,"{""alpha"": 0.5, ""arch"": ""a1"", ""backbone"": ""unet"", ""batch_size"": 256, ""cache_stem"": ""regress_all_filt_abcd_ntcRaw_madk1p5_spatA3"", ""epochs"": 30, ""k_consecutive"": 3, ""k_thr"": 0.7, ""lr"": 0.001, ""method"": ""P3 joint cls+quant, arch=a1, alpha=0.5"", ""n_params"": 492692, ""n_test"": 5014, ""n_train_ntc"": 5000, ""n_train_pos"": 17225, ""n_val"": 5678, ""pretrained_cls"": null, ""pretrained_encoder"": ""Analysis/quantification/methods/results/p4_ssl_contrastive_unet_epochs100/pretrained.pt"", ""samples_per_min"": 15, ""seed"": 2, ""stride"": 10, ""window"": 120}",11.234852600097655,3.1503898178100616,0.0167898178100614,0.0154688997971398,0.0597625885291963,0.3999999999999999,False
p3_a1_alpha0.5_unet_w120_stride10_ptcontrastive_tau1_seed0,"{""alpha"": 0.5, ""arch"": ""a1"", ""backbone"": ""unet"", ""batch_size"": 256, ""cache_stem"": ""regress_all_filt_abcd_ntcRaw_madk1p5_spatA3"", ""epochs"": 30, ""k_consecutive"": 3, ""k_thr"": 0.7, ""lr"": 0.001, ""method"": ""P3 joint cls+quant, arch=a1, alpha=0.5"", ""n_params"": 492692, ""n_test"": 5014, ""n_train_ntc"": 5000, ""n_train_pos"": 17225, ""n_val"": 5678, ""pretrained_cls"": null, ""pretrained_encoder"": ""Analysis/quantification/methods/results/p4_ssl_contrastive_unet_tau1/pretrained.pt"", ""samples_per_min"": 15, ""seed"": 0, ""stride"": 10, ""window"": 120}",4.3103889465332035,2.480205491638185,-0.653394508361815,0.692598081728172,0.2345913169514396,-0.7,False
p3_a1_alpha0.5_unet_w120_stride10_ptcontrastive_tau1_seed1,"{""alpha"": 0.5, ""arch"": ""a1"", ""backbone"": ""unet"", ""batch_size"": 256, ""cache_stem"": ""regress_all_filt_abcd_ntcRaw_madk1p5_spatA3"", ""epochs"": 30, ""k_consecutive"": 3, ""k_thr"": 0.7, ""lr"": 0.001, ""method"": ""P3 joint cls+quant, arch=a1, alpha=0.5"", ""n_params"": 492692, ""n_test"": 5014, ""n_train_ntc"": 5000, ""n_train_pos"": 15912, ""n_val"": 6991, ""pretrained_cls"": null, ""pretrained_encoder"": ""Analysis/quantification/methods/results/p4_ssl_contrastive_unet_tau1/pretrained.pt"", ""samples_per_min"": 15, ""seed"": 1, ""stride"": 10, ""window"": 120}",2.4333517074584963,1.4731162582397503,-1.6604837417602496,0.9718483197128358,0.0993571711766317,-1.0,True
p3_a1_alpha0.5_unet_w120_stride10_ptcontrastive_tau1_seed2,"{""alpha"": 0.5, ""arch"": ""a1"", ""backbone"": ""unet"", ""batch_size"": 256, ""cache_stem"": ""regress_all_filt_abcd_ntcRaw_madk1p5_spatA3"", ""epochs"": 30, ""k_consecutive"": 3, ""k_thr"": 0.7, ""lr"": 0.001, ""method"": ""P3 joint cls+quant, arch=a1, alpha=0.5"", ""n_params"": 492692, ""n_test"": 5014, ""n_train_ntc"": 5000, ""n_train_pos"": 17225, ""n_val"": 5678, ""pretrained_cls"": null, ""pretrained_encoder"": ""Analysis/quantification/methods/results/p4_ssl_contrastive_unet_tau1/pretrained.pt"", ""samples_per_min"": 15, ""seed"": 2, ""stride"": 10, ""window"": 120}",10.575469589233398,3.076011422729494,-0.0575885772705061,0.0286725934035687,0.1135106278630487,0.0,False
p3_a1_alpha0.5_unet_w120_stride10_ptmasked_seed0,"{""alpha"": 0.5, ""arch"": ""a1"", ""backbone"": ""unet"", ""batch_size"": 256, ""cache_stem"": ""regress_all_filt_abcd_ntcRaw_madk1p5_spatA3"", ""epochs"": 30, ""k_consecutive"": 3, ""k_thr"": 0.7, ""lr"": 0.001, ""method"": ""P3 joint cls+quant, arch=a1, alpha=0.5"", ""n_params"": 492692, ""n_test"": 5014, ""n_train_ntc"": 5000, ""n_train_pos"": 17225, ""n_val"": 5678, ""pretrained_encoder"": ""Analysis/quantification/methods/results/p4_ssl_masked_unet/pretrained.pt"", ""samples_per_min"": 15, ""seed"": 0, ""stride"": 10, ""window"": 120}",6.063384246826172,3.105484727478029,-0.028115272521971,0.0020803402630514,0.213626577840179,0.0,False
p3_a1_alpha0.5_unet_w120_stride10_ptmasked_seed1,"{""alpha"": 0.5, ""arch"": ""a1"", ""backbone"": ""unet"", ""batch_size"": 256, ""cache_stem"": ""regress_all_filt_abcd_ntcRaw_madk1p5_spatA3"", ""epochs"": 30, ""k_consecutive"": 3, ""k_thr"": 0.7, ""lr"": 0.001, ""method"": ""P3 joint cls+quant, arch=a1, alpha=0.5"", ""n_params"": 492692, ""n_test"": 5014, ""n_train_ntc"": 5000, ""n_train_pos"": 15912, ""n_val"": 6991, ""pretrained_encoder"": ""Analysis/quantification/methods/results/p4_ssl_masked_unet/pretrained.pt"", ""samples_per_min"": 15, ""seed"": 1, ""stride"": 10, ""window"": 120}",8.045907592773437,2.130900338745121,-1.002699661254879,0.9571285116064168,0.0483100147757288,-1.0,True
p3_a1_alpha0.5_unet_w120_stride10_ptmasked_seed2,"{""alpha"": 0.5, ""arch"": ""a1"", ""backbone"": ""unet"", ""batch_size"": 256, ""cache_stem"": ""regress_all_filt_abcd_ntcRaw_madk1p5_spatA3"", ""epochs"": 30, ""k_consecutive"": 3, ""k_thr"": 0.7, ""lr"": 0.001, ""method"": ""P3 joint cls+quant, arch=a1, alpha=0.5"", ""n_params"": 492692, ""n_test"": 5014, ""n_train_ntc"": 5000, ""n_train_pos"": 17225, ""n_val"": 5678, ""pretrained_encoder"": ""Analysis/quantification/methods/results/p4_ssl_masked_unet/pretrained.pt"", ""samples_per_min"": 15, ""seed"": 2, ""stride"": 10, ""window"": 120}",4.192769241333008,2.413396409606936,-0.720203590393064,0.9181535306715796,0.1110576371875653,-0.8999999999999998,False
p3_a1_alpha0.7_unet_w120_stride10_seed0,"{""alpha"": 0.7, ""arch"": ""a1"", ""backbone"": ""unet"", ""batch_size"": 256, ""cache_stem"": ""regress_all_filt_abcd_ntcRaw_madk1p5_spatA3"", ""epochs"": 30, ""k_consecutive"": 3, ""k_thr"": 0.7, ""lr"": 0.001, ""method"": ""P3 joint cls+quant, arch=a1, alpha=0.7"", ""n_params"": 492692, ""n_test"": 5014, ""n_train_ntc"": 5000, ""n_train_pos"": 17225, ""n_val"": 5678, ""samples_per_min"": 15, ""seed"": 0, ""stride"": 10, ""window"": 120}",7.6758567810058596,2.200463822937014,-0.933136177062986,0.9452940948545084,0.0664092372794664,-1.0,True
p3_a1_alpha0.7_unet_w120_stride10_seed1,"{""alpha"": 0.7, ""arch"": ""a1"", ""backbone"": ""unet"", ""batch_size"": 256, ""cache_stem"": ""regress_all_filt_abcd_ntcRaw_madk1p5_spatA3"", ""epochs"": 30, ""k_consecutive"": 3, ""k_thr"": 0.7, ""lr"": 0.001, ""method"": ""P3 joint cls+quant, arch=a1, alpha=0.7"", ""n_params"": 492692, ""n_test"": 5014, ""n_train_ntc"": 5000, ""n_train_pos"": 15912, ""n_val"": 6991, ""samples_per_min"": 15, ""seed"": 1, ""stride"": 10, ""window"": 120}",7.473087310791016,2.660987428283695,-0.4726125717163046,0.2715574192451159,0.0862734987668743,-0.3999999999999999,False
p3_a1_alpha0.7_unet_w120_stride10_seed2,"{""alpha"": 0.7, ""arch"": ""a1"", ""backbone"": ""unet"", ""batch_size"": 256, ""cache_stem"": ""regress_all_filt_abcd_ntcRaw_madk1p5_spatA3"", ""epochs"": 30, ""k_consecutive"": 3, ""k_thr"": 0.7, ""lr"": 0.001, ""method"": ""P3 joint cls+quant, arch=a1, alpha=0.7"", ""n_params"": 492692, ""n_test"": 5014, ""n_train_ntc"": 5000, ""n_train_pos"": 17225, ""n_val"": 5678, ""samples_per_min"": 15, ""seed"": 2, ""stride"": 10, ""window"": 120}",3.204271125793457,2.488468602752688,-0.6451313972473123,0.6833337835685276,0.2082107260487196,-0.7999999999999999,False
p3_a1s_alpha0.3_unet_w120_stride10_seed0,"{""alpha"": 0.3, ""arch"": ""a1s"", ""backbone"": ""unet"", ""batch_size"": 256, ""cache_stem"": ""regress_all_filt_abcd_ntcRaw_madk1p5_spatA3"", ""epochs"": 30, ""k_consecutive"": 3, ""k_thr"": 0.7, ""lr"": 0.001, ""method"": ""P3 joint cls+quant, arch=a1s, alpha=0.3"", ""n_params"": 492469, ""n_test"": 5014, ""n_train_ntc"": 5000, ""n_train_pos"": 17225, ""n_val"": 5678, ""pretrained_cls"": null, ""pretrained_encoder"": null, ""samples_per_min"": 15, ""seed"": 0, ""stride"": 10, ""window"": 120}",2.7107284545898436,2.040233758544926,-1.0933662414550738,0.9759005175785054,0.0844852074892359,-1.0,True
p3_a1s_alpha0.3_unet_w120_stride10_seed1,"{""alpha"": 0.3, ""arch"": ""a1s"", ""backbone"": ""unet"", ""batch_size"": 256, ""cache_stem"": ""regress_all_filt_abcd_ntcRaw_madk1p5_spatA3"", ""epochs"": 30, ""k_consecutive"": 3, ""k_thr"": 0.7, ""lr"": 0.001, ""method"": ""P3 joint cls+quant, arch=a1s, alpha=0.3"", ""n_params"": 492469, ""n_test"": 5014, ""n_train_ntc"": 5000, ""n_train_pos"": 15912, ""n_val"": 6991, ""pretrained_cls"": null, ""pretrained_encoder"": null, ""samples_per_min"": 15, ""seed"": 1, ""stride"": 10, ""window"": 120}",11.524671173095705,3.133600381469729,3.814697292357405e-07,0.5,1.6168004673052548e-07,0.7071067811865475,False
p3_a1s_alpha0.3_unet_w120_stride10_seed2,"{""alpha"": 0.3, ""arch"": ""a1s"", ""backbone"": ""unet"", ""batch_size"": 256, ""cache_stem"": ""regress_all_filt_abcd_ntcRaw_madk1p5_spatA3"", ""epochs"": 30, ""k_consecutive"": 3, ""k_thr"": 0.7, ""lr"": 0.001, ""method"": ""P3 joint cls+quant, arch=a1s, alpha=0.3"", ""n_params"": 492469, ""n_test"": 5014, ""n_train_ntc"": 5000, ""n_train_pos"": 17225, ""n_val"": 5678, ""pretrained_cls"": null, ""pretrained_encoder"": null, ""samples_per_min"": 15, ""seed"": 2, ""stride"": 10, ""window"": 120}",3.4820091247558596,2.271497682189944,-0.8621023178100556,0.8939106728518869,0.0837832059665298,-1.0,True
p3_a2_alpha0.3_unet_w120_stride10_seed0,"{""alpha"": 0.3, ""arch"": ""a2"", ""backbone"": ""unet"", ""batch_size"": 256, ""cache_stem"": ""regress_all_filt_abcd_ntcRaw_madk1p5_spatA3"", ""epochs"": 30, ""k_consecutive"": 3, ""k_thr"": 0.7, ""lr"": 0.001, ""method"": ""P3 joint cls+quant, arch=a2, alpha=0.3"", ""n_params"": 492692, ""n_test"": 5014, ""n_train_ntc"": 5000, ""n_train_pos"": 17225, ""n_val"": 5678, ""samples_per_min"": 15, ""seed"": 0, ""stride"": 10, ""window"": 120}",2.9132198333740233,2.379247048950197,-0.7543529510498029,0.8372672724302377,0.1618049562883537,-0.8999999999999998,False
p3_a2_alpha0.3_unet_w120_stride10_seed1,"{""alpha"": 0.3, ""arch"": ""a2"", ""backbone"": ""unet"", ""batch_size"": 256, ""cache_stem"": ""regress_all_filt_abcd_ntcRaw_madk1p5_spatA3"", ""epochs"": 30, ""k_consecutive"": 3, ""k_thr"": 0.7, ""lr"": 0.001, ""method"": ""P3 joint cls+quant, arch=a2, alpha=0.3"", ""n_params"": 492692, ""n_test"": 5014, ""n_train_ntc"": 5000, ""n_train_pos"": 15912, ""n_val"": 6991, ""samples_per_min"": 15, ""seed"": 1, ""stride"": 10, ""window"": 120}",11.491228485107422,3.116241983032229,-0.0173580169677707,0.8795785159097216,0.0202744792112341,-0.8999999999999998,False
p3_a2_alpha0.3_unet_w120_stride10_seed2,"{""alpha"": 0.3, ""arch"": ""a2"", ""backbone"": ""unet"", ""batch_size"": 256, ""cache_stem"": ""regress_all_filt_abcd_ntcRaw_madk1p5_spatA3"", ""epochs"": 30, ""k_consecutive"": 3, ""k_thr"": 0.7, ""lr"": 0.001, ""method"": ""P3 joint cls+quant, arch=a2, alpha=0.3"", ""n_params"": 492692, ""n_test"": 5014, ""n_train_ntc"": 5000, ""n_train_pos"": 17225, ""n_val"": 5678, ""samples_per_min"": 15, ""seed"": 2, ""stride"": 10, ""window"": 120}",11.521068954467774,3.130282357788088,-0.0033176422119118,0.6352897751130349,0.0016031059344363,-0.8944271909999159,False
p3_a2_alpha0.5_unet_w120_stride10_seed0,"{""alpha"": 0.5, ""arch"": ""a2"", ""backbone"": ""unet"", ""batch_size"": 256, ""cache_stem"": ""regress_all_filt_abcd_ntcRaw_madk1p5_spatA3"", ""epochs"": 30, ""k_consecutive"": 3, ""k_thr"": 0.7, ""lr"": 0.001, ""method"": ""P3 joint cls+quant, arch=a2, alpha=0.5"", ""n_params"": 492692, ""n_test"": 5014, ""n_train_ntc"": 5000, ""n_train_pos"": 17225, ""n_val"": 5678, ""samples_per_min"": 15, ""seed"": 0, ""stride"": 10, ""window"": 120}",5.922027587890625,2.7000453506469757,-0.433554649353024,0.5633838606742914,0.0989491934372977,-0.6,False
p3_a2_alpha0.5_unet_w120_stride10_seed1,"{""alpha"": 0.5, ""arch"": ""a2"", ""backbone"": ""unet"", ""batch_size"": 256, ""cache_stem"": ""regress_all_filt_abcd_ntcRaw_madk1p5_spatA3"", ""epochs"": 30, ""k_consecutive"": 3, ""k_thr"": 0.7, ""lr"": 0.001, ""method"": ""P3 joint cls+quant, arch=a2, alpha=0.5"", ""n_params"": 492692, ""n_test"": 5014, ""n_train_ntc"": 5000, ""n_train_pos"": 15912, ""n_val"": 6991, ""samples_per_min"": 15, ""seed"": 1, ""stride"": 10, ""window"": 120}",10.26260757446289,2.2477664505004915,-0.8858335494995082,0.9120103199053076,0.0277841231562987,-1.0,True
p3_a2_alpha0.5_unet_w120_stride10_seed2,"{""alpha"": 0.5, ""arch"": ""a2"", ""backbone"": ""unet"", ""batch_size"": 256, ""cache_stem"": ""regress_all_filt_abcd_ntcRaw_madk1p5_spatA3"", ""epochs"": 30, ""k_consecutive"": 3, ""k_thr"": 0.7, ""lr"": 0.001, ""method"": ""P3 joint cls+quant, arch=a2, alpha=0.5"", ""n_params"": 492692, ""n_test"": 5014, ""n_train_ntc"": 5000, ""n_train_pos"": 17225, ""n_val"": 5678, ""samples_per_min"": 15, ""seed"": 2, ""stride"": 10, ""window"": 120}",11.524671173095705,3.133600381469729,3.814697292357405e-07,0.5,1.6168004673052548e-07,0.7071067811865475,False
p3_a2_alpha0.5_unet_w120_stride10_ptcontrastive_seed0,"{""alpha"": 0.5, ""arch"": ""a2"", ""backbone"": ""unet"", ""batch_size"": 256, ""cache_stem"": ""regress_all_filt_abcd_ntcRaw_madk1p5_spatA3"", ""epochs"": 30, ""k_consecutive"": 3, ""k_thr"": 0.7, ""lr"": 0.001, ""method"": ""P3 joint cls+quant, arch=a2, alpha=0.5"", ""n_params"": 492692, ""n_test"": 5014, ""n_train_ntc"": 5000, ""n_train_pos"": 17225, ""n_val"": 5678, ""pretrained_encoder"": ""Analysis/quantification/methods/results/p4_ssl_contrastive_unet/pretrained.pt"", ""samples_per_min"": 15, ""seed"": 0, ""stride"": 10, ""window"": 120}",8.636682319641114,3.2244863067626963,0.0908863067626964,0.0492001418088632,0.2449230134746732,0.3999999999999999,False
p3_a2_alpha0.5_unet_w120_stride10_ptcontrastive_seed1,"{""alpha"": 0.5, ""arch"": ""a2"", ""backbone"": ""unet"", ""batch_size"": 256, ""cache_stem"": ""regress_all_filt_abcd_ntcRaw_madk1p5_spatA3"", ""epochs"": 30, ""k_consecutive"": 3, ""k_thr"": 0.7, ""lr"": 0.001, ""method"": ""P3 joint cls+quant, arch=a2, alpha=0.5"", ""n_params"": 492692, ""n_test"": 5014, ""n_train_ntc"": 5000, ""n_train_pos"": 15912, ""n_val"": 6991, ""pretrained_encoder"": ""Analysis/quantification/methods/results/p4_ssl_contrastive_unet/pretrained.pt"", ""samples_per_min"": 15, ""seed"": 1, ""stride"": 10, ""window"": 120}",3.0285659790039063,2.367958692169191,-0.7656413078308087,0.8947986304036107,0.1956565066756174,-1.0,True
p3_a2_alpha0.5_unet_w120_stride10_ptcontrastive_seed2,"{""alpha"": 0.5, ""arch"": ""a2"", ""backbone"": ""unet"", ""batch_size"": 256, ""cache_stem"": ""regress_all_filt_abcd_ntcRaw_madk1p5_spatA3"", ""epochs"": 30, ""k_consecutive"": 3, ""k_thr"": 0.7, ""lr"": 0.001, ""method"": ""P3 joint cls+quant, arch=a2, alpha=0.5"", ""n_params"": 492692, ""n_test"": 5014, ""n_train_ntc"": 5000, ""n_train_pos"": 17225, ""n_val"": 5678, ""pretrained_encoder"": ""Analysis/quantification/methods/results/p4_ssl_contrastive_unet/pretrained.pt"", ""samples_per_min"": 15, ""seed"": 2, ""stride"": 10, ""window"": 120}",5.207241058349609,3.1693896804809585,0.0357896804809585,0.0840442088568307,0.1601889526166933,0.1999999999999999,False
p3_a2_alpha0.5_unet_w120_stride10_ptmasked_seed0,"{""alpha"": 0.5, ""arch"": ""a2"", ""backbone"": ""unet"", ""batch_size"": 256, ""cache_stem"": ""regress_all_filt_abcd_ntcRaw_madk1p5_spatA3"", ""epochs"": 30, ""k_consecutive"": 3, ""k_thr"": 0.7, ""lr"": 0.001, ""method"": ""P3 joint cls+quant, arch=a2, alpha=0.5"", ""n_params"": 492692, ""n_test"": 5014, ""n_train_ntc"": 5000, ""n_train_pos"": 17225, ""n_val"": 5678, ""pretrained_encoder"": ""Analysis/quantification/methods/results/p4_ssl_masked_unet/pretrained.pt"", ""samples_per_min"": 15, ""seed"": 0, ""stride"": 10, ""window"": 120}",11.524671173095705,3.133600381469729,3.814697292357405e-07,0.5,1.6168004673052548e-07,0.7071067811865475,False
p3_a2_alpha0.5_unet_w120_stride10_ptmasked_seed1,"{""alpha"": 0.5, ""arch"": ""a2"", ""backbone"": ""unet"", ""batch_size"": 256, ""cache_stem"": ""regress_all_filt_abcd_ntcRaw_madk1p5_spatA3"", ""epochs"": 30, ""k_consecutive"": 3, ""k_thr"": 0.7, ""lr"": 0.001, ""method"": ""P3 joint cls+quant, arch=a2, alpha=0.5"", ""n_params"": 492692, ""n_test"": 5014, ""n_train_ntc"": 5000, ""n_train_pos"": 15912, ""n_val"": 6991, ""pretrained_encoder"": ""Analysis/quantification/methods/results/p4_ssl_masked_unet/pretrained.pt"", ""samples_per_min"": 15, ""seed"": 1, ""stride"": 10, ""window"": 120}",1.7386857986450197,1.3459343467712432,-1.7876656532287567,0.9022908900276824,0.1877558378890499,-1.0,True
p3_a2_alpha0.5_unet_w120_stride10_ptmasked_seed2,"{""alpha"": 0.5, ""arch"": ""a2"", ""backbone"": ""unet"", ""batch_size"": 256, ""cache_stem"": ""regress_all_filt_abcd_ntcRaw_madk1p5_spatA3"", ""epochs"": 30, ""k_consecutive"": 3, ""k_thr"": 0.7, ""lr"": 0.001, ""method"": ""P3 joint cls+quant, arch=a2, alpha=0.5"", ""n_params"": 492692, ""n_test"": 5014, ""n_train_ntc"": 5000, ""n_train_pos"": 17225, ""n_val"": 5678, ""pretrained_encoder"": ""Analysis/quantification/methods/results/p4_ssl_masked_unet/pretrained.pt"", ""samples_per_min"": 15, ""seed"": 2, ""stride"": 10, ""window"": 120}",4.648186111450196,2.4863790069580105,-0.6472209930419895,0.8169902954936235,0.0921572204582088,-0.8999999999999998,False
p3_a2_alpha0.7_unet_w120_stride10_seed0,"{""alpha"": 0.7, ""arch"": ""a2"", ""backbone"": ""unet"", ""batch_size"": 256, ""cache_stem"": ""regress_all_filt_abcd_ntcRaw_madk1p5_spatA3"", ""epochs"": 30, ""k_consecutive"": 3, ""k_thr"": 0.7, ""lr"": 0.001, ""method"": ""P3 joint cls+quant, arch=a2, alpha=0.7"", ""n_params"": 492692, ""n_test"": 5014, ""n_train_ntc"": 5000, ""n_train_pos"": 17225, ""n_val"": 5678, ""samples_per_min"": 15, ""seed"": 0, ""stride"": 10, ""window"": 120}",4.80682144165039,2.288512567138676,-0.845087432861324,0.9689031962879256,0.0969780712441557,-1.0,True
p3_a2_alpha0.7_unet_w120_stride10_seed1,"{""alpha"": 0.7, ""arch"": ""a2"", ""backbone"": ""unet"", ""batch_size"": 256, ""cache_stem"": ""regress_all_filt_abcd_ntcRaw_madk1p5_spatA3"", ""epochs"": 30, ""k_consecutive"": 3, ""k_thr"": 0.7, ""lr"": 0.001, ""method"": ""P3 joint cls+quant, arch=a2, alpha=0.7"", ""n_params"": 492692, ""n_test"": 5014, ""n_train_ntc"": 5000, ""n_train_pos"": 15912, ""n_val"": 6991, ""samples_per_min"": 15, ""seed"": 1, ""stride"": 10, ""window"": 120}",8.310512161254882,2.1307323013305717,-1.0028676986694285,0.9550396527257444,0.0521290353754261,-1.0,True
p3_a2_alpha0.7_unet_w120_stride10_seed2,"{""alpha"": 0.7, ""arch"": ""a2"", ""backbone"": ""unet"", ""batch_size"": 256, ""cache_stem"": ""regress_all_filt_abcd_ntcRaw_madk1p5_spatA3"", ""epochs"": 30, ""k_consecutive"": 3, ""k_thr"": 0.7, ""lr"": 0.001, ""method"": ""P3 joint cls+quant, arch=a2, alpha=0.7"", ""n_params"": 492692, ""n_test"": 5014, ""n_train_ntc"": 5000, ""n_train_pos"": 17225, ""n_val"": 5678, ""samples_per_min"": 15, ""seed"": 2, ""stride"": 10, ""window"": 120}",11.524671173095705,3.133600381469729,3.814697292357405e-07,0.5,1.6168004673052548e-07,0.7071067811865475,False
p3_a2p_alpha0.3_unet_w120_stride10_ptcls_seed0,"{""alpha"": 0.3, ""arch"": ""a2p"", ""backbone"": ""unet"", ""batch_size"": 256, ""cache_stem"": ""regress_all_filt_abcd_ntcRaw_madk1p5_spatA3"", ""epochs"": 30, ""k_consecutive"": 3, ""k_thr"": 0.7, ""lr"": 0.001, ""method"": ""P3 joint cls+quant, arch=a2p, alpha=0.3"", ""n_params"": 492692, ""n_test"": 5014, ""n_train_ntc"": 5000, ""n_train_pos"": 17225, ""n_val"": 5678, ""pretrained_cls"": ""Analysis/quantification/methods/results/p3_cls_pretrained/seed0/cls.pt"", ""pretrained_encoder"": null, ""samples_per_min"": 15, ""seed"": 0, ""stride"": 10, ""window"": 120}",8.718387603759766,2.155233911132816,-0.978366088867184,0.8258073672136585,0.1682912353158401,-0.8999999999999998,False
p3_a2p_alpha0.3_unet_w120_stride10_ptcls_seed1,"{""alpha"": 0.3, ""arch"": ""a2p"", ""backbone"": ""unet"", ""batch_size"": 256, ""cache_stem"": ""regress_all_filt_abcd_ntcRaw_madk1p5_spatA3"", ""epochs"": 30, ""k_consecutive"": 3, ""k_thr"": 0.7, ""lr"": 0.001, ""method"": ""P3 joint cls+quant, arch=a2p, alpha=0.3"", ""n_params"": 492692, ""n_test"": 5014, ""n_train_ntc"": 5000, ""n_train_pos"": 15912, ""n_val"": 6991, ""pretrained_cls"": ""Analysis/quantification/methods/results/p3_cls_pretrained/seed1/cls.pt"", ""pretrained_encoder"": null, ""samples_per_min"": 15, ""seed"": 1, ""stride"": 10, ""window"": 120}",4.749351119995117,2.813496354675295,-0.3201036453247049,0.7837677044145127,0.1661298218252279,-0.7,False
p3_a2p_alpha0.3_unet_w120_stride10_ptcls_seed2,"{""alpha"": 0.3, ""arch"": ""a2p"", ""backbone"": ""unet"", ""batch_size"": 256, ""cache_stem"": ""regress_all_filt_abcd_ntcRaw_madk1p5_spatA3"", ""epochs"": 30, ""k_consecutive"": 3, ""k_thr"": 0.7, ""lr"": 0.001, ""method"": ""P3 joint cls+quant, arch=a2p, alpha=0.3"", ""n_params"": 492692, ""n_test"": 5014, ""n_train_ntc"": 5000, ""n_train_pos"": 17225, ""n_val"": 5678, ""pretrained_cls"": ""Analysis/quantification/methods/results/p3_cls_pretrained/seed2/cls.pt"", ""pretrained_encoder"": null, ""samples_per_min"": 15, ""seed"": 2, ""stride"": 10, ""window"": 120}",11.524671173095705,3.133600381469729,3.814697292357405e-07,0.5,1.6168004673052548e-07,0.7071067811865475,False
p3_a3_alpha0.3_unet_w120_stride10_seed0,"{""alpha"": 0.3, ""arch"": ""a3"", ""backbone"": ""unet"", ""batch_size"": 256, ""cache_stem"": ""regress_all_filt_abcd_ntcRaw_madk1p5_spatA3"", ""epochs"": 30, ""k_consecutive"": 3, ""k_thr"": 0.7, ""lr"": 0.001, ""method"": ""P3 joint cls+quant, arch=a3, alpha=0.3"", ""n_params"": 492692, ""n_test"": 5014, ""n_train_ntc"": 5000, ""n_train_pos"": 17225, ""n_val"": 5678, ""samples_per_min"": 15, ""seed"": 0, ""stride"": 10, ""window"": 120}",6.473564529418946,2.375576547241214,-0.7580234527587864,0.8568432582372844,0.1240205891876739,-0.8999999999999998,False
p3_a3_alpha0.3_unet_w120_stride10_seed1,"{""alpha"": 0.3, ""arch"": ""a3"", ""backbone"": ""unet"", ""batch_size"": 256, ""cache_stem"": ""regress_all_filt_abcd_ntcRaw_madk1p5_spatA3"", ""epochs"": 30, ""k_consecutive"": 3, ""k_thr"": 0.7, ""lr"": 0.001, ""method"": ""P3 joint cls+quant, arch=a3, alpha=0.3"", ""n_params"": 492692, ""n_test"": 5014, ""n_train_ntc"": 5000, ""n_train_pos"": 15912, ""n_val"": 6991, ""samples_per_min"": 15, ""seed"": 1, ""stride"": 10, ""window"": 120}",2.2564125061035156,1.8544940505981455,-1.2791059494018542,0.8051456216286367,0.2231349326570186,-0.8999999999999998,False
p3_a3_alpha0.3_unet_w120_stride10_seed2,"{""alpha"": 0.3, ""arch"": ""a3"", ""backbone"": ""unet"", ""batch_size"": 256, ""cache_stem"": ""regress_all_filt_abcd_ntcRaw_madk1p5_spatA3"", ""epochs"": 30, ""k_consecutive"": 3, ""k_thr"": 0.7, ""lr"": 0.001, ""method"": ""P3 joint cls+quant, arch=a3, alpha=0.3"", ""n_params"": 492692, ""n_test"": 5014, ""n_train_ntc"": 5000, ""n_train_pos"": 17225, ""n_val"": 5678, ""samples_per_min"": 15, ""seed"": 2, ""stride"": 10, ""window"": 120}",2.9962549209594727,2.501578286743166,-0.632021713256834,0.7389929353665428,0.16234606025687,-0.8999999999999998,False
p3_a3_alpha0.3_unet_w120_stride10_ptcontrastive_seed0,"{""alpha"": 0.3, ""arch"": ""a3"", ""backbone"": ""unet"", ""batch_size"": 256, ""cache_stem"": ""regress_all_filt_abcd_ntcRaw_madk1p5_spatA3"", ""epochs"": 30, ""k_consecutive"": 3, ""k_thr"": 0.7, ""lr"": 0.001, ""method"": ""P3 joint cls+quant, arch=a3, alpha=0.3"", ""n_params"": 492692, ""n_test"": 5014, ""n_train_ntc"": 5000, ""n_train_pos"": 17225, ""n_val"": 5678, ""pretrained_cls"": null, ""pretrained_encoder"": ""Analysis/quantification/methods/results/p4_ssl_contrastive_unet/pretrained.pt"", ""samples_per_min"": 15, ""seed"": 0, ""stride"": 10, ""window"": 120}",2.551223373413086,2.1347736869812044,-0.9988263130187958,0.961329705755522,0.0716864570289283,-1.0,True
p3_a3_alpha0.3_unet_w120_stride10_ptcontrastive_seed1,"{""alpha"": 0.3, ""arch"": ""a3"", ""backbone"": ""unet"", ""batch_size"": 256, ""cache_stem"": ""regress_all_filt_abcd_ntcRaw_madk1p5_spatA3"", ""epochs"": 30, ""k_consecutive"": 3, ""k_thr"": 0.7, ""lr"": 0.001, ""method"": ""P3 joint cls+quant, arch=a3, alpha=0.3"", ""n_params"": 492692, ""n_test"": 5014, ""n_train_ntc"": 5000, ""n_train_pos"": 15912, ""n_val"": 6991, ""pretrained_cls"": null, ""pretrained_encoder"": ""Analysis/quantification/methods/results/p4_ssl_contrastive_unet/pretrained.pt"", ""samples_per_min"": 15, ""seed"": 1, ""stride"": 10, ""window"": 120}",2.61671142578125,1.969757894134526,-1.163842105865474,0.9715274099211472,0.0712062714712266,-1.0,True
p3_a3_alpha0.3_unet_w120_stride10_ptcontrastive_seed2,"{""alpha"": 0.3, ""arch"": ""a3"", ""backbone"": ""unet"", ""batch_size"": 256, ""cache_stem"": ""regress_all_filt_abcd_ntcRaw_madk1p5_spatA3"", ""epochs"": 30, ""k_consecutive"": 3, ""k_thr"": 0.7, ""lr"": 0.001, ""method"": ""P3 joint cls+quant, arch=a3, alpha=0.3"", ""n_params"": 492692, ""n_test"": 5014, ""n_train_ntc"": 5000, ""n_train_pos"": 17225, ""n_val"": 5678, ""pretrained_cls"": null, ""pretrained_encoder"": ""Analysis/quantification/methods/results/p4_ssl_contrastive_unet/pretrained.pt"", ""samples_per_min"": 15, ""seed"": 2, ""stride"": 10, ""window"": 120}",2.8439704895019533,1.9833872352600124,-1.1502127647399876,0.7437450052742369,0.232346694178799,-0.8999999999999998,False
p3_a3_alpha0.3_unet_w120_stride10_ptcontrastive_epochs100_seed0,"{""alpha"": 0.3, ""arch"": ""a3"", ""backbone"": ""unet"", ""batch_size"": 256, ""cache_stem"": ""regress_all_filt_abcd_ntcRaw_madk1p5_spatA3"", ""epochs"": 30, ""k_consecutive"": 3, ""k_thr"": 0.7, ""lr"": 0.001, ""method"": ""P3 joint cls+quant, arch=a3, alpha=0.3"", ""n_params"": 492692, ""n_test"": 5014, ""n_train_ntc"": 5000, ""n_train_pos"": 17225, ""n_val"": 5678, ""pretrained_cls"": null, ""pretrained_encoder"": ""Analysis/quantification/methods/results/p4_ssl_contrastive_unet_epochs100/pretrained.pt"", ""samples_per_min"": 15, ""seed"": 0, ""stride"": 10, ""window"": 120}",2.0954927444458007,1.6591977630615264,-1.4744022369384735,0.9784209218888608,0.1595047116798271,-1.0,True
p3_a3_alpha0.3_unet_w120_stride10_ptcontrastive_epochs100_seed1,"{""alpha"": 0.3, ""arch"": ""a3"", ""backbone"": ""unet"", ""batch_size"": 256, ""cache_stem"": ""regress_all_filt_abcd_ntcRaw_madk1p5_spatA3"", ""epochs"": 30, ""k_consecutive"": 3, ""k_thr"": 0.7, ""lr"": 0.001, ""method"": ""P3 joint cls+quant, arch=a3, alpha=0.3"", ""n_params"": 492692, ""n_test"": 5014, ""n_train_ntc"": 5000, ""n_train_pos"": 15912, ""n_val"": 6991, ""pretrained_cls"": null, ""pretrained_encoder"": ""Analysis/quantification/methods/results/p4_ssl_contrastive_unet_epochs100/pretrained.pt"", ""samples_per_min"": 15, ""seed"": 1, ""stride"": 10, ""window"": 120}",2.379543685913086,1.7541960273742698,-1.37940397262573,0.7772655919700893,0.2080915337080306,-0.8999999999999998,False
p3_a3_alpha0.3_unet_w120_stride10_ptcontrastive_epochs100_seed2,"{""alpha"": 0.3, ""arch"": ""a3"", ""backbone"": ""unet"", ""batch_size"": 256, ""cache_stem"": ""regress_all_filt_abcd_ntcRaw_madk1p5_spatA3"", ""epochs"": 30, ""k_consecutive"": 3, ""k_thr"": 0.7, ""lr"": 0.001, ""method"": ""P3 joint cls+quant, arch=a3, alpha=0.3"", ""n_params"": 492692, ""n_test"": 5014, ""n_train_ntc"": 5000, ""n_train_pos"": 17225, ""n_val"": 5678, ""pretrained_cls"": null, ""pretrained_encoder"": ""Analysis/quantification/methods/results/p4_ssl_contrastive_unet_epochs100/pretrained.pt"", ""samples_per_min"": 15, ""seed"": 2, ""stride"": 10, ""window"": 120}",3.768925666809082,2.425769189453129,-0.707830810546871,0.945215441105392,0.1442175177267909,-0.8999999999999998,False
p3_a3_alpha0.3_unet_w120_stride10_ptcontrastive_tau1_seed0,"{""alpha"": 0.3, ""arch"": ""a3"", ""backbone"": ""unet"", ""batch_size"": 256, ""cache_stem"": ""regress_all_filt_abcd_ntcRaw_madk1p5_spatA3"", ""epochs"": 30, ""k_consecutive"": 3, ""k_thr"": 0.7, ""lr"": 0.001, ""method"": ""P3 joint cls+quant, arch=a3, alpha=0.3"", ""n_params"": 492692, ""n_test"": 5014, ""n_train_ntc"": 5000, ""n_train_pos"": 17225, ""n_val"": 5678, ""pretrained_cls"": null, ""pretrained_encoder"": ""Analysis/quantification/methods/results/p4_ssl_contrastive_unet_tau1/pretrained.pt"", ""samples_per_min"": 15, ""seed"": 0, ""stride"": 10, ""window"": 120}",2.808144950866699,2.1524616752624546,-0.9811383247375453,0.9826794137092016,0.121409949057757,-1.0,True
p3_a3_alpha0.3_unet_w120_stride10_ptcontrastive_tau1_seed1,"{""alpha"": 0.3, ""arch"": ""a3"", ""backbone"": ""unet"", ""batch_size"": 256, ""cache_stem"": ""regress_all_filt_abcd_ntcRaw_madk1p5_spatA3"", ""epochs"": 30, ""k_consecutive"": 3, ""k_thr"": 0.7, ""lr"": 0.001, ""method"": ""P3 joint cls+quant, arch=a3, alpha=0.3"", ""n_params"": 492692, ""n_test"": 5014, ""n_train_ntc"": 5000, ""n_train_pos"": 15912, ""n_val"": 6991, ""pretrained_cls"": null, ""pretrained_encoder"": ""Analysis/quantification/methods/results/p4_ssl_contrastive_unet_tau1/pretrained.pt"", ""samples_per_min"": 15, ""seed"": 1, ""stride"": 10, ""window"": 120}",2.5140655517578123,2.0554172073364296,-1.0781827926635703,0.9925646730107897,0.1099319243791885,-1.0,True
p3_a3_alpha0.3_unet_w120_stride10_ptcontrastive_tau1_seed2,"{""alpha"": 0.3, ""arch"": ""a3"", ""backbone"": ""unet"", ""batch_size"": 256, ""cache_stem"": ""regress_all_filt_abcd_ntcRaw_madk1p5_spatA3"", ""epochs"": 30, ""k_consecutive"": 3, ""k_thr"": 0.7, ""lr"": 0.001, ""method"": ""P3 joint cls+quant, arch=a3, alpha=0.3"", ""n_params"": 492692, ""n_test"": 5014, ""n_train_ntc"": 5000, ""n_train_pos"": 17225, ""n_val"": 5678, ""pretrained_cls"": null, ""pretrained_encoder"": ""Analysis/quantification/methods/results/p4_ssl_contrastive_unet_tau1/pretrained.pt"", ""samples_per_min"": 15, ""seed"": 2, ""stride"": 10, ""window"": 120}",4.122156143188477,3.165588525390627,0.0319885253906271,0.0022083311463907,0.1528478297820292,0.0999999999999999,False
p3_a3_alpha0.5_unet_w120_stride10_seed0,"{""alpha"": 0.5, ""arch"": ""a3"", ""backbone"": ""unet"", ""batch_size"": 256, ""cache_stem"": ""regress_all_filt_abcd_ntcRaw_madk1p5_spatA3"", ""epochs"": 30, ""k_consecutive"": 3, ""k_thr"": 0.7, ""lr"": 0.001, ""method"": ""P3 joint cls+quant, arch=a3, alpha=0.5"", ""n_params"": 492692, ""n_test"": 5014, ""n_train_ntc"": 5000, ""n_train_pos"": 17225, ""n_val"": 5678, ""samples_per_min"": 15, ""seed"": 0, ""stride"": 10, ""window"": 120}",2.4447561264038087,1.9811829124450715,-1.1524170875549282,0.9804601588420312,0.0770815710933606,-1.0,True
p3_a3_alpha0.5_unet_w120_stride10_seed1,"{""alpha"": 0.5, ""arch"": ""a3"", ""backbone"": ""unet"", ""batch_size"": 256, ""cache_stem"": ""regress_all_filt_abcd_ntcRaw_madk1p5_spatA3"", ""epochs"": 30, ""k_consecutive"": 3, ""k_thr"": 0.7, ""lr"": 0.001, ""method"": ""P3 joint cls+quant, arch=a3, alpha=0.5"", ""n_params"": 492692, ""n_test"": 5014, ""n_train_ntc"": 5000, ""n_train_pos"": 15912, ""n_val"": 6991, ""samples_per_min"": 15, ""seed"": 1, ""stride"": 10, ""window"": 120}",2.1232746124267576,1.774133256530765,-1.359466743469235,0.9432545277155812,0.1557554841024873,-1.0,True
p3_a3_alpha0.5_unet_w120_stride10_seed2,"{""alpha"": 0.5, ""arch"": ""a3"", ""backbone"": ""unet"", ""batch_size"": 256, ""cache_stem"": ""regress_all_filt_abcd_ntcRaw_madk1p5_spatA3"", ""epochs"": 30, ""k_consecutive"": 3, ""k_thr"": 0.7, ""lr"": 0.001, ""method"": ""P3 joint cls+quant, arch=a3, alpha=0.5"", ""n_params"": 492692, ""n_test"": 5014, ""n_train_ntc"": 5000, ""n_train_pos"": 17225, ""n_val"": 5678, ""samples_per_min"": 15, ""seed"": 2, ""stride"": 10, ""window"": 120}",3.616435241699219,2.861276486968996,-0.2723235130310039,0.3892268334270602,0.1968968176488249,-0.4999999999999999,False
p3_a3_alpha0.5_unet_w120_stride10_seed3,"{""alpha"": 0.5, ""arch"": ""a3"", ""backbone"": ""unet"", ""batch_size"": 256, ""cache_stem"": ""regress_all_filt_abcd_ntcRaw_madk1p5_spatA3"", ""epochs"": 30, ""k_consecutive"": 3, ""k_thr"": 0.7, ""lr"": 0.001, ""method"": ""P3 joint cls+quant, arch=a3, alpha=0.5"", ""n_params"": 492692, ""n_test"": 5014, ""n_train_ntc"": 5000, ""n_train_pos"": 15912, ""n_val"": 6991, ""pretrained_encoder"": null, ""samples_per_min"": 15, ""seed"": 3, ""stride"": 10, ""window"": 120}",4.529731369018554,2.9192668472290073,-0.2143331527709925,0.1981865931237169,0.1392859300603813,-0.7,False
p3_a3_alpha0.5_unet_w120_stride10_seed4,"{""alpha"": 0.5, ""arch"": ""a3"", ""backbone"": ""unet"", ""batch_size"": 256, ""cache_stem"": ""regress_all_filt_abcd_ntcRaw_madk1p5_spatA3"", ""epochs"": 30, ""k_consecutive"": 3, ""k_thr"": 0.7, ""lr"": 0.001, ""method"": ""P3 joint cls+quant, arch=a3, alpha=0.5"", ""n_params"": 492692, ""n_test"": 5014, ""n_train_ntc"": 5000, ""n_train_pos"": 17225, ""n_val"": 5678, ""pretrained_encoder"": null, ""samples_per_min"": 15, ""seed"": 4, ""stride"": 10, ""window"": 120}",2.9271045684814454,2.3320695434570333,-0.8015304565429667,0.9217622005471068,0.1221561518891875,-0.8999999999999998,False
p3_a3_alpha0.5_unet_w120_stride10_ptcontrastive_seed0,"{""alpha"": 0.5, ""arch"": ""a3"", ""backbone"": ""unet"", ""batch_size"": 256, ""cache_stem"": ""regress_all_filt_abcd_ntcRaw_madk1p5_spatA3"", ""epochs"": 30, ""k_consecutive"": 3, ""k_thr"": 0.7, ""lr"": 0.001, ""method"": ""P3 joint cls+quant, arch=a3, alpha=0.5"", ""n_params"": 492692, ""n_test"": 5014, ""n_train_ntc"": 5000, ""n_train_pos"": 17225, ""n_val"": 5678, ""pretrained_cls"": null, ""pretrained_encoder"": ""Analysis/quantification/methods/results/p4_ssl_contrastive_unet/pretrained.pt"", ""samples_per_min"": 15, ""seed"": 0, ""stride"": 10, ""window"": 120}",1.679922676086426,0.9967242752075238,-2.136875724792476,0.9643608390896564,0.2323196522450671,-1.0,True
p3_a3_alpha0.5_unet_w120_stride10_ptcontrastive_seed1,"{""alpha"": 0.5, ""arch"": ""a3"", ""backbone"": ""unet"", ""batch_size"": 256, ""cache_stem"": ""regress_all_filt_abcd_ntcRaw_madk1p5_spatA3"", ""epochs"": 30, ""k_consecutive"": 3, ""k_thr"": 0.7, ""lr"": 0.001, ""method"": ""P3 joint cls+quant, arch=a3, alpha=0.5"", ""n_params"": 492692, ""n_test"": 5014, ""n_train_ntc"": 5000, ""n_train_pos"": 15912, ""n_val"": 6991, ""pretrained_cls"": null, ""pretrained_encoder"": ""Analysis/quantification/methods/results/p4_ssl_contrastive_unet/pretrained.pt"", ""samples_per_min"": 15, ""seed"": 1, ""stride"": 10, ""window"": 120}",2.432569885253906,1.6132006202697782,-1.5203993797302218,0.9322551510788368,0.1806251275026772,-1.0,True
p3_a3_alpha0.5_unet_w120_stride10_ptcontrastive_seed2,"{""alpha"": 0.5, ""arch"": ""a3"", ""backbone"": ""unet"", ""batch_size"": 256, ""cache_stem"": ""regress_all_filt_abcd_ntcRaw_madk1p5_spatA3"", ""epochs"": 30, ""k_consecutive"": 3, ""k_thr"": 0.7, ""lr"": 0.001, ""method"": ""P3 joint cls+quant, arch=a3, alpha=0.5"", ""n_params"": 492692, ""n_test"": 5014, ""n_train_ntc"": 5000, ""n_train_pos"": 17225, ""n_val"": 5678, ""pretrained_cls"": null, ""pretrained_encoder"": ""Analysis/quantification/methods/results/p4_ssl_contrastive_unet/pretrained.pt"", ""samples_per_min"": 15, ""seed"": 2, ""stride"": 10, ""window"": 120}",2.776525497436523,2.2097043548584003,-0.9238956451415996,0.8990329725160687,0.0885244446443194,-0.8999999999999998,False
p3_a3_alpha0.5_unet_w120_stride10_ptcontrastive_seed3,"{""alpha"": 0.5, ""arch"": ""a3"", ""backbone"": ""unet"", ""batch_size"": 256, ""cache_stem"": ""regress_all_filt_abcd_ntcRaw_madk1p5_spatA3"", ""epochs"": 30, ""k_consecutive"": 3, ""k_thr"": 0.7, ""lr"": 0.001, ""method"": ""P3 joint cls+quant, arch=a3, alpha=0.5"", ""n_params"": 492692, ""n_test"": 5014, ""n_train_ntc"": 5000, ""n_train_pos"": 15912, ""n_val"": 6991, ""pretrained_cls"": null, ""pretrained_encoder"": ""Analysis/quantification/methods/results/p4_ssl_contrastive_unet/pretrained.pt"", ""samples_per_min"": 15, ""seed"": 3, ""stride"": 10, ""window"": 120}",2.327256202697754,1.7576334510803249,-1.375966548919675,0.998765053490075,0.0793288440253632,-1.0,True
p3_a3_alpha0.5_unet_w120_stride10_ptcontrastive_seed4,"{""alpha"": 0.5, ""arch"": ""a3"", ""backbone"": ""unet"", ""batch_size"": 256, ""cache_stem"": ""regress_all_filt_abcd_ntcRaw_madk1p5_spatA3"", ""epochs"": 30, ""k_consecutive"": 3, ""k_thr"": 0.7, ""lr"": 0.001, ""method"": ""P3 joint cls+quant, arch=a3, alpha=0.5"", ""n_params"": 492692, ""n_test"": 5014, ""n_train_ntc"": 5000, ""n_train_pos"": 17225, ""n_val"": 5678, ""pretrained_cls"": null, ""pretrained_encoder"": ""Analysis/quantification/methods/results/p4_ssl_contrastive_unet/pretrained.pt"", ""samples_per_min"": 15, ""seed"": 4, ""stride"": 10, ""window"": 120}",3.200242042541504,2.418268350219729,-0.7153316497802709,0.8110038680173111,0.1538726551750723,-0.8999999999999998,False
p3_a3_alpha0.5_unet_w120_stride10_ptcontrastive_epochs100_seed0,"{""alpha"": 0.5, ""arch"": ""a3"", ""backbone"": ""unet"", ""batch_size"": 256, ""cache_stem"": ""regress_all_filt_abcd_ntcRaw_madk1p5_spatA3"", ""epochs"": 30, ""k_consecutive"": 3, ""k_thr"": 0.7, ""lr"": 0.001, ""method"": ""P3 joint cls+quant, arch=a3, alpha=0.5"", ""n_params"": 492692, ""n_test"": 5014, ""n_train_ntc"": 5000, ""n_train_pos"": 17225, ""n_val"": 5678, ""pretrained_cls"": null, ""pretrained_encoder"": ""Analysis/quantification/methods/results/p4_ssl_contrastive_unet_epochs100/pretrained.pt"", ""samples_per_min"": 15, ""seed"": 0, ""stride"": 10, ""window"": 120}",2.0924238204956054,1.6623981033325237,-1.4712018966674765,0.9978992431180334,0.1119058674864577,-1.0,True
p3_a3_alpha0.5_unet_w120_stride10_ptcontrastive_epochs100_seed1,"{""alpha"": 0.5, ""arch"": ""a3"", ""backbone"": ""unet"", ""batch_size"": 256, ""cache_stem"": ""regress_all_filt_abcd_ntcRaw_madk1p5_spatA3"", ""epochs"": 30, ""k_consecutive"": 3, ""k_thr"": 0.7, ""lr"": 0.001, ""method"": ""P3 joint cls+quant, arch=a3, alpha=0.5"", ""n_params"": 492692, ""n_test"": 5014, ""n_train_ntc"": 5000, ""n_train_pos"": 15912, ""n_val"": 6991, ""pretrained_cls"": null, ""pretrained_encoder"": ""Analysis/quantification/methods/results/p4_ssl_contrastive_unet_epochs100/pretrained.pt"", ""samples_per_min"": 15, ""seed"": 1, ""stride"": 10, ""window"": 120}",2.097296714782715,1.6877011810302764,-1.4458988189697235,0.9794985453586808,0.194487268494282,-1.0,True
p3_a3_alpha0.5_unet_w120_stride10_ptcontrastive_epochs100_seed2,"{""alpha"": 0.5, ""arch"": ""a3"", ""backbone"": ""unet"", ""batch_size"": 256, ""cache_stem"": ""regress_all_filt_abcd_ntcRaw_madk1p5_spatA3"", ""epochs"": 30, ""k_consecutive"": 3, ""k_thr"": 0.7, ""lr"": 0.001, ""method"": ""P3 joint cls+quant, arch=a3, alpha=0.5"", ""n_params"": 492692, ""n_test"": 5014, ""n_train_ntc"": 5000, ""n_train_pos"": 17225, ""n_val"": 5678, ""pretrained_cls"": null, ""pretrained_encoder"": ""Analysis/quantification/methods/results/p4_ssl_contrastive_unet_epochs100/pretrained.pt"", ""samples_per_min"": 15, ""seed"": 2, ""stride"": 10, ""window"": 120}",2.169794273376465,1.807256082153324,-1.3263439178466758,0.9567025866178732,0.1339944959139769,-1.0,True
p3_a3_alpha0.5_unet_w120_stride10_ptcontrastive_epochs100_seed3,"{""alpha"": 0.5, ""arch"": ""a3"", ""backbone"": ""unet"", ""batch_size"": 256, ""cache_stem"": ""regress_all_filt_abcd_ntcRaw_madk1p5_spatA3"", ""epochs"": 30, ""k_consecutive"": 3, ""k_thr"": 0.7, ""lr"": 0.001, ""method"": ""P3 joint cls+quant, arch=a3, alpha=0.5"", ""n_params"": 492692, ""n_test"": 5014, ""n_train_ntc"": 5000, ""n_train_pos"": 15912, ""n_val"": 6991, ""pretrained_cls"": null, ""pretrained_encoder"": ""Analysis/quantification/methods/results/p4_ssl_contrastive_unet_epochs100/pretrained.pt"", ""samples_per_min"": 15, ""seed"": 3, ""stride"": 10, ""window"": 120}",3.5197824478149413,1.916686395263675,-1.216913604736325,0.9523802807574852,0.061524298357345,-1.0,True
p3_a3_alpha0.5_unet_w120_stride10_ptcontrastive_epochs100_seed4,"{""alpha"": 0.5, ""arch"": ""a3"", ""backbone"": ""unet"", ""batch_size"": 256, ""cache_stem"": ""regress_all_filt_abcd_ntcRaw_madk1p5_spatA3"", ""epochs"": 30, ""k_consecutive"": 3, ""k_thr"": 0.7, ""lr"": 0.001, ""method"": ""P3 joint cls+quant, arch=a3, alpha=0.5"", ""n_params"": 492692, ""n_test"": 5014, ""n_train_ntc"": 5000, ""n_train_pos"": 17225, ""n_val"": 5678, ""pretrained_cls"": null, ""pretrained_encoder"": ""Analysis/quantification/methods/results/p4_ssl_contrastive_unet_epochs100/pretrained.pt"", ""samples_per_min"": 15, ""seed"": 4, ""stride"": 10, ""window"": 120}",2.459296989440918,1.8946797882080113,-1.2389202117919886,0.8229944500270959,0.1645739003975388,-1.0,True
p3_a3_alpha0.5_unet_w120_stride10_ptcontrastive_tau1_seed0,"{""alpha"": 0.5, ""arch"": ""a3"", ""backbone"": ""unet"", ""batch_size"": 256, ""cache_stem"": ""regress_all_filt_abcd_ntcRaw_madk1p5_spatA3"", ""epochs"": 30, ""k_consecutive"": 3, ""k_thr"": 0.7, ""lr"": 0.001, ""method"": ""P3 joint cls+quant, arch=a3, alpha=0.5"", ""n_params"": 492692, ""n_test"": 5014, ""n_train_ntc"": 5000, ""n_train_pos"": 17225, ""n_val"": 5678, ""pretrained_cls"": null, ""pretrained_encoder"": ""Analysis/quantification/methods/results/p4_ssl_contrastive_unet_tau1/pretrained.pt"", ""samples_per_min"": 15, ""seed"": 0, ""stride"": 10, ""window"": 120}",3.4006074905395507,2.373254350280765,-0.7603456497192348,0.8963590377556082,0.1832173261277806,-0.8999999999999998,False
p3_a3_alpha0.5_unet_w120_stride10_ptcontrastive_tau1_seed1,"{""alpha"": 0.5, ""arch"": ""a3"", ""backbone"": ""unet"", ""batch_size"": 256, ""cache_stem"": ""regress_all_filt_abcd_ntcRaw_madk1p5_spatA3"", ""epochs"": 30, ""k_consecutive"": 3, ""k_thr"": 0.7, ""lr"": 0.001, ""method"": ""P3 joint cls+quant, arch=a3, alpha=0.5"", ""n_params"": 492692, ""n_test"": 5014, ""n_train_ntc"": 5000, ""n_train_pos"": 15912, ""n_val"": 6991, ""pretrained_cls"": null, ""pretrained_encoder"": ""Analysis/quantification/methods/results/p4_ssl_contrastive_unet_tau1/pretrained.pt"", ""samples_per_min"": 15, ""seed"": 1, ""stride"": 10, ""window"": 120}",2.957377815246582,2.2765288864135766,-0.8570711135864234,0.8263951163626536,0.1221957008466654,-0.8999999999999998,False
p3_a3_alpha0.5_unet_w120_stride10_ptcontrastive_tau1_seed2,"{""alpha"": 0.5, ""arch"": ""a3"", ""backbone"": ""unet"", ""batch_size"": 256, ""cache_stem"": ""regress_all_filt_abcd_ntcRaw_madk1p5_spatA3"", ""epochs"": 30, ""k_consecutive"": 3, ""k_thr"": 0.7, ""lr"": 0.001, ""method"": ""P3 joint cls+quant, arch=a3, alpha=0.5"", ""n_params"": 492692, ""n_test"": 5014, ""n_train_ntc"": 5000, ""n_train_pos"": 17225, ""n_val"": 5678, ""pretrained_cls"": null, ""pretrained_encoder"": ""Analysis/quantification/methods/results/p4_ssl_contrastive_unet_tau1/pretrained.pt"", ""samples_per_min"": 15, ""seed"": 2, ""stride"": 10, ""window"": 120}",2.0549850463867188,1.549481347656253,-1.584118652343747,0.9985491287140792,0.0650678545132525,-1.0,True
p3_a3_alpha0.5_unet_w120_stride10_ptmasked_seed0,"{""alpha"": 0.5, ""arch"": ""a3"", ""backbone"": ""unet"", ""batch_size"": 256, ""cache_stem"": ""regress_all_filt_abcd_ntcRaw_madk1p5_spatA3"", ""epochs"": 30, ""k_consecutive"": 3, ""k_thr"": 0.7, ""lr"": 0.001, ""method"": ""P3 joint cls+quant, arch=a3, alpha=0.5"", ""n_params"": 492692, ""n_test"": 5014, ""n_train_ntc"": 5000, ""n_train_pos"": 17225, ""n_val"": 5678, ""pretrained_encoder"": ""Analysis/quantification/methods/results/p4_ssl_masked_unet/pretrained.pt"", ""samples_per_min"": 15, ""seed"": 0, ""stride"": 10, ""window"": 120}",7.7138816833496096,2.722030023193362,-0.411569976806638,0.4051250928375148,0.1223302580647905,-0.7,False
p3_a3_alpha0.5_unet_w120_stride10_ptmasked_seed1,"{""alpha"": 0.5, ""arch"": ""a3"", ""backbone"": ""unet"", ""batch_size"": 256, ""cache_stem"": ""regress_all_filt_abcd_ntcRaw_madk1p5_spatA3"", ""epochs"": 30, ""k_consecutive"": 3, ""k_thr"": 0.7, ""lr"": 0.001, ""method"": ""P3 joint cls+quant, arch=a3, alpha=0.5"", ""n_params"": 492692, ""n_test"": 5014, ""n_train_ntc"": 5000, ""n_train_pos"": 15912, ""n_val"": 6991, ""pretrained_encoder"": ""Analysis/quantification/methods/results/p4_ssl_masked_unet/pretrained.pt"", ""samples_per_min"": 15, ""seed"": 1, ""stride"": 10, ""window"": 120}",5.620670318603516,4.5810452018737795,1.4474452018737791,0.8036790684058793,0.3567202712448393,0.8999999999999998,False
p3_a3_alpha0.5_unet_w120_stride10_ptmasked_seed2,"{""alpha"": 0.5, ""arch"": ""a3"", ""backbone"": ""unet"", ""batch_size"": 256, ""cache_stem"": ""regress_all_filt_abcd_ntcRaw_madk1p5_spatA3"", ""epochs"": 30, ""k_consecutive"": 3, ""k_thr"": 0.7, ""lr"": 0.001, ""method"": ""P3 joint cls+quant, arch=a3, alpha=0.5"", ""n_params"": 492692, ""n_test"": 5014, ""n_train_ntc"": 5000, ""n_train_pos"": 17225, ""n_val"": 5678, ""pretrained_encoder"": ""Analysis/quantification/methods/results/p4_ssl_masked_unet/pretrained.pt"", ""samples_per_min"": 15, ""seed"": 2, ""stride"": 10, ""window"": 120}",2.680529022216797,2.209453633880618,-0.924146366119382,0.9859352358884832,0.066049708596676,-1.0,True
p3_a3_alpha0.7_unet_w120_stride10_seed0,"{""alpha"": 0.7, ""arch"": ""a3"", ""backbone"": ""unet"", ""batch_size"": 256, ""cache_stem"": ""regress_all_filt_abcd_ntcRaw_madk1p5_spatA3"", ""epochs"": 30, ""k_consecutive"": 3, ""k_thr"": 0.7, ""lr"": 0.001, ""method"": ""P3 joint cls+quant, arch=a3, alpha=0.7"", ""n_params"": 492692, ""n_test"": 5014, ""n_train_ntc"": 5000, ""n_train_pos"": 17225, ""n_val"": 5678, ""samples_per_min"": 15, ""seed"": 0, ""stride"": 10, ""window"": 120}",2.120590019226074,1.697665742492678,-1.435934257507322,0.9874931825290516,0.1127021278855744,-1.0,True
p3_a3_alpha0.7_unet_w120_stride10_seed1,"{""alpha"": 0.7, ""arch"": ""a3"", ""backbone"": ""unet"", ""batch_size"": 256, ""cache_stem"": ""regress_all_filt_abcd_ntcRaw_madk1p5_spatA3"", ""epochs"": 30, ""k_consecutive"": 3, ""k_thr"": 0.7, ""lr"": 0.001, ""method"": ""P3 joint cls+quant, arch=a3, alpha=0.7"", ""n_params"": 492692, ""n_test"": 5014, ""n_train_ntc"": 5000, ""n_train_pos"": 15912, ""n_val"": 6991, ""samples_per_min"": 15, ""seed"": 1, ""stride"": 10, ""window"": 120}",2.9286312103271483,2.327159932708742,-0.8064400672912578,0.962238737444982,0.0895693786104539,-1.0,True
p3_a3_alpha0.7_unet_w120_stride10_seed2,"{""alpha"": 0.7, ""arch"": ""a3"", ""backbone"": ""unet"", ""batch_size"": 256, ""cache_stem"": ""regress_all_filt_abcd_ntcRaw_madk1p5_spatA3"", ""epochs"": 30, ""k_consecutive"": 3, ""k_thr"": 0.7, ""lr"": 0.001, ""method"": ""P3 joint cls+quant, arch=a3, alpha=0.7"", ""n_params"": 492692, ""n_test"": 5014, ""n_train_ntc"": 5000, ""n_train_pos"": 17225, ""n_val"": 5678, ""samples_per_min"": 15, ""seed"": 2, ""stride"": 10, ""window"": 120}",3.500927734375,2.89138045654297,-0.2422195434570299,0.1537132369749073,0.1526590802010501,-0.3,False
p3_a3n_alpha0.3_unet_w120_stride10_seed0,"{""alpha"": 0.3, ""arch"": ""a3n"", ""backbone"": ""unet"", ""batch_size"": 256, ""cache_stem"": ""regress_all_filt_abcd_ntcRaw_madk1p5_spatA3"", ""epochs"": 30, ""k_consecutive"": 3, ""k_thr"": 0.7, ""lr"": 0.001, ""method"": ""P3 joint cls+quant, arch=a3n, alpha=0.3"", ""n_params"": 492692, ""n_test"": 5014, ""n_train_ntc"": 5000, ""n_train_pos"": 17225, ""n_val"": 5678, ""pretrained_cls"": null, ""pretrained_encoder"": null, ""samples_per_min"": 15, ""seed"": 0, ""stride"": 10, ""window"": 120}",2.8335891723632813,2.178910878753665,-0.954689121246335,0.9269271050623268,0.0937177452358862,-1.0,True
p3_a3n_alpha0.3_unet_w120_stride10_seed1,"{""alpha"": 0.3, ""arch"": ""a3n"", ""backbone"": ""unet"", ""batch_size"": 256, ""cache_stem"": ""regress_all_filt_abcd_ntcRaw_madk1p5_spatA3"", ""epochs"": 30, ""k_consecutive"": 3, ""k_thr"": 0.7, ""lr"": 0.001, ""method"": ""P3 joint cls+quant, arch=a3n, alpha=0.3"", ""n_params"": 492692, ""n_test"": 5014, ""n_train_ntc"": 5000, ""n_train_pos"": 15912, ""n_val"": 6991, ""pretrained_cls"": null, ""pretrained_encoder"": null, ""samples_per_min"": 15, ""seed"": 1, ""stride"": 10, ""window"": 120}",3.187989044189453,2.181961873626713,-0.9516381263732868,0.9655152539114662,0.0708737860814539,-1.0,True
p3_a3n_alpha0.3_unet_w120_stride10_seed2,"{""alpha"": 0.3, ""arch"": ""a3n"", ""backbone"": ""unet"", ""batch_size"": 256, ""cache_stem"": ""regress_all_filt_abcd_ntcRaw_madk1p5_spatA3"", ""epochs"": 30, ""k_consecutive"": 3, ""k_thr"": 0.7, ""lr"": 0.001, ""method"": ""P3 joint cls+quant, arch=a3n, alpha=0.3"", ""n_params"": 492692, ""n_test"": 5014, ""n_train_ntc"": 5000, ""n_train_pos"": 17225, ""n_val"": 5678, ""pretrained_cls"": null, ""pretrained_encoder"": null, ""samples_per_min"": 15, ""seed"": 2, ""stride"": 10, ""window"": 120}",2.521134948730469,1.9707053695678736,-1.1628946304321262,0.9869828642948472,0.0603162314297578,-1.0,True
p3_a3n_alpha0.3_unet_w120_stride10_ptcontrastive_seed0,"{""alpha"": 0.3, ""arch"": ""a3n"", ""backbone"": ""unet"", ""batch_size"": 256, ""cache_stem"": ""regress_all_filt_abcd_ntcRaw_madk1p5_spatA3"", ""epochs"": 30, ""k_consecutive"": 3, ""k_thr"": 0.7, ""lr"": 0.001, ""method"": ""P3 joint cls+quant, arch=a3n, alpha=0.3"", ""n_params"": 492692, ""n_test"": 5014, ""n_train_ntc"": 5000, ""n_train_pos"": 17225, ""n_val"": 5678, ""pretrained_cls"": null, ""pretrained_encoder"": ""Analysis/quantification/methods/results/p4_ssl_contrastive_unet/pretrained.pt"", ""samples_per_min"": 15, ""seed"": 0, ""stride"": 10, ""window"": 120}",2.3488672256469725,1.9240204368591336,-1.209579563140866,0.9712290396959624,0.0703857540375634,-1.0,True
p3_a3n_alpha0.3_unet_w120_stride10_ptcontrastive_seed1,"{""alpha"": 0.3, ""arch"": ""a3n"", ""backbone"": ""unet"", ""batch_size"": 256, ""cache_stem"": ""regress_all_filt_abcd_ntcRaw_madk1p5_spatA3"", ""epochs"": 30, ""k_consecutive"": 3, ""k_thr"": 0.7, ""lr"": 0.001, ""method"": ""P3 joint cls+quant, arch=a3n, alpha=0.3"", ""n_params"": 492692, ""n_test"": 5014, ""n_train_ntc"": 5000, ""n_train_pos"": 15912, ""n_val"": 6991, ""pretrained_cls"": null, ""pretrained_encoder"": ""Analysis/quantification/methods/results/p4_ssl_contrastive_unet/pretrained.pt"", ""samples_per_min"": 15, ""seed"": 1, ""stride"": 10, ""window"": 120}",1.96427001953125,1.548061803436283,-1.585538196563717,0.9989674307186048,0.0646115992678466,-1.0,True
p3_a3n_alpha0.3_unet_w120_stride10_ptcontrastive_seed2,"{""alpha"": 0.3, ""arch"": ""a3n"", ""backbone"": ""unet"", ""batch_size"": 256, ""cache_stem"": ""regress_all_filt_abcd_ntcRaw_madk1p5_spatA3"", ""epochs"": 30, ""k_consecutive"": 3, ""k_thr"": 0.7, ""lr"": 0.001, ""method"": ""P3 joint cls+quant, arch=a3n, alpha=0.3"", ""n_params"": 492692, ""n_test"": 5014, ""n_train_ntc"": 5000, ""n_train_pos"": 17225, ""n_val"": 5678, ""pretrained_cls"": null, ""pretrained_encoder"": ""Analysis/quantification/methods/results/p4_ssl_contrastive_unet/pretrained.pt"", ""samples_per_min"": 15, ""seed"": 2, ""stride"": 10, ""window"": 120}",3.038821983337402,2.544668534851077,-0.588931465148923,0.8640490831391094,0.1543604114511663,-1.0,True
p3_a3n_alpha0.3_unet_w120_stride10_ptcontrastive_seed3,"{""alpha"": 0.3, ""arch"": ""a3n"", ""backbone"": ""unet"", ""batch_size"": 256, ""cache_stem"": ""regress_all_filt_abcd_ntcRaw_madk1p5_spatA3"", ""epochs"": 30, ""k_consecutive"": 3, ""k_thr"": 0.7, ""lr"": 0.001, ""method"": ""P3 joint cls+quant, arch=a3n, alpha=0.3"", ""n_params"": 492692, ""n_test"": 5014, ""n_train_ntc"": 5000, ""n_train_pos"": 15912, ""n_val"": 6991, ""pretrained_cls"": null, ""pretrained_encoder"": ""Analysis/quantification/methods/results/p4_ssl_contrastive_unet/pretrained.pt"", ""samples_per_min"": 15, ""seed"": 3, ""stride"": 10, ""window"": 120}",3.5210195541381837,2.384201196289066,-0.7493988037109339,0.7112312805176788,0.1569694712009505,-0.6,False
p3_a3n_alpha0.3_unet_w120_stride10_ptcontrastive_seed4,"{""alpha"": 0.3, ""arch"": ""a3n"", ""backbone"": ""unet"", ""batch_size"": 256, ""cache_stem"": ""regress_all_filt_abcd_ntcRaw_madk1p5_spatA3"", ""epochs"": 30, ""k_consecutive"": 3, ""k_thr"": 0.7, ""lr"": 0.001, ""method"": ""P3 joint cls+quant, arch=a3n, alpha=0.3"", ""n_params"": 492692, ""n_test"": 5014, ""n_train_ntc"": 5000, ""n_train_pos"": 17225, ""n_val"": 5678, ""pretrained_cls"": null, ""pretrained_encoder"": ""Analysis/quantification/methods/results/p4_ssl_contrastive_unet/pretrained.pt"", ""samples_per_min"": 15, ""seed"": 4, ""stride"": 10, ""window"": 120}",8.27041187286377,5.849576333618162,2.7159763336181624,0.8931798376331936,0.3329412218252583,1.0,False
p3_a3n_alpha0.3_unet_w120_stride10_ptcontrastive_epochs100_seed0,"{""alpha"": 0.3, ""arch"": ""a3n"", ""backbone"": ""unet"", ""batch_size"": 256, ""cache_stem"": ""regress_all_filt_abcd_ntcRaw_madk1p5_spatA3"", ""epochs"": 30, ""k_consecutive"": 3, ""k_thr"": 0.7, ""lr"": 0.001, ""method"": ""P3 joint cls+quant, arch=a3n, alpha=0.3"", ""n_params"": 492692, ""n_test"": 5014, ""n_train_ntc"": 5000, ""n_train_pos"": 17225, ""n_val"": 5678, ""pretrained_cls"": null, ""pretrained_encoder"": ""Analysis/quantification/methods/results/p4_ssl_contrastive_unet_epochs100/pretrained.pt"", ""samples_per_min"": 15, ""seed"": 0, ""stride"": 10, ""window"": 120}",2.3527057647705076,1.7459157501220728,-1.3876842498779272,0.9932476854974168,0.0637140850209692,-1.0,True
p3_a3n_alpha0.3_unet_w120_stride10_ptcontrastive_epochs100_seed1,"{""alpha"": 0.3, ""arch"": ""a3n"", ""backbone"": ""unet"", ""batch_size"": 256, ""cache_stem"": ""regress_all_filt_abcd_ntcRaw_madk1p5_spatA3"", ""epochs"": 30, ""k_consecutive"": 3, ""k_thr"": 0.7, ""lr"": 0.001, ""method"": ""P3 joint cls+quant, arch=a3n, alpha=0.3"", ""n_params"": 492692, ""n_test"": 5014, ""n_train_ntc"": 5000, ""n_train_pos"": 15912, ""n_val"": 6991, ""pretrained_cls"": null, ""pretrained_encoder"": ""Analysis/quantification/methods/results/p4_ssl_contrastive_unet_epochs100/pretrained.pt"", ""samples_per_min"": 15, ""seed"": 1, ""stride"": 10, ""window"": 120}",2.1380550384521486,1.5936673675537143,-1.5399326324462856,0.994398374661232,0.0484145322005038,-1.0,True
p3_a3n_alpha0.3_unet_w120_stride10_ptcontrastive_epochs100_seed2,"{""alpha"": 0.3, ""arch"": ""a3n"", ""backbone"": ""unet"", ""batch_size"": 256, ""cache_stem"": ""regress_all_filt_abcd_ntcRaw_madk1p5_spatA3"", ""epochs"": 30, ""k_consecutive"": 3, ""k_thr"": 0.7, ""lr"": 0.001, ""method"": ""P3 joint cls+quant, arch=a3n, alpha=0.3"", ""n_params"": 492692, ""n_test"": 5014, ""n_train_ntc"": 5000, ""n_train_pos"": 17225, ""n_val"": 5678, ""pretrained_cls"": null, ""pretrained_encoder"": ""Analysis/quantification/methods/results/p4_ssl_contrastive_unet_epochs100/pretrained.pt"", ""samples_per_min"": 15, ""seed"": 2, ""stride"": 10, ""window"": 120}",3.271743392944336,2.585061601257326,-0.5485383987426735,0.8355723519024744,0.1646083995913847,-0.8999999999999998,False
p3_a3n_alpha0.3_unet_w120_stride10_ptcontrastive_tau1_seed0,"{""alpha"": 0.3, ""arch"": ""a3n"", ""backbone"": ""unet"", ""batch_size"": 256, ""cache_stem"": ""regress_all_filt_abcd_ntcRaw_madk1p5_spatA3"", ""epochs"": 30, ""k_consecutive"": 3, ""k_thr"": 0.7, ""lr"": 0.001, ""method"": ""P3 joint cls+quant, arch=a3n, alpha=0.3"", ""n_params"": 492692, ""n_test"": 5014, ""n_train_ntc"": 5000, ""n_train_pos"": 17225, ""n_val"": 5678, ""pretrained_cls"": null, ""pretrained_encoder"": ""Analysis/quantification/methods/results/p4_ssl_contrastive_unet_tau1/pretrained.pt"", ""samples_per_min"": 15, ""seed"": 0, ""stride"": 10, ""window"": 120}",5.419483947753906,2.2952334915161168,-0.8383665084838832,0.9455608832423026,0.1542495162168925,-1.0,True
p3_a3n_alpha0.3_unet_w120_stride10_ptcontrastive_tau1_seed1,"{""alpha"": 0.3, ""arch"": ""a3n"", ""backbone"": ""unet"", ""batch_size"": 256, ""cache_stem"": ""regress_all_filt_abcd_ntcRaw_madk1p5_spatA3"", ""epochs"": 30, ""k_consecutive"": 3, ""k_thr"": 0.7, ""lr"": 0.001, ""method"": ""P3 joint cls+quant, arch=a3n, alpha=0.3"", ""n_params"": 492692, ""n_test"": 5014, ""n_train_ntc"": 5000, ""n_train_pos"": 15912, ""n_val"": 6991, ""pretrained_cls"": null, ""pretrained_encoder"": ""Analysis/quantification/methods/results/p4_ssl_contrastive_unet_tau1/pretrained.pt"", ""samples_per_min"": 15, ""seed"": 1, ""stride"": 10, ""window"": 120}",1.8740081787109375,1.4047537361145055,-1.7288462638854944,0.9691707704754146,0.1336354377410722,-1.0,True
p3_a3n_alpha0.3_unet_w120_stride10_ptcontrastive_tau1_seed2,"{""alpha"": 0.3, ""arch"": ""a3n"", ""backbone"": ""unet"", ""batch_size"": 256, ""cache_stem"": ""regress_all_filt_abcd_ntcRaw_madk1p5_spatA3"", ""epochs"": 30, ""k_consecutive"": 3, ""k_thr"": 0.7, ""lr"": 0.001, ""method"": ""P3 joint cls+quant, arch=a3n, alpha=0.3"", ""n_params"": 492692, ""n_test"": 5014, ""n_train_ntc"": 5000, ""n_train_pos"": 17225, ""n_val"": 5678, ""pretrained_cls"": null, ""pretrained_encoder"": ""Analysis/quantification/methods/results/p4_ssl_contrastive_unet_tau1/pretrained.pt"", ""samples_per_min"": 15, ""seed"": 2, ""stride"": 10, ""window"": 120}",2.959357261657715,2.4557706390380893,-0.6778293609619105,0.9926014568615508,0.0968895699881667,-1.0,True
p3_a3n_alpha0.3_unet_w120_stride10_ptcontrastive_tau1_seed3,"{""alpha"": 0.3, ""arch"": ""a3n"", ""backbone"": ""unet"", ""batch_size"": 256, ""cache_stem"": ""regress_all_filt_abcd_ntcRaw_madk1p5_spatA3"", ""epochs"": 30, ""k_consecutive"": 3, ""k_thr"": 0.7, ""lr"": 0.001, ""method"": ""P3 joint cls+quant, arch=a3n, alpha=0.3"", ""n_params"": 492692, ""n_test"": 5014, ""n_train_ntc"": 5000, ""n_train_pos"": 15912, ""n_val"": 6991, ""pretrained_cls"": null, ""pretrained_encoder"": ""Analysis/quantification/methods/results/p4_ssl_contrastive_unet_tau1/pretrained.pt"", ""samples_per_min"": 15, ""seed"": 3, ""stride"": 10, ""window"": 120}",3.475991058349609,2.4927453552246113,-0.6408546447753888,0.5798130781635984,0.1372413306342693,-0.6,False
p3_a3n_alpha0.3_unet_w120_stride10_ptcontrastive_tau1_seed4,"{""alpha"": 0.3, ""arch"": ""a3n"", ""backbone"": ""unet"", ""batch_size"": 256, ""cache_stem"": ""regress_all_filt_abcd_ntcRaw_madk1p5_spatA3"", ""epochs"": 30, ""k_consecutive"": 3, ""k_thr"": 0.7, ""lr"": 0.001, ""method"": ""P3 joint cls+quant, arch=a3n, alpha=0.3"", ""n_params"": 492692, ""n_test"": 5014, ""n_train_ntc"": 5000, ""n_train_pos"": 17225, ""n_val"": 5678, ""pretrained_cls"": null, ""pretrained_encoder"": ""Analysis/quantification/methods/results/p4_ssl_contrastive_unet_tau1/pretrained.pt"", ""samples_per_min"": 15, ""seed"": 4, ""stride"": 10, ""window"": 120}",2.215201187133789,1.7881363426208527,-1.3454636573791472,0.9685711532578146,0.0643890660555878,-1.0,True
p3_a3n_alpha0.5_unet_w120_stride10_ptcontrastive_seed0,"{""alpha"": 0.5, ""arch"": ""a3n"", ""backbone"": ""unet"", ""batch_size"": 256, ""cache_stem"": ""regress_all_filt_abcd_ntcRaw_madk1p5_spatA3"", ""epochs"": 30, ""k_consecutive"": 3, ""k_thr"": 0.7, ""lr"": 0.001, ""method"": ""P3 joint cls+quant, arch=a3n, alpha=0.5"", ""n_params"": 492692, ""n_test"": 5014, ""n_train_ntc"": 5000, ""n_train_pos"": 17225, ""n_val"": 5678, ""pretrained_cls"": null, ""pretrained_encoder"": ""Analysis/quantification/methods/results/p4_ssl_contrastive_unet/pretrained.pt"", ""samples_per_min"": 15, ""seed"": 0, ""stride"": 10, ""window"": 120}",2.3726099014282225,1.9659963165283236,-1.1676036834716763,0.9670529076695537,0.0857161348879738,-1.0,True
p3_a3n_alpha0.5_unet_w120_stride10_ptcontrastive_seed1,"{""alpha"": 0.5, ""arch"": ""a3n"", ""backbone"": ""unet"", ""batch_size"": 256, ""cache_stem"": ""regress_all_filt_abcd_ntcRaw_madk1p5_spatA3"", ""epochs"": 30, ""k_consecutive"": 3, ""k_thr"": 0.7, ""lr"": 0.001, ""method"": ""P3 joint cls+quant, arch=a3n, alpha=0.5"", ""n_params"": 492692, ""n_test"": 5014, ""n_train_ntc"": 5000, ""n_train_pos"": 15912, ""n_val"": 6991, ""pretrained_cls"": null, ""pretrained_encoder"": ""Analysis/quantification/methods/results/p4_ssl_contrastive_unet/pretrained.pt"", ""samples_per_min"": 15, ""seed"": 1, ""stride"": 10, ""window"": 120}",1.790753173828125,1.465675500488285,-1.6679244995117148,0.9902282709573766,0.0728264735054267,-1.0,True
p3_a3n_alpha0.5_unet_w120_stride10_ptcontrastive_seed2,"{""alpha"": 0.5, ""arch"": ""a3n"", ""backbone"": ""unet"", ""batch_size"": 256, ""cache_stem"": ""regress_all_filt_abcd_ntcRaw_madk1p5_spatA3"", ""epochs"": 30, ""k_consecutive"": 3, ""k_thr"": 0.7, ""lr"": 0.001, ""method"": ""P3 joint cls+quant, arch=a3n, alpha=0.5"", ""n_params"": 492692, ""n_test"": 5014, ""n_train_ntc"": 5000, ""n_train_pos"": 17225, ""n_val"": 5678, ""pretrained_cls"": null, ""pretrained_encoder"": ""Analysis/quantification/methods/results/p4_ssl_contrastive_unet/pretrained.pt"", ""samples_per_min"": 15, ""seed"": 2, ""stride"": 10, ""window"": 120}",2.6005985260009767,2.082303765869142,-1.0512962341308578,0.9908763609517393,0.1120978236618515,-1.0,True
p3_a3n_alpha0.5_unet_w120_stride10_ptcontrastive_seed3,"{""alpha"": 0.5, ""arch"": ""a3n"", ""backbone"": ""unet"", ""batch_size"": 256, ""cache_stem"": ""regress_all_filt_abcd_ntcRaw_madk1p5_spatA3"", ""epochs"": 30, ""k_consecutive"": 3, ""k_thr"": 0.7, ""lr"": 0.001, ""method"": ""P3 joint cls+quant, arch=a3n, alpha=0.5"", ""n_params"": 492692, ""n_test"": 5014, ""n_train_ntc"": 5000, ""n_train_pos"": 15912, ""n_val"": 6991, ""pretrained_cls"": null, ""pretrained_encoder"": ""Analysis/quantification/methods/results/p4_ssl_contrastive_unet/pretrained.pt"", ""samples_per_min"": 15, ""seed"": 3, ""stride"": 10, ""window"": 120}",3.851385307312012,2.7568058525085464,-0.3767941474914536,0.204013787880276,0.2931054585607719,-0.4999999999999999,False
p3_a3n_alpha0.5_unet_w120_stride10_ptcontrastive_seed4,"{""alpha"": 0.5, ""arch"": ""a3n"", ""backbone"": ""unet"", ""batch_size"": 256, ""cache_stem"": ""regress_all_filt_abcd_ntcRaw_madk1p5_spatA3"", ""epochs"": 30, ""k_consecutive"": 3, ""k_thr"": 0.7, ""lr"": 0.001, ""method"": ""P3 joint cls+quant, arch=a3n, alpha=0.5"", ""n_params"": 492692, ""n_test"": 5014, ""n_train_ntc"": 5000, ""n_train_pos"": 17225, ""n_val"": 5678, ""pretrained_cls"": null, ""pretrained_encoder"": ""Analysis/quantification/methods/results/p4_ssl_contrastive_unet/pretrained.pt"", ""samples_per_min"": 15, ""seed"": 4, ""stride"": 10, ""window"": 120}",1.9350643157958984,1.520489839172368,-1.613110160827632,0.9549933220919172,0.1621527694788286,-1.0,True
p3_a3n_alpha0.5_unet_w120_stride10_ptcontrastive_epochs100_seed0,"{""alpha"": 0.5, ""arch"": ""a3n"", ""backbone"": ""unet"", ""batch_size"": 256, ""cache_stem"": ""regress_all_filt_abcd_ntcRaw_madk1p5_spatA3"", ""epochs"": 30, ""k_consecutive"": 3, ""k_thr"": 0.7, ""lr"": 0.001, ""method"": ""P3 joint cls+quant, arch=a3n, alpha=0.5"", ""n_params"": 492692, ""n_test"": 5014, ""n_train_ntc"": 5000, ""n_train_pos"": 17225, ""n_val"": 5678, ""pretrained_cls"": null, ""pretrained_encoder"": ""Analysis/quantification/methods/results/p4_ssl_contrastive_unet_epochs100/pretrained.pt"", ""samples_per_min"": 15, ""seed"": 0, ""stride"": 10, ""window"": 120}",2.4373584747314454,1.9010582481384315,-1.2325417518615682,0.992752295937976,0.0878628273580209,-1.0,True
p3_a3n_alpha0.5_unet_w120_stride10_ptcontrastive_epochs100_seed1,"{""alpha"": 0.5, ""arch"": ""a3n"", ""backbone"": ""unet"", ""batch_size"": 256, ""cache_stem"": ""regress_all_filt_abcd_ntcRaw_madk1p5_spatA3"", ""epochs"": 30, ""k_consecutive"": 3, ""k_thr"": 0.7, ""lr"": 0.001, ""method"": ""P3 joint cls+quant, arch=a3n, alpha=0.5"", ""n_params"": 492692, ""n_test"": 5014, ""n_train_ntc"": 5000, ""n_train_pos"": 15912, ""n_val"": 6991, ""pretrained_cls"": null, ""pretrained_encoder"": ""Analysis/quantification/methods/results/p4_ssl_contrastive_unet_epochs100/pretrained.pt"", ""samples_per_min"": 15, ""seed"": 1, ""stride"": 10, ""window"": 120}",5.395957565307617,3.97138476715088,0.8377847671508802,0.4931750304393718,0.2425926676204875,0.7,False
p3_a3n_alpha0.5_unet_w120_stride10_ptcontrastive_epochs100_seed2,"{""alpha"": 0.5, ""arch"": ""a3n"", ""backbone"": ""unet"", ""batch_size"": 256, ""cache_stem"": ""regress_all_filt_abcd_ntcRaw_madk1p5_spatA3"", ""epochs"": 30, ""k_consecutive"": 3, ""k_thr"": 0.7, ""lr"": 0.001, ""method"": ""P3 joint cls+quant, arch=a3n, alpha=0.5"", ""n_params"": 492692, ""n_test"": 5014, ""n_train_ntc"": 5000, ""n_train_pos"": 17225, ""n_val"": 5678, ""pretrained_cls"": null, ""pretrained_encoder"": ""Analysis/quantification/methods/results/p4_ssl_contrastive_unet_epochs100/pretrained.pt"", ""samples_per_min"": 15, ""seed"": 2, ""stride"": 10, ""window"": 120}",2.051805686950684,1.6443224464416537,-1.4892775535583465,0.9783934171787516,0.1060058779170961,-1.0,True
p3_a3n_alpha0.5_unet_w120_stride10_ptcontrastive_tau1_seed0,"{""alpha"": 0.5, ""arch"": ""a3n"", ""backbone"": ""unet"", ""batch_size"": 256, ""cache_stem"": ""regress_all_filt_abcd_ntcRaw_madk1p5_spatA3"", ""epochs"": 30, ""k_consecutive"": 3, ""k_thr"": 0.7, ""lr"": 0.001, ""method"": ""P3 joint cls+quant, arch=a3n, alpha=0.5"", ""n_params"": 492692, ""n_test"": 5014, ""n_train_ntc"": 5000, ""n_train_pos"": 17225, ""n_val"": 5678, ""pretrained_cls"": null, ""pretrained_encoder"": ""Analysis/quantification/methods/results/p4_ssl_contrastive_unet_tau1/pretrained.pt"", ""samples_per_min"": 15, ""seed"": 0, ""stride"": 10, ""window"": 120}",3.760441589355469,2.2960284744262713,-0.8375715255737285,0.9288593196384138,0.1502992083516517,-1.0,True
p3_a3n_alpha0.5_unet_w120_stride10_ptcontrastive_tau1_seed1,"{""alpha"": 0.5, ""arch"": ""a3n"", ""backbone"": ""unet"", ""batch_size"": 256, ""cache_stem"": ""regress_all_filt_abcd_ntcRaw_madk1p5_spatA3"", ""epochs"": 30, ""k_consecutive"": 3, ""k_thr"": 0.7, ""lr"": 0.001, ""method"": ""P3 joint cls+quant, arch=a3n, alpha=0.5"", ""n_params"": 492692, ""n_test"": 5014, ""n_train_ntc"": 5000, ""n_train_pos"": 15912, ""n_val"": 6991, ""pretrained_cls"": null, ""pretrained_encoder"": ""Analysis/quantification/methods/results/p4_ssl_contrastive_unet_tau1/pretrained.pt"", ""samples_per_min"": 15, ""seed"": 1, ""stride"": 10, ""window"": 120}",10.267776489257812,2.3072673355102573,-0.8263326644897426,0.8724441065211761,0.0535030410843159,-1.0,True
p3_a3n_alpha0.5_unet_w120_stride10_ptcontrastive_tau1_seed2,"{""alpha"": 0.5, ""arch"": ""a3n"", ""backbone"": ""unet"", ""batch_size"": 256, ""cache_stem"": ""regress_all_filt_abcd_ntcRaw_madk1p5_spatA3"", ""epochs"": 30, ""k_consecutive"": 3, ""k_thr"": 0.7, ""lr"": 0.001, ""method"": ""P3 joint cls+quant, arch=a3n, alpha=0.5"", ""n_params"": 492692, ""n_test"": 5014, ""n_train_ntc"": 5000, ""n_train_pos"": 17225, ""n_val"": 5678, ""pretrained_cls"": null, ""pretrained_encoder"": ""Analysis/quantification/methods/results/p4_ssl_contrastive_unet_tau1/pretrained.pt"", ""samples_per_min"": 15, ""seed"": 2, ""stride"": 10, ""window"": 120}",2.511012649536133,1.901586679077151,-1.232013320922849,0.9944348398229498,0.0731457791968704,-1.0,True
p3_a4_alpha0.3_unet_w120_stride10_seed0,"{""alpha"": 0.3, ""arch"": ""a4"", ""backbone"": ""unet"", ""batch_size"": 256, ""cache_stem"": ""regress_all_filt_abcd_ntcRaw_madk1p5_spatA3"", ""epochs"": 30, ""k_consecutive"": 3, ""k_thr"": 0.7, ""lr"": 0.001, ""method"": ""P3 joint cls+quant, arch=a4, alpha=0.3"", ""n_params"": 492692, ""n_test"": 5014, ""n_train_ntc"": 5000, ""n_train_pos"": 17225, ""n_val"": 5678, ""samples_per_min"": 15, ""seed"": 0, ""stride"": 10, ""window"": 120}",4.253903198242187,2.1617003952026383,-0.9718996047973616,0.9812446301840084,0.0774507073935959,-1.0,True
p3_a4_alpha0.3_unet_w120_stride10_seed1,"{""alpha"": 0.3, ""arch"": ""a4"", ""backbone"": ""unet"", ""batch_size"": 256, ""cache_stem"": ""regress_all_filt_abcd_ntcRaw_madk1p5_spatA3"", ""epochs"": 30, ""k_consecutive"": 3, ""k_thr"": 0.7, ""lr"": 0.001, ""method"": ""P3 joint cls+quant, arch=a4, alpha=0.3"", ""n_params"": 492692, ""n_test"": 5014, ""n_train_ntc"": 5000, ""n_train_pos"": 15912, ""n_val"": 6991, ""samples_per_min"": 15, ""seed"": 1, ""stride"": 10, ""window"": 120}",2.0137231826782225,1.381510785675052,-1.752089214324948,0.9060122345793358,0.2385300050976833,-1.0,True
p3_a4_alpha0.3_unet_w120_stride10_seed2,"{""alpha"": 0.3, ""arch"": ""a4"", ""backbone"": ""unet"", ""batch_size"": 256, ""cache_stem"": ""regress_all_filt_abcd_ntcRaw_madk1p5_spatA3"", ""epochs"": 30, ""k_consecutive"": 3, ""k_thr"": 0.7, ""lr"": 0.001, ""method"": ""P3 joint cls+quant, arch=a4, alpha=0.3"", ""n_params"": 492692, ""n_test"": 5014, ""n_train_ntc"": 5000, ""n_train_pos"": 17225, ""n_val"": 5678, ""samples_per_min"": 15, ""seed"": 2, ""stride"": 10, ""window"": 120}",11.52438735961914,3.1334584747314476,-0.0001415252685521,0.1242451377417369,0.0003354642386246,0.2236067977499789,False
p3_a4_alpha0.3_unet_w120_stride10_seed3,"{""alpha"": 0.3, ""arch"": ""a4"", ""backbone"": ""unet"", ""batch_size"": 256, ""cache_stem"": ""regress_all_filt_abcd_ntcRaw_madk1p5_spatA3"", ""epochs"": 30, ""k_consecutive"": 3, ""k_thr"": 0.7, ""lr"": 0.001, ""method"": ""P3 joint cls+quant, arch=a4, alpha=0.3"", ""n_params"": 492692, ""n_test"": 5014, ""n_train_ntc"": 5000, ""n_train_pos"": 15912, ""n_val"": 6991, ""pretrained_cls"": null, ""pretrained_encoder"": null, ""samples_per_min"": 15, ""seed"": 3, ""stride"": 10, ""window"": 120}",11.445560455322266,3.0605308090209986,-0.0730691909790012,0.6305314848810923,0.0086857852865011,-0.8944271909999159,False
p3_a4_alpha0.3_unet_w120_stride10_seed4,"{""alpha"": 0.3, ""arch"": ""a4"", ""backbone"": ""unet"", ""batch_size"": 256, ""cache_stem"": ""regress_all_filt_abcd_ntcRaw_madk1p5_spatA3"", ""epochs"": 30, ""k_consecutive"": 3, ""k_thr"": 0.7, ""lr"": 0.001, ""method"": ""P3 joint cls+quant, arch=a4, alpha=0.3"", ""n_params"": 492692, ""n_test"": 5014, ""n_train_ntc"": 5000, ""n_train_pos"": 17225, ""n_val"": 5678, ""pretrained_cls"": null, ""pretrained_encoder"": null, ""samples_per_min"": 15, ""seed"": 4, ""stride"": 10, ""window"": 120}",10.683141708374023,2.871014169311526,-0.2625858306884739,0.5054532809189664,0.1074167496304037,-0.7,False
p3_a4_alpha0.5_unet_w120_stride10_seed0,"{""alpha"": 0.5, ""arch"": ""a4"", ""backbone"": ""unet"", ""batch_size"": 256, ""cache_stem"": ""regress_all_filt_abcd_ntcRaw_madk1p5_spatA3"", ""epochs"": 30, ""k_consecutive"": 3, ""k_thr"": 0.7, ""lr"": 0.001, ""method"": ""P3 joint cls+quant, arch=a4, alpha=0.5"", ""n_params"": 492692, ""n_test"": 5014, ""n_train_ntc"": 5000, ""n_train_pos"": 17225, ""n_val"": 5678, ""samples_per_min"": 15, ""seed"": 0, ""stride"": 10, ""window"": 120}",5.424391555786133,2.2835246597290073,-0.8500753402709925,0.9259153699737884,0.0762950346042264,-1.0,True
p3_a4_alpha0.5_unet_w120_stride10_seed1,"{""alpha"": 0.5, ""arch"": ""a4"", ""backbone"": ""unet"", ""batch_size"": 256, ""cache_stem"": ""regress_all_filt_abcd_ntcRaw_madk1p5_spatA3"", ""epochs"": 30, ""k_consecutive"": 3, ""k_thr"": 0.7, ""lr"": 0.001, ""method"": ""P3 joint cls+quant, arch=a4, alpha=0.5"", ""n_params"": 492692, ""n_test"": 5014, ""n_train_ntc"": 5000, ""n_train_pos"": 15912, ""n_val"": 6991, ""samples_per_min"": 15, ""seed"": 1, ""stride"": 10, ""window"": 120}",11.524671173095705,3.133600381469729,3.814697292357405e-07,0.5,1.6168004673052548e-07,0.7071067811865475,False
p3_a4_alpha0.5_unet_w120_stride10_seed2,"{""alpha"": 0.5, ""arch"": ""a4"", ""backbone"": ""unet"", ""batch_size"": 256, ""cache_stem"": ""regress_all_filt_abcd_ntcRaw_madk1p5_spatA3"", ""epochs"": 30, ""k_consecutive"": 3, ""k_thr"": 0.7, ""lr"": 0.001, ""method"": ""P3 joint cls+quant, arch=a4, alpha=0.5"", ""n_params"": 492692, ""n_test"": 5014, ""n_train_ntc"": 5000, ""n_train_pos"": 17225, ""n_val"": 5678, ""samples_per_min"": 15, ""seed"": 2, ""stride"": 10, ""window"": 120}",2.686816596984863,1.8358648811340363,-1.2977351188659636,0.9594897925965792,0.1084677251105772,-1.0,True
p3_a4_alpha0.5_unet_w120_stride10_ptcontrastive_seed0,"{""alpha"": 0.5, ""arch"": ""a4"", ""backbone"": ""unet"", ""batch_size"": 256, ""cache_stem"": ""regress_all_filt_abcd_ntcRaw_madk1p5_spatA3"", ""epochs"": 30, ""k_consecutive"": 3, ""k_thr"": 0.7, ""lr"": 0.001, ""method"": ""P3 joint cls+quant, arch=a4, alpha=0.5"", ""n_params"": 492692, ""n_test"": 5014, ""n_train_ntc"": 5000, ""n_train_pos"": 17225, ""n_val"": 5678, ""pretrained_encoder"": ""Analysis/quantification/methods/results/p4_ssl_contrastive_unet/pretrained.pt"", ""samples_per_min"": 15, ""seed"": 0, ""stride"": 10, ""window"": 120}",11.496119689941406,3.106612542724612,-0.0269874572753878,0.5907909733667933,0.0048793497146794,-0.8944271909999159,False
p3_a4_alpha0.5_unet_w120_stride10_ptcontrastive_seed1,"{""alpha"": 0.5, ""arch"": ""a4"", ""backbone"": ""unet"", ""batch_size"": 256, ""cache_stem"": ""regress_all_filt_abcd_ntcRaw_madk1p5_spatA3"", ""epochs"": 30, ""k_consecutive"": 3, ""k_thr"": 0.7, ""lr"": 0.001, ""method"": ""P3 joint cls+quant, arch=a4, alpha=0.5"", ""n_params"": 492692, ""n_test"": 5014, ""n_train_ntc"": 5000, ""n_train_pos"": 15912, ""n_val"": 6991, ""pretrained_encoder"": ""Analysis/quantification/methods/results/p4_ssl_contrastive_unet/pretrained.pt"", ""samples_per_min"": 15, ""seed"": 1, ""stride"": 10, ""window"": 120}",2.5766448974609375,2.0171459709167516,-1.1164540290832483,0.9719791318355692,0.2031750732885015,-1.0,True
p3_a4_alpha0.5_unet_w120_stride10_ptcontrastive_seed2,"{""alpha"": 0.5, ""arch"": ""a4"", ""backbone"": ""unet"", ""batch_size"": 256, ""cache_stem"": ""regress_all_filt_abcd_ntcRaw_madk1p5_spatA3"", ""epochs"": 30, ""k_consecutive"": 3, ""k_thr"": 0.7, ""lr"": 0.001, ""method"": ""P3 joint cls+quant, arch=a4, alpha=0.5"", ""n_params"": 492692, ""n_test"": 5014, ""n_train_ntc"": 5000, ""n_train_pos"": 17225, ""n_val"": 5678, ""pretrained_encoder"": ""Analysis/quantification/methods/results/p4_ssl_contrastive_unet/pretrained.pt"", ""samples_per_min"": 15, ""seed"": 2, ""stride"": 10, ""window"": 120}",5.289675521850586,3.3703958068847673,0.2367958068847671,0.0640054676465974,0.2643832398991445,0.0,False
p3_a4_alpha0.5_unet_w120_stride10_ptmasked_seed0,"{""alpha"": 0.5, ""arch"": ""a4"", ""backbone"": ""unet"", ""batch_size"": 256, ""cache_stem"": ""regress_all_filt_abcd_ntcRaw_madk1p5_spatA3"", ""epochs"": 30, ""k_consecutive"": 3, ""k_thr"": 0.7, ""lr"": 0.001, ""method"": ""P3 joint cls+quant, arch=a4, alpha=0.5"", ""n_params"": 492692, ""n_test"": 5014, ""n_train_ntc"": 5000, ""n_train_pos"": 17225, ""n_val"": 5678, ""pretrained_encoder"": ""Analysis/quantification/methods/results/p4_ssl_masked_unet/pretrained.pt"", ""samples_per_min"": 15, ""seed"": 0, ""stride"": 10, ""window"": 120}",11.524671173095705,3.133600381469729,3.814697292357405e-07,0.5,1.6168004673052548e-07,0.7071067811865475,False
p3_a4_alpha0.5_unet_w120_stride10_ptmasked_seed1,"{""alpha"": 0.5, ""arch"": ""a4"", ""backbone"": ""unet"", ""batch_size"": 256, ""cache_stem"": ""regress_all_filt_abcd_ntcRaw_madk1p5_spatA3"", ""epochs"": 30, ""k_consecutive"": 3, ""k_thr"": 0.7, ""lr"": 0.001, ""method"": ""P3 joint cls+quant, arch=a4, alpha=0.5"", ""n_params"": 492692, ""n_test"": 5014, ""n_train_ntc"": 5000, ""n_train_pos"": 15912, ""n_val"": 6991, ""pretrained_encoder"": ""Analysis/quantification/methods/results/p4_ssl_masked_unet/pretrained.pt"", ""samples_per_min"": 15, ""seed"": 1, ""stride"": 10, ""window"": 120}",8.826064300537109,2.1515973602294967,-0.9820026397705034,0.912671660015151,0.0536456179578473,-0.8999999999999998,False
p3_a4_alpha0.5_unet_w120_stride10_ptmasked_seed2,"{""alpha"": 0.5, ""arch"": ""a4"", ""backbone"": ""unet"", ""batch_size"": 256, ""cache_stem"": ""regress_all_filt_abcd_ntcRaw_madk1p5_spatA3"", ""epochs"": 30, ""k_consecutive"": 3, ""k_thr"": 0.7, ""lr"": 0.001, ""method"": ""P3 joint cls+quant, arch=a4, alpha=0.5"", ""n_params"": 492692, ""n_test"": 5014, ""n_train_ntc"": 5000, ""n_train_pos"": 17225, ""n_val"": 5678, ""pretrained_encoder"": ""Analysis/quantification/methods/results/p4_ssl_masked_unet/pretrained.pt"", ""samples_per_min"": 15, ""seed"": 2, ""stride"": 10, ""window"": 120}",3.814312934875488,1.5486894165039091,-1.5849105834960908,0.8553057769369004,0.1339037973648671,-1.0,True
p3_a4_alpha0.7_unet_w120_stride10_seed0,"{""alpha"": 0.7, ""arch"": ""a4"", ""backbone"": ""unet"", ""batch_size"": 256, ""cache_stem"": ""regress_all_filt_abcd_ntcRaw_madk1p5_spatA3"", ""epochs"": 30, ""k_consecutive"": 3, ""k_thr"": 0.7, ""lr"": 0.001, ""method"": ""P3 joint cls+quant, arch=a4, alpha=0.7"", ""n_params"": 492692, ""n_test"": 5014, ""n_train_ntc"": 5000, ""n_train_pos"": 17225, ""n_val"": 5678, ""samples_per_min"": 15, ""seed"": 0, ""stride"": 10, ""window"": 120}",11.524671173095705,3.133600381469729,3.814697292357405e-07,0.5,1.6168004673052548e-07,0.7071067811865475,False
p3_a4_alpha0.7_unet_w120_stride10_seed1,"{""alpha"": 0.7, ""arch"": ""a4"", ""backbone"": ""unet"", ""batch_size"": 256, ""cache_stem"": ""regress_all_filt_abcd_ntcRaw_madk1p5_spatA3"", ""epochs"": 30, ""k_consecutive"": 3, ""k_thr"": 0.7, ""lr"": 0.001, ""method"": ""P3 joint cls+quant, arch=a4, alpha=0.7"", ""n_params"": 492692, ""n_test"": 5014, ""n_train_ntc"": 5000, ""n_train_pos"": 15912, ""n_val"": 6991, ""samples_per_min"": 15, ""seed"": 1, ""stride"": 10, ""window"": 120}",3.8419254302978514,2.1842893157959016,-0.9493106842040984,0.9696267533885552,0.1767588097174424,-1.0,True
p3_a4_alpha0.7_unet_w120_stride10_seed2,"{""alpha"": 0.7, ""arch"": ""a4"", ""backbone"": ""unet"", ""batch_size"": 256, ""cache_stem"": ""regress_all_filt_abcd_ntcRaw_madk1p5_spatA3"", ""epochs"": 30, ""k_consecutive"": 3, ""k_thr"": 0.7, ""lr"": 0.001, ""method"": ""P3 joint cls+quant, arch=a4, alpha=0.7"", ""n_params"": 492692, ""n_test"": 5014, ""n_train_ntc"": 5000, ""n_train_pos"": 17225, ""n_val"": 5678, ""samples_per_min"": 15, ""seed"": 2, ""stride"": 10, ""window"": 120}",5.740030288696289,2.9862308059692397,-0.1473691940307601,0.2373689904316699,0.1718643835859737,-0.6,False
p3_a4w_alpha0.3_unet_w120_stride10_seed0,"{""alpha"": 0.3, ""arch"": ""a4w"", ""backbone"": ""unet"", ""batch_size"": 256, ""cache_stem"": ""regress_all_filt_abcd_ntcRaw_madk1p5_spatA3"", ""epochs"": 30, ""k_consecutive"": 3, ""k_thr"": 0.7, ""lr"": 0.001, ""method"": ""P3 joint cls+quant, arch=a4w, alpha=0.3"", ""n_params"": 492692, ""n_test"": 5014, ""n_train_ntc"": 5000, ""n_train_pos"": 17225, ""n_val"": 5678, ""pretrained_cls"": null, ""pretrained_encoder"": null, ""samples_per_min"": 15, ""seed"": 0, ""stride"": 10, ""window"": 120}",1.907090950012207,0.6227215324401891,-2.510878467559811,0.9556879613649284,0.1821268473180728,-1.0,True
p3_a4w_alpha0.3_unet_w120_stride10_seed1,"{""alpha"": 0.3, ""arch"": ""a4w"", ""backbone"": ""unet"", ""batch_size"": 256, ""cache_stem"": ""regress_all_filt_abcd_ntcRaw_madk1p5_spatA3"", ""epochs"": 30, ""k_consecutive"": 3, ""k_thr"": 0.7, ""lr"": 0.001, ""method"": ""P3 joint cls+quant, arch=a4w, alpha=0.3"", ""n_params"": 492692, ""n_test"": 5014, ""n_train_ntc"": 5000, ""n_train_pos"": 15912, ""n_val"": 6991, ""pretrained_cls"": null, ""pretrained_encoder"": null, ""samples_per_min"": 15, ""seed"": 1, ""stride"": 10, ""window"": 120}",4.14779052734375,1.9706033264160177,-1.1629966735839825,0.9582318205000196,0.0855290231606208,-1.0,True
p3_a4w_alpha0.3_unet_w120_stride10_seed2,"{""alpha"": 0.3, ""arch"": ""a4w"", ""backbone"": ""unet"", ""batch_size"": 256, ""cache_stem"": ""regress_all_filt_abcd_ntcRaw_madk1p5_spatA3"", ""epochs"": 30, ""k_consecutive"": 3, ""k_thr"": 0.7, ""lr"": 0.001, ""method"": ""P3 joint cls+quant, arch=a4w, alpha=0.3"", ""n_params"": 492692, ""n_test"": 5014, ""n_train_ntc"": 5000, ""n_train_pos"": 17225, ""n_val"": 5678, ""pretrained_cls"": null, ""pretrained_encoder"": null, ""samples_per_min"": 15, ""seed"": 2, ""stride"": 10, ""window"": 120}",8.280554580688477,3.0571784530639667,-0.0764215469360333,0.0853798484042092,0.147134900435016,-0.1999999999999999,False
p3_a4w_alpha0.3_unet_w120_stride10_seed3,"{""alpha"": 0.3, ""arch"": ""a4w"", ""backbone"": ""unet"", ""batch_size"": 256, ""cache_stem"": ""regress_all_filt_abcd_ntcRaw_madk1p5_spatA3"", ""epochs"": 30, ""k_consecutive"": 3, ""k_thr"": 0.7, ""lr"": 0.001, ""method"": ""P3 joint cls+quant, arch=a4w, alpha=0.3"", ""n_params"": 492692, ""n_test"": 5014, ""n_train_ntc"": 5000, ""n_train_pos"": 15912, ""n_val"": 6991, ""pretrained_cls"": null, ""pretrained_encoder"": null, ""samples_per_min"": 15, ""seed"": 3, ""stride"": 10, ""window"": 120}",4.638166046142578,1.8658746276855491,-1.2677253723144508,0.9912854746385258,0.1713821125037547,-1.0,True
p3_a4w_alpha0.3_unet_w120_stride10_seed4,"{""alpha"": 0.3, ""arch"": ""a4w"", ""backbone"": ""unet"", ""batch_size"": 256, ""cache_stem"": ""regress_all_filt_abcd_ntcRaw_madk1p5_spatA3"", ""epochs"": 30, ""k_consecutive"": 3, ""k_thr"": 0.7, ""lr"": 0.001, ""method"": ""P3 joint cls+quant, arch=a4w, alpha=0.3"", ""n_params"": 492692, ""n_test"": 5014, ""n_train_ntc"": 5000, ""n_train_pos"": 17225, ""n_val"": 5678, ""pretrained_cls"": null, ""pretrained_encoder"": null, ""samples_per_min"": 15, ""seed"": 4, ""stride"": 10, ""window"": 120}",9.428933334350583,2.855097535705568,-0.278502464294432,0.1829441881148548,0.1091472610540058,-0.4999999999999999,False
p3_a5_alpha0.3_unet_w120_stride10_seed0,"{""alpha"": 0.3, ""arch"": ""a5"", ""backbone"": ""unet"", ""batch_size"": 256, ""cache_stem"": ""regress_all_filt_abcd_ntcRaw_madk1p5_spatA3"", ""epochs"": 30, ""k_consecutive"": 3, ""k_thr"": 0.7, ""lr"": 0.001, ""method"": ""P3 joint cls+quant, arch=a5, alpha=0.3"", ""n_params"": 492692, ""n_test"": 5014, ""n_train_ntc"": 5000, ""n_train_pos"": 17225, ""n_val"": 5678, ""pretrained_cls"": null, ""pretrained_encoder"": null, ""samples_per_min"": 15, ""seed"": 0, ""stride"": 10, ""window"": 120}",2.336084747314453,1.846971086120609,-1.286628913879391,0.962148473865408,0.1254472558943897,-1.0,True
p3_a5_alpha0.3_unet_w120_stride10_seed1,"{""alpha"": 0.3, ""arch"": ""a5"", ""backbone"": ""unet"", ""batch_size"": 256, ""cache_stem"": ""regress_all_filt_abcd_ntcRaw_madk1p5_spatA3"", ""epochs"": 30, ""k_consecutive"": 3, ""k_thr"": 0.7, ""lr"": 0.001, ""method"": ""P3 joint cls+quant, arch=a5, alpha=0.3"", ""n_params"": 492692, ""n_test"": 5014, ""n_train_ntc"": 5000, ""n_train_pos"": 15912, ""n_val"": 6991, ""pretrained_cls"": null, ""pretrained_encoder"": null, ""samples_per_min"": 15, ""seed"": 1, ""stride"": 10, ""window"": 120}",1.774582672119141,1.4113432441711462,-1.7222567558288535,0.974497206139148,0.1124557167158996,-1.0,True
p3_a5_alpha0.3_unet_w120_stride10_seed2,"{""alpha"": 0.3, ""arch"": ""a5"", ""backbone"": ""unet"", ""batch_size"": 256, ""cache_stem"": ""regress_all_filt_abcd_ntcRaw_madk1p5_spatA3"", ""epochs"": 30, ""k_consecutive"": 3, ""k_thr"": 0.7, ""lr"": 0.001, ""method"": ""P3 joint cls+quant, arch=a5, alpha=0.3"", ""n_params"": 492692, ""n_test"": 5014, ""n_train_ntc"": 5000, ""n_train_pos"": 17225, ""n_val"": 5678, ""pretrained_cls"": null, ""pretrained_encoder"": null, ""samples_per_min"": 15, ""seed"": 2, ""stride"": 10, ""window"": 120}",4.291150283813477,2.1755658660888706,-0.9580341339111296,0.6734546861818054,0.2614540514143852,-0.8999999999999998,False
p3_a5_alpha0.3_unet_w120_stride10_seed3,"{""alpha"": 0.3, ""arch"": ""a5"", ""backbone"": ""unet"", ""batch_size"": 256, ""cache_stem"": ""regress_all_filt_abcd_ntcRaw_madk1p5_spatA3"", ""epochs"": 30, ""k_consecutive"": 3, ""k_thr"": 0.7, ""lr"": 0.001, ""method"": ""P3 joint cls+quant, arch=a5, alpha=0.3"", ""n_params"": 492692, ""n_test"": 5014, ""n_train_ntc"": 5000, ""n_train_pos"": 15912, ""n_val"": 6991, ""pretrained_cls"": null, ""pretrained_encoder"": null, ""samples_per_min"": 15, ""seed"": 3, ""stride"": 10, ""window"": 120}",5.534709548950195,1.4210132156372106,-1.712586784362789,0.7907389117918358,0.2507251778830621,-1.0,True
p3_a5_alpha0.3_unet_w120_stride10_seed4,"{""alpha"": 0.3, ""arch"": ""a5"", ""backbone"": ""unet"", ""batch_size"": 256, ""cache_stem"": ""regress_all_filt_abcd_ntcRaw_madk1p5_spatA3"", ""epochs"": 30, ""k_consecutive"": 3, ""k_thr"": 0.7, ""lr"": 0.001, ""method"": ""P3 joint cls+quant, arch=a5, alpha=0.3"", ""n_params"": 492692, ""n_test"": 5014, ""n_train_ntc"": 5000, ""n_train_pos"": 17225, ""n_val"": 5678, ""pretrained_cls"": null, ""pretrained_encoder"": null, ""samples_per_min"": 15, ""seed"": 4, ""stride"": 10, ""window"": 120}",2.2486852645874023,1.641254762268069,-1.4923452377319308,0.966971772481978,0.0515981141579942,-1.0,True
p3_a5_alpha0.3_unet_w120_stride10_ptcontrastive_seed0,"{""alpha"": 0.3, ""arch"": ""a5"", ""backbone"": ""unet"", ""batch_size"": 256, ""cache_stem"": ""regress_all_filt_abcd_ntcRaw_madk1p5_spatA3"", ""epochs"": 30, ""k_consecutive"": 3, ""k_thr"": 0.7, ""lr"": 0.001, ""method"": ""P3 joint cls+quant, arch=a5, alpha=0.3"", ""n_params"": 492692, ""n_test"": 5014, ""n_train_ntc"": 5000, ""n_train_pos"": 17225, ""n_val"": 5678, ""pretrained_cls"": null, ""pretrained_encoder"": ""Analysis/quantification/methods/results/p4_ssl_contrastive_unet/pretrained.pt"", ""samples_per_min"": 15, ""seed"": 0, ""stride"": 10, ""window"": 120}",8.95599136352539,2.938948205566409,-0.194651794433591,0.3759427230677533,0.1216548895051423,-0.1999999999999999,False
p3_a5_alpha0.3_unet_w120_stride10_ptcontrastive_seed1,"{""alpha"": 0.3, ""arch"": ""a5"", ""backbone"": ""unet"", ""batch_size"": 256, ""cache_stem"": ""regress_all_filt_abcd_ntcRaw_madk1p5_spatA3"", ""epochs"": 30, ""k_consecutive"": 3, ""k_thr"": 0.7, ""lr"": 0.001, ""method"": ""P3 joint cls+quant, arch=a5, alpha=0.3"", ""n_params"": 492692, ""n_test"": 5014, ""n_train_ntc"": 5000, ""n_train_pos"": 15912, ""n_val"": 6991, ""pretrained_cls"": null, ""pretrained_encoder"": ""Analysis/quantification/methods/results/p4_ssl_contrastive_unet/pretrained.pt"", ""samples_per_min"": 15, ""seed"": 1, ""stride"": 10, ""window"": 120}",2.4658559799194335,1.8192976509094267,-1.3143023490905732,0.9837496053891144,0.1483229671858367,-1.0,True
p3_a5_alpha0.3_unet_w120_stride10_ptcontrastive_seed2,"{""alpha"": 0.3, ""arch"": ""a5"", ""backbone"": ""unet"", ""batch_size"": 256, ""cache_stem"": ""regress_all_filt_abcd_ntcRaw_madk1p5_spatA3"", ""epochs"": 30, ""k_consecutive"": 3, ""k_thr"": 0.7, ""lr"": 0.001, ""method"": ""P3 joint cls+quant, arch=a5, alpha=0.3"", ""n_params"": 492692, ""n_test"": 5014, ""n_train_ntc"": 5000, ""n_train_pos"": 17225, ""n_val"": 5678, ""pretrained_cls"": null, ""pretrained_encoder"": ""Analysis/quantification/methods/results/p4_ssl_contrastive_unet/pretrained.pt"", ""samples_per_min"": 15, ""seed"": 2, ""stride"": 10, ""window"": 120}",4.095148658752441,1.3159343276977584,-1.8176656723022415,0.9731754674383556,0.1092413235442963,-1.0,True
p3_a5_alpha0.3_unet_w120_stride10_ptcontrastive_epochs100_seed0,"{""alpha"": 0.3, ""arch"": ""a5"", ""backbone"": ""unet"", ""batch_size"": 256, ""cache_stem"": ""regress_all_filt_abcd_ntcRaw_madk1p5_spatA3"", ""epochs"": 30, ""k_consecutive"": 3, ""k_thr"": 0.7, ""lr"": 0.001, ""method"": ""P3 joint cls+quant, arch=a5, alpha=0.3"", ""n_params"": 492692, ""n_test"": 5014, ""n_train_ntc"": 5000, ""n_train_pos"": 17225, ""n_val"": 5678, ""pretrained_cls"": null, ""pretrained_encoder"": ""Analysis/quantification/methods/results/p4_ssl_contrastive_unet_epochs100/pretrained.pt"", ""samples_per_min"": 15, ""seed"": 0, ""stride"": 10, ""window"": 120}",3.1762874603271483,1.675526574707035,-1.458073425292965,0.8940416463456958,0.1070787398777523,-1.0,True
p3_a5_alpha0.3_unet_w120_stride10_ptcontrastive_epochs100_seed1,"{""alpha"": 0.3, ""arch"": ""a5"", ""backbone"": ""unet"", ""batch_size"": 256, ""cache_stem"": ""regress_all_filt_abcd_ntcRaw_madk1p5_spatA3"", ""epochs"": 30, ""k_consecutive"": 3, ""k_thr"": 0.7, ""lr"": 0.001, ""method"": ""P3 joint cls+quant, arch=a5, alpha=0.3"", ""n_params"": 492692, ""n_test"": 5014, ""n_train_ntc"": 5000, ""n_train_pos"": 15912, ""n_val"": 6991, ""pretrained_cls"": null, ""pretrained_encoder"": ""Analysis/quantification/methods/results/p4_ssl_contrastive_unet_epochs100/pretrained.pt"", ""samples_per_min"": 15, ""seed"": 1, ""stride"": 10, ""window"": 120}",4.844687652587891,2.2142922912597687,-0.9193077087402316,0.7790769647303625,0.1814606185253376,-0.8999999999999998,False
p3_a5_alpha0.3_unet_w120_stride10_ptcontrastive_epochs100_seed2,"{""alpha"": 0.3, ""arch"": ""a5"", ""backbone"": ""unet"", ""batch_size"": 256, ""cache_stem"": ""regress_all_filt_abcd_ntcRaw_madk1p5_spatA3"", ""epochs"": 30, ""k_consecutive"": 3, ""k_thr"": 0.7, ""lr"": 0.001, ""method"": ""P3 joint cls+quant, arch=a5, alpha=0.3"", ""n_params"": 492692, ""n_test"": 5014, ""n_train_ntc"": 5000, ""n_train_pos"": 17225, ""n_val"": 5678, ""pretrained_cls"": null, ""pretrained_encoder"": ""Analysis/quantification/methods/results/p4_ssl_contrastive_unet_epochs100/pretrained.pt"", ""samples_per_min"": 15, ""seed"": 2, ""stride"": 10, ""window"": 120}",1.4658254623413085,0.911392644500736,-2.222207355499264,0.982673290856106,0.161206608672551,-1.0,True
p3_a5_alpha0.3_unet_w120_stride10_ptcontrastive_epochs100_seed3,"{""alpha"": 0.3, ""arch"": ""a5"", ""backbone"": ""unet"", ""batch_size"": 256, ""cache_stem"": ""regress_all_filt_abcd_ntcRaw_madk1p5_spatA3"", ""epochs"": 30, ""k_consecutive"": 3, ""k_thr"": 0.7, ""lr"": 0.001, ""method"": ""P3 joint cls+quant, arch=a5, alpha=0.3"", ""n_params"": 492692, ""n_test"": 5014, ""n_train_ntc"": 5000, ""n_train_pos"": 15912, ""n_val"": 6991, ""pretrained_cls"": null, ""pretrained_encoder"": ""Analysis/quantification/methods/results/p4_ssl_contrastive_unet_epochs100/pretrained.pt"", ""samples_per_min"": 15, ""seed"": 3, ""stride"": 10, ""window"": 120}",4.414921569824219,1.896733239746096,-1.236866760253904,0.9777040669135224,0.0621607252669006,-1.0,True
p3_a5_alpha0.3_unet_w120_stride10_ptcontrastive_epochs100_seed4,"{""alpha"": 0.3, ""arch"": ""a5"", ""backbone"": ""unet"", ""batch_size"": 256, ""cache_stem"": ""regress_all_filt_abcd_ntcRaw_madk1p5_spatA3"", ""epochs"": 30, ""k_consecutive"": 3, ""k_thr"": 0.7, ""lr"": 0.001, ""method"": ""P3 joint cls+quant, arch=a5, alpha=0.3"", ""n_params"": 492692, ""n_test"": 5014, ""n_train_ntc"": 5000, ""n_train_pos"": 17225, ""n_val"": 5678, ""pretrained_cls"": null, ""pretrained_encoder"": ""Analysis/quantification/methods/results/p4_ssl_contrastive_unet_epochs100/pretrained.pt"", ""samples_per_min"": 15, ""seed"": 4, ""stride"": 10, ""window"": 120}",6.933763122558593,2.5766952072143585,-0.5569047927856415,0.4057845407390174,0.0796812366476883,-0.7,False
p3_a5_alpha0.3_unet_w120_stride10_ptcontrastive_tau1_seed0,"{""alpha"": 0.3, ""arch"": ""a5"", ""backbone"": ""unet"", ""batch_size"": 256, ""cache_stem"": ""regress_all_filt_abcd_ntcRaw_madk1p5_spatA3"", ""epochs"": 30, ""k_consecutive"": 3, ""k_thr"": 0.7, ""lr"": 0.001, ""method"": ""P3 joint cls+quant, arch=a5, alpha=0.3"", ""n_params"": 492692, ""n_test"": 5014, ""n_train_ntc"": 5000, ""n_train_pos"": 17225, ""n_val"": 5678, ""pretrained_cls"": null, ""pretrained_encoder"": ""Analysis/quantification/methods/results/p4_ssl_contrastive_unet_tau1/pretrained.pt"", ""samples_per_min"": 15, ""seed"": 0, ""stride"": 10, ""window"": 120}",3.205048370361328,2.448646977996828,-0.6849530220031718,0.9287926010008952,0.1556572271117136,-1.0,True
p3_a5_alpha0.3_unet_w120_stride10_ptcontrastive_tau1_seed1,"{""alpha"": 0.3, ""arch"": ""a5"", ""backbone"": ""unet"", ""batch_size"": 256, ""cache_stem"": ""regress_all_filt_abcd_ntcRaw_madk1p5_spatA3"", ""epochs"": 30, ""k_consecutive"": 3, ""k_thr"": 0.7, ""lr"": 0.001, ""method"": ""P3 joint cls+quant, arch=a5, alpha=0.3"", ""n_params"": 492692, ""n_test"": 5014, ""n_train_ntc"": 5000, ""n_train_pos"": 15912, ""n_val"": 6991, ""pretrained_cls"": null, ""pretrained_encoder"": ""Analysis/quantification/methods/results/p4_ssl_contrastive_unet_tau1/pretrained.pt"", ""samples_per_min"": 15, ""seed"": 1, ""stride"": 10, ""window"": 120}",3.923012542724609,2.2638324295043977,-0.8697675704956023,0.932263615535474,0.1112306952957554,-1.0,True
p3_a5_alpha0.3_unet_w120_stride10_ptcontrastive_tau1_seed2,"{""alpha"": 0.3, ""arch"": ""a5"", ""backbone"": ""unet"", ""batch_size"": 256, ""cache_stem"": ""regress_all_filt_abcd_ntcRaw_madk1p5_spatA3"", ""epochs"": 30, ""k_consecutive"": 3, ""k_thr"": 0.7, ""lr"": 0.001, ""method"": ""P3 joint cls+quant, arch=a5, alpha=0.3"", ""n_params"": 492692, ""n_test"": 5014, ""n_train_ntc"": 5000, ""n_train_pos"": 17225, ""n_val"": 5678, ""pretrained_cls"": null, ""pretrained_encoder"": ""Analysis/quantification/methods/results/p4_ssl_contrastive_unet_tau1/pretrained.pt"", ""samples_per_min"": 15, ""seed"": 2, ""stride"": 10, ""window"": 120}",4.320362854003906,2.4890098129272475,-0.6445901870727523,0.4952150661053899,0.1706369426789837,-0.7,False
p3_a5_alpha0.5_unet_w120_stride10_ptcontrastive_seed0,"{""alpha"": 0.5, ""arch"": ""a5"", ""backbone"": ""unet"", ""batch_size"": 256, ""cache_stem"": ""regress_all_filt_abcd_ntcRaw_madk1p5_spatA3"", ""epochs"": 30, ""k_consecutive"": 3, ""k_thr"": 0.7, ""lr"": 0.001, ""method"": ""P3 joint cls+quant, arch=a5, alpha=0.5"", ""n_params"": 492692, ""n_test"": 5014, ""n_train_ntc"": 5000, ""n_train_pos"": 17225, ""n_val"": 5678, ""pretrained_cls"": null, ""pretrained_encoder"": ""Analysis/quantification/methods/results/p4_ssl_contrastive_unet/pretrained.pt"", ""samples_per_min"": 15, ""seed"": 0, ""stride"": 10, ""window"": 120}",1.9661872863769532,1.484999612426761,-1.648600387573239,0.994714213470643,0.1002171046463882,-1.0,True
p3_a5_alpha0.5_unet_w120_stride10_ptcontrastive_seed1,"{""alpha"": 0.5, ""arch"": ""a5"", ""backbone"": ""unet"", ""batch_size"": 256, ""cache_stem"": ""regress_all_filt_abcd_ntcRaw_madk1p5_spatA3"", ""epochs"": 30, ""k_consecutive"": 3, ""k_thr"": 0.7, ""lr"": 0.001, ""method"": ""P3 joint cls+quant, arch=a5, alpha=0.5"", ""n_params"": 492692, ""n_test"": 5014, ""n_train_ntc"": 5000, ""n_train_pos"": 15912, ""n_val"": 6991, ""pretrained_cls"": null, ""pretrained_encoder"": ""Analysis/quantification/methods/results/p4_ssl_contrastive_unet/pretrained.pt"", ""samples_per_min"": 15, ""seed"": 1, ""stride"": 10, ""window"": 120}",1.8655473709106445,1.4119106803894073,-1.721689319610593,0.8875810777131375,0.1691137207672321,-1.0,True
p3_a5_alpha0.5_unet_w120_stride10_ptcontrastive_seed2,"{""alpha"": 0.5, ""arch"": ""a5"", ""backbone"": ""unet"", ""batch_size"": 256, ""cache_stem"": ""regress_all_filt_abcd_ntcRaw_madk1p5_spatA3"", ""epochs"": 30, ""k_consecutive"": 3, ""k_thr"": 0.7, ""lr"": 0.001, ""method"": ""P3 joint cls+quant, arch=a5, alpha=0.5"", ""n_params"": 492692, ""n_test"": 5014, ""n_train_ntc"": 5000, ""n_train_pos"": 17225, ""n_val"": 5678, ""pretrained_cls"": null, ""pretrained_encoder"": ""Analysis/quantification/methods/results/p4_ssl_contrastive_unet/pretrained.pt"", ""samples_per_min"": 15, ""seed"": 2, ""stride"": 10, ""window"": 120}",11.21549301147461,2.97680697784424,-0.1567930221557597,0.6201404873989715,0.0514232223704127,-0.7,False
p3_a5_alpha0.5_unet_w120_stride10_ptcontrastive_seed3,"{""alpha"": 0.5, ""arch"": ""a5"", ""backbone"": ""unet"", ""batch_size"": 256, ""cache_stem"": ""regress_all_filt_abcd_ntcRaw_madk1p5_spatA3"", ""epochs"": 30, ""k_consecutive"": 3, ""k_thr"": 0.7, ""lr"": 0.001, ""method"": ""P3 joint cls+quant, arch=a5, alpha=0.5"", ""n_params"": 492692, ""n_test"": 5014, ""n_train_ntc"": 5000, ""n_train_pos"": 15912, ""n_val"": 6991, ""pretrained_cls"": null, ""pretrained_encoder"": ""Analysis/quantification/methods/results/p4_ssl_contrastive_unet/pretrained.pt"", ""samples_per_min"": 15, ""seed"": 3, ""stride"": 10, ""window"": 120}",2.7184118270874023,2.12612328872681,-1.0074767112731902,0.925702080392252,0.0933573871375734,-0.8999999999999998,False
p3_a5_alpha0.5_unet_w120_stride10_ptcontrastive_seed4,"{""alpha"": 0.5, ""arch"": ""a5"", ""backbone"": ""unet"", ""batch_size"": 256, ""cache_stem"": ""regress_all_filt_abcd_ntcRaw_madk1p5_spatA3"", ""epochs"": 30, ""k_consecutive"": 3, ""k_thr"": 0.7, ""lr"": 0.001, ""method"": ""P3 joint cls+quant, arch=a5, alpha=0.5"", ""n_params"": 492692, ""n_test"": 5014, ""n_train_ntc"": 5000, ""n_train_pos"": 17225, ""n_val"": 5678, ""pretrained_cls"": null, ""pretrained_encoder"": ""Analysis/quantification/methods/results/p4_ssl_contrastive_unet/pretrained.pt"", ""samples_per_min"": 15, ""seed"": 4, ""stride"": 10, ""window"": 120}",5.025869369506836,3.46851439819336,0.3349143981933602,0.2875955289771764,0.2356275170572378,0.6,False
p3_a5_alpha0.5_unet_w120_stride10_ptcontrastive_epochs100_seed0,"{""alpha"": 0.5, ""arch"": ""a5"", ""backbone"": ""unet"", ""batch_size"": 256, ""cache_stem"": ""regress_all_filt_abcd_ntcRaw_madk1p5_spatA3"", ""epochs"": 30, ""k_consecutive"": 3, ""k_thr"": 0.7, ""lr"": 0.001, ""method"": ""P3 joint cls+quant, arch=a5, alpha=0.5"", ""n_params"": 492692, ""n_test"": 5014, ""n_train_ntc"": 5000, ""n_train_pos"": 17225, ""n_val"": 5678, ""pretrained_cls"": null, ""pretrained_encoder"": ""Analysis/quantification/methods/results/p4_ssl_contrastive_unet_epochs100/pretrained.pt"", ""samples_per_min"": 15, ""seed"": 0, ""stride"": 10, ""window"": 120}",11.524671173095705,3.133600381469729,3.814697292357405e-07,0.5,1.6168004673052548e-07,0.7071067811865475,False
p3_a5_alpha0.5_unet_w120_stride10_ptcontrastive_epochs100_seed1,"{""alpha"": 0.5, ""arch"": ""a5"", ""backbone"": ""unet"", ""batch_size"": 256, ""cache_stem"": ""regress_all_filt_abcd_ntcRaw_madk1p5_spatA3"", ""epochs"": 30, ""k_consecutive"": 3, ""k_thr"": 0.7, ""lr"": 0.001, ""method"": ""P3 joint cls+quant, arch=a5, alpha=0.5"", ""n_params"": 492692, ""n_test"": 5014, ""n_train_ntc"": 5000, ""n_train_pos"": 15912, ""n_val"": 6991, ""pretrained_cls"": null, ""pretrained_encoder"": ""Analysis/quantification/methods/results/p4_ssl_contrastive_unet_epochs100/pretrained.pt"", ""samples_per_min"": 15, ""seed"": 1, ""stride"": 10, ""window"": 120}",2.809103012084961,2.339323190307619,-0.7942768096923812,0.6686140951945277,0.2042551330552104,-0.8999999999999998,False
p3_a5_alpha0.5_unet_w120_stride10_ptcontrastive_epochs100_seed2,"{""alpha"": 0.5, ""arch"": ""a5"", ""backbone"": ""unet"", ""batch_size"": 256, ""cache_stem"": ""regress_all_filt_abcd_ntcRaw_madk1p5_spatA3"", ""epochs"": 30, ""k_consecutive"": 3, ""k_thr"": 0.7, ""lr"": 0.001, ""method"": ""P3 joint cls+quant, arch=a5, alpha=0.5"", ""n_params"": 492692, ""n_test"": 5014, ""n_train_ntc"": 5000, ""n_train_pos"": 17225, ""n_val"": 5678, ""pretrained_cls"": null, ""pretrained_encoder"": ""Analysis/quantification/methods/results/p4_ssl_contrastive_unet_epochs100/pretrained.pt"", ""samples_per_min"": 15, ""seed"": 2, ""stride"": 10, ""window"": 120}",11.524671173095705,3.133600381469729,3.814697292357405e-07,0.5,1.6168004673052548e-07,0.7071067811865475,False
p3_a5_alpha0.5_unet_w120_stride10_ptcontrastive_tau1_seed0,"{""alpha"": 0.5, ""arch"": ""a5"", ""backbone"": ""unet"", ""batch_size"": 256, ""cache_stem"": ""regress_all_filt_abcd_ntcRaw_madk1p5_spatA3"", ""epochs"": 30, ""k_consecutive"": 3, ""k_thr"": 0.7, ""lr"": 0.001, ""method"": ""P3 joint cls+quant, arch=a5, alpha=0.5"", ""n_params"": 492692, ""n_test"": 5014, ""n_train_ntc"": 5000, ""n_train_pos"": 17225, ""n_val"": 5678, ""pretrained_cls"": null, ""pretrained_encoder"": ""Analysis/quantification/methods/results/p4_ssl_contrastive_unet_tau1/pretrained.pt"", ""samples_per_min"": 15, ""seed"": 0, ""stride"": 10, ""window"": 120}",2.0842527389526366,1.5681750808715846,-1.5654249191284153,0.9981211979196372,0.0462461676037238,-1.0,True
p3_a5_alpha0.5_unet_w120_stride10_ptcontrastive_tau1_seed1,"{""alpha"": 0.5, ""arch"": ""a5"", ""backbone"": ""unet"", ""batch_size"": 256, ""cache_stem"": ""regress_all_filt_abcd_ntcRaw_madk1p5_spatA3"", ""epochs"": 30, ""k_consecutive"": 3, ""k_thr"": 0.7, ""lr"": 0.001, ""method"": ""P3 joint cls+quant, arch=a5, alpha=0.5"", ""n_params"": 492692, ""n_test"": 5014, ""n_train_ntc"": 5000, ""n_train_pos"": 15912, ""n_val"": 6991, ""pretrained_cls"": null, ""pretrained_encoder"": ""Analysis/quantification/methods/results/p4_ssl_contrastive_unet_tau1/pretrained.pt"", ""samples_per_min"": 15, ""seed"": 1, ""stride"": 10, ""window"": 120}",3.247432518005371,2.0423178230285677,-1.0912821769714325,0.9743512602576324,0.1046308508937688,-1.0,True
p3_a5_alpha0.5_unet_w120_stride10_ptcontrastive_tau1_seed2,"{""alpha"": 0.5, ""arch"": ""a5"", ""backbone"": ""unet"", ""batch_size"": 256, ""cache_stem"": ""regress_all_filt_abcd_ntcRaw_madk1p5_spatA3"", ""epochs"": 30, ""k_consecutive"": 3, ""k_thr"": 0.7, ""lr"": 0.001, ""method"": ""P3 joint cls+quant, arch=a5, alpha=0.5"", ""n_params"": 492692, ""n_test"": 5014, ""n_train_ntc"": 5000, ""n_train_pos"": 17225, ""n_val"": 5678, ""pretrained_cls"": null, ""pretrained_encoder"": ""Analysis/quantification/methods/results/p4_ssl_contrastive_unet_tau1/pretrained.pt"", ""samples_per_min"": 15, ""seed"": 2, ""stride"": 10, ""window"": 120}",4.825885009765625,2.277460054016115,-0.8561399459838847,0.4188062050778649,0.1312907866291791,-0.7,False
p4_masked_cnn_gru_par_frozen_fa_seed0,"{""backbone"": ""cnn_gru_par"", ""batch_size"": 64, ""device"": ""cuda"", ""downstream"": ""fa"", ""epochs"": 30, ""k_consecutive"": 3, ""k_thr"": 0.7, ""lr"": 0.001, ""objective"": ""masked"", ""protocol"": ""frozen"", ""seed"": 0, ""stride"": 10, ""window"": 120}",3.502592086791992,2.669187310791018,-0.4644126892089822,0.3051777998519828,0.154590337570933,-0.6,False
p4_masked_cnn_gru_par_frozen_fa_seed1,"{""backbone"": ""cnn_gru_par"", ""batch_size"": 64, ""device"": ""cuda"", ""downstream"": ""fa"", ""epochs"": 30, ""k_consecutive"": 3, ""k_thr"": 0.7, ""lr"": 0.001, ""objective"": ""masked"", ""protocol"": ""frozen"", ""seed"": 1, ""stride"": 10, ""window"": 120}",3.176852226257324,2.4381587539672873,-0.6954412460327127,0.9669698782989878,0.2291441485372565,-1.0,True
p4_masked_cnn_gru_par_frozen_fa_seed2,"{""backbone"": ""cnn_gru_par"", ""batch_size"": 64, ""device"": ""cuda"", ""downstream"": ""fa"", ""epochs"": 30, ""k_consecutive"": 3, ""k_thr"": 0.7, ""lr"": 0.001, ""objective"": ""masked"", ""protocol"": ""frozen"", ""seed"": 2, ""stride"": 10, ""window"": 120}",3.494108200073242,2.6612895523071316,-0.4723104476928682,0.3140046146393463,0.1543232424517509,-0.6,False
p4_masked_cnn_gru_par_frozen_fb_seed0,"{""backbone"": ""cnn_gru_par"", ""batch_size"": 64, ""device"": ""cuda"", ""downstream"": ""fb"", ""epochs"": 30, ""k_consecutive"": 3, ""k_thr"": 0.7, ""lr"": 0.001, ""objective"": ""masked"", ""protocol"": ""frozen"", ""seed"": 0, ""stride"": 10, ""window"": 120}",4.203085327148438,2.7727555786132836,-0.3608444213867164,0.6676594069765523,0.156155246269383,-0.7,False
p4_masked_cnn_gru_par_frozen_fb_seed1,"{""backbone"": ""cnn_gru_par"", ""batch_size"": 64, ""device"": ""cuda"", ""downstream"": ""fb"", ""epochs"": 30, ""k_consecutive"": 3, ""k_thr"": 0.7, ""lr"": 0.001, ""objective"": ""masked"", ""protocol"": ""frozen"", ""seed"": 1, ""stride"": 10, ""window"": 120}",6.380071640014648,2.899319223022463,-0.2342807769775369,0.2236999495278285,0.1502678141430644,-0.4999999999999999,False
p4_masked_cnn_gru_par_frozen_fb_seed2,"{""backbone"": ""cnn_gru_par"", ""batch_size"": 64, ""device"": ""cuda"", ""downstream"": ""fb"", ""epochs"": 30, ""k_consecutive"": 3, ""k_thr"": 0.7, ""lr"": 0.001, ""objective"": ""masked"", ""protocol"": ""frozen"", ""seed"": 2, ""stride"": 10, ""window"": 120}",4.237629699707031,2.7756839309692407,-0.3579160690307594,0.6395419883083564,0.1598170578652422,-0.7,False
p4_masked_cnn_gru_par_fullft_fa_seed0,"{""backbone"": ""cnn_gru_par"", ""batch_size"": 64, ""device"": ""cuda"", ""downstream"": ""fa"", ""epochs"": 30, ""k_consecutive"": 3, ""k_thr"": 0.7, ""lr"": 0.001, ""objective"": ""masked"", ""protocol"": ""fullft"", ""seed"": 0, ""stride"": 10, ""window"": 120}",3.8417293548583986,3.126127866363527,-0.0074721336364729,0.0002251591830669,0.1723188007059567,-0.3,False
p4_masked_cnn_gru_par_fullft_fa_seed1,"{""backbone"": ""cnn_gru_par"", ""batch_size"": 64, ""device"": ""cuda"", ""downstream"": ""fa"", ""epochs"": 30, ""k_consecutive"": 3, ""k_thr"": 0.7, ""lr"": 0.001, ""objective"": ""masked"", ""protocol"": ""fullft"", ""seed"": 1, ""stride"": 10, ""window"": 120}",3.8054004669189454,3.1667988334655783,0.0331988334655785,0.002214981645873,0.2085072198309553,0.0999999999999999,False
p4_masked_cnn_gru_par_fullft_fa_seed2,"{""backbone"": ""cnn_gru_par"", ""batch_size"": 64, ""device"": ""cuda"", ""downstream"": ""fa"", ""epochs"": 30, ""k_consecutive"": 3, ""k_thr"": 0.7, ""lr"": 0.001, ""objective"": ""masked"", ""protocol"": ""fullft"", ""seed"": 2, ""stride"": 10, ""window"": 120}",4.824778366088867,3.2830610786437995,0.1494610786437995,0.5059108696953759,0.1694700209503661,0.6,False
p4_masked_cnn_gru_par_fullft_fb_seed0,"{""backbone"": ""cnn_gru_par"", ""batch_size"": 64, ""device"": ""cuda"", ""downstream"": ""fb"", ""epochs"": 30, ""k_consecutive"": 3, ""k_thr"": 0.7, ""lr"": 0.001, ""objective"": ""masked"", ""protocol"": ""fullft"", ""seed"": 0, ""stride"": 10, ""window"": 120}",3.0443984985351564,2.4921559844970735,-0.6414440155029266,0.6048764020738273,0.0956161242679619,-0.7,False
p4_masked_cnn_gru_par_fullft_fb_seed1,"{""backbone"": ""cnn_gru_par"", ""batch_size"": 64, ""device"": ""cuda"", ""downstream"": ""fb"", ""epochs"": 30, ""k_consecutive"": 3, ""k_thr"": 0.7, ""lr"": 0.001, ""objective"": ""masked"", ""protocol"": ""fullft"", ""seed"": 1, ""stride"": 10, ""window"": 120}",2.401895523071289,1.8750720535278351,-1.2585279464721646,0.999773491921158,0.1026403019440141,-1.0,True
p4_masked_cnn_gru_par_fullft_fb_seed2,"{""backbone"": ""cnn_gru_par"", ""batch_size"": 64, ""device"": ""cuda"", ""downstream"": ""fb"", ""epochs"": 30, ""k_consecutive"": 3, ""k_thr"": 0.7, ""lr"": 0.001, ""objective"": ""masked"", ""protocol"": ""fullft"", ""seed"": 2, ""stride"": 10, ""window"": 120}",3.100005340576172,2.399105409240725,-0.7344945907592749,0.7571633108619193,0.113235471574247,-0.7,False
p4_masked_gru_frozen_fa_seed0,"{""backbone"": ""gru"", ""batch_size"": 64, ""device"": ""cuda"", ""downstream"": ""fa"", ""epochs"": 30, ""k_consecutive"": 3, ""k_thr"": 0.7, ""lr"": 0.001, ""objective"": ""masked"", ""protocol"": ""frozen"", ""seed"": 0, ""stride"": 10, ""window"": 120}",5.078321838378907,3.5232935462951667,0.3896935462951665,0.4429911410064614,0.2116832634902938,0.6,False
p4_masked_gru_frozen_fa_seed1,"{""backbone"": ""gru"", ""batch_size"": 64, ""device"": ""cuda"", ""downstream"": ""fa"", ""epochs"": 30, ""k_consecutive"": 3, ""k_thr"": 0.7, ""lr"": 0.001, ""objective"": ""masked"", ""protocol"": ""frozen"", ""seed"": 1, ""stride"": 10, ""window"": 120}",3.0924652099609373,2.561328939056399,-0.572271060943601,0.631535805293872,0.1922986575140162,-0.6,False
p4_masked_gru_frozen_fa_seed2,"{""backbone"": ""gru"", ""batch_size"": 64, ""device"": ""cuda"", ""downstream"": ""fa"", ""epochs"": 30, ""k_consecutive"": 3, ""k_thr"": 0.7, ""lr"": 0.001, ""objective"": ""masked"", ""protocol"": ""frozen"", ""seed"": 2, ""stride"": 10, ""window"": 120}",5.0824424743652346,3.5233727966308597,0.3897727966308596,0.4436559600329541,0.2119655009412371,0.6,False
p4_masked_gru_frozen_fb_seed0,"{""backbone"": ""gru"", ""batch_size"": 64, ""device"": ""cuda"", ""downstream"": ""fb"", ""epochs"": 30, ""k_consecutive"": 3, ""k_thr"": 0.7, ""lr"": 0.001, ""objective"": ""masked"", ""protocol"": ""frozen"", ""seed"": 0, ""stride"": 10, ""window"": 120}",3.3490161895751953,2.6054475341796905,-0.5281524658203095,0.7768488078970561,0.1717745033378103,-0.8999999999999998,False
p4_masked_gru_frozen_fb_seed1,"{""backbone"": ""gru"", ""batch_size"": 64, ""device"": ""cuda"", ""downstream"": ""fb"", ""epochs"": 30, ""k_consecutive"": 3, ""k_thr"": 0.7, ""lr"": 0.001, ""objective"": ""masked"", ""protocol"": ""frozen"", ""seed"": 1, ""stride"": 10, ""window"": 120}",4.291659927368164,3.1535857711791997,0.0199857711791998,0.0031347636138732,0.206413223904955,0.0,False
p4_masked_gru_frozen_fb_seed2,"{""backbone"": ""gru"", ""batch_size"": 64, ""device"": ""cuda"", ""downstream"": ""fb"", ""epochs"": 30, ""k_consecutive"": 3, ""k_thr"": 0.7, ""lr"": 0.001, ""objective"": ""masked"", ""protocol"": ""frozen"", ""seed"": 2, ""stride"": 10, ""window"": 120}",3.291813850402832,2.5766127143859876,-0.5569872856140126,0.7962182591707851,0.1677756634350272,-0.8999999999999998,False
p4_masked_gru_fullft_fa_seed0,"{""backbone"": ""gru"", ""batch_size"": 64, ""device"": ""cuda"", ""downstream"": ""fa"", ""epochs"": 30, ""k_consecutive"": 3, ""k_thr"": 0.7, ""lr"": 0.001, ""objective"": ""masked"", ""protocol"": ""fullft"", ""seed"": 0, ""stride"": 10, ""window"": 120}",2.3078229904174803,1.753227761840825,-1.380372238159175,0.6875309742179798,0.5431976530692028,-0.8999999999999998,False
p4_masked_gru_fullft_fa_seed1,"{""backbone"": ""gru"", ""batch_size"": 64, ""device"": ""cuda"", ""downstream"": ""fa"", ""epochs"": 30, ""k_consecutive"": 3, ""k_thr"": 0.7, ""lr"": 0.001, ""objective"": ""masked"", ""protocol"": ""fullft"", ""seed"": 1, ""stride"": 10, ""window"": 120}",4.011417388916016,3.293030027008057,0.1594300270080571,0.2798098111329981,0.06729265294401,0.0,False
p4_masked_gru_fullft_fa_seed2,"{""backbone"": ""gru"", ""batch_size"": 64, ""device"": ""cuda"", ""downstream"": ""fa"", ""epochs"": 30, ""k_consecutive"": 3, ""k_thr"": 0.7, ""lr"": 0.001, ""objective"": ""masked"", ""protocol"": ""fullft"", ""seed"": 2, ""stride"": 10, ""window"": 120}",4.783657646179199,3.239589551544191,0.1059895515441907,0.0179219350548264,0.237532822472456,0.0999999999999999,False
p4_masked_gru_fullft_fb_seed0,"{""backbone"": ""gru"", ""batch_size"": 64, ""device"": ""cuda"", ""downstream"": ""fb"", ""epochs"": 30, ""k_consecutive"": 3, ""k_thr"": 0.7, ""lr"": 0.001, ""objective"": ""masked"", ""protocol"": ""fullft"", ""seed"": 0, ""stride"": 10, ""window"": 120}",2.7379302978515625,2.283146527862552,-0.8504534721374478,0.8530664818309835,0.0893020100276454,-0.8999999999999998,False
p4_masked_gru_fullft_fb_seed1,"{""backbone"": ""gru"", ""batch_size"": 64, ""device"": ""cuda"", ""downstream"": ""fb"", ""epochs"": 30, ""k_consecutive"": 3, ""k_thr"": 0.7, ""lr"": 0.001, ""objective"": ""masked"", ""protocol"": ""fullft"", ""seed"": 1, ""stride"": 10, ""window"": 120}",3.110782432556152,2.5920995269775413,-0.5415004730224586,0.83089189568727,0.1435076212995684,-1.0,True
p4_masked_gru_fullft_fb_seed2,"{""backbone"": ""gru"", ""batch_size"": 64, ""device"": ""cuda"", ""downstream"": ""fb"", ""epochs"": 30, ""k_consecutive"": 3, ""k_thr"": 0.7, ""lr"": 0.001, ""objective"": ""masked"", ""protocol"": ""fullft"", ""seed"": 2, ""stride"": 10, ""window"": 120}",2.7879217147827147,2.298474267578128,-0.8351257324218715,0.8102996824012832,0.083891872510183,-0.8999999999999998,False
p4_masked_unet_frozen_fa_seed0,"{""backbone"": ""unet"", ""batch_size"": 64, ""device"": ""cuda"", ""downstream"": ""fa"", ""epochs"": 30, ""k_consecutive"": 3, ""k_thr"": 0.7, ""lr"": 0.001, ""objective"": ""masked"", ""protocol"": ""frozen"", ""seed"": 0, ""stride"": 10, ""window"": 120}",5.311287307739258,3.980144933319092,0.846544933319092,0.9281796690236432,0.3058760409158853,1.0,False
p4_masked_unet_frozen_fa_seed1,"{""backbone"": ""unet"", ""batch_size"": 64, ""device"": ""cuda"", ""downstream"": ""fa"", ""epochs"": 30, ""k_consecutive"": 3, ""k_thr"": 0.7, ""lr"": 0.001, ""objective"": ""masked"", ""protocol"": ""frozen"", ""seed"": 1, ""stride"": 10, ""window"": 120}",4.603676223754883,3.25481686935425,0.1212168693542497,0.023082664525447,0.2334686986754233,-0.0999999999999999,False
p4_masked_unet_frozen_fa_seed2,"{""backbone"": ""unet"", ""batch_size"": 64, ""device"": ""cuda"", ""downstream"": ""fa"", ""epochs"": 30, ""k_consecutive"": 3, ""k_thr"": 0.7, ""lr"": 0.001, ""objective"": ""masked"", ""protocol"": ""frozen"", ""seed"": 2, ""stride"": 10, ""window"": 120}",5.2689666748046875,3.895119622802734,0.7615196228027342,0.9439156240470415,0.3081517871067721,1.0,False
p4_masked_unet_frozen_fb_seed0,"{""backbone"": ""unet"", ""batch_size"": 64, ""device"": ""cuda"", ""downstream"": ""fb"", ""epochs"": 30, ""k_consecutive"": 3, ""k_thr"": 0.7, ""lr"": 0.001, ""objective"": ""masked"", ""protocol"": ""frozen"", ""seed"": 0, ""stride"": 10, ""window"": 120}",3.7155691146850582,2.9770720993042006,-0.1565279006957995,0.5227617070588265,0.0453598246332582,-0.7,False
p4_masked_unet_frozen_fb_seed1,"{""backbone"": ""unet"", ""batch_size"": 64, ""device"": ""cuda"", ""downstream"": ""fb"", ""epochs"": 30, ""k_consecutive"": 3, ""k_thr"": 0.7, ""lr"": 0.001, ""objective"": ""masked"", ""protocol"": ""frozen"", ""seed"": 1, ""stride"": 10, ""window"": 120}",4.848938369750977,3.1061416183471695,-0.0274583816528306,0.0025771622614089,0.0466151013589544,0.0,False
p4_masked_unet_frozen_fb_seed2,"{""backbone"": ""unet"", ""batch_size"": 64, ""device"": ""cuda"", ""downstream"": ""fb"", ""epochs"": 30, ""k_consecutive"": 3, ""k_thr"": 0.7, ""lr"": 0.001, ""objective"": ""masked"", ""protocol"": ""frozen"", ""seed"": 2, ""stride"": 10, ""window"": 120}",3.70446891784668,2.979196408843996,-0.1544035911560038,0.4835272425881838,0.0462866544052105,-0.7,False
p4_masked_unet_fullft_fa_seed0,"{""backbone"": ""unet"", ""batch_size"": 64, ""device"": ""cuda"", ""downstream"": ""fa"", ""epochs"": 30, ""k_consecutive"": 3, ""k_thr"": 0.7, ""lr"": 0.001, ""objective"": ""masked"", ""protocol"": ""fullft"", ""seed"": 0, ""stride"": 10, ""window"": 120}",2.6776363372802736,1.9394652877807652,-1.1941347122192347,0.9131311949409476,0.0972066886014159,-1.0,True
p4_masked_unet_fullft_fa_seed1,"{""backbone"": ""unet"", ""batch_size"": 64, ""device"": ""cuda"", ""downstream"": ""fa"", ""epochs"": 30, ""k_consecutive"": 3, ""k_thr"": 0.7, ""lr"": 0.001, ""objective"": ""masked"", ""protocol"": ""fullft"", ""seed"": 1, ""stride"": 10, ""window"": 120}",2.757016372680664,1.7815487419128446,-1.352051258087155,0.8224037514275134,0.0719483003670993,-1.0,True
p4_masked_unet_fullft_fa_seed2,"{""backbone"": ""unet"", ""batch_size"": 64, ""device"": ""cuda"", ""downstream"": ""fa"", ""epochs"": 30, ""k_consecutive"": 3, ""k_thr"": 0.7, ""lr"": 0.001, ""objective"": ""masked"", ""protocol"": ""fullft"", ""seed"": 2, ""stride"": 10, ""window"": 120}",2.940382385253906,1.8317834411621112,-1.3018165588378885,0.7930995800692682,0.0660131596247,-1.0,True
p4_masked_unet_fullft_fb_seed0,"{""backbone"": ""unet"", ""batch_size"": 64, ""device"": ""cuda"", ""downstream"": ""fb"", ""epochs"": 30, ""k_consecutive"": 3, ""k_thr"": 0.7, ""lr"": 0.001, ""objective"": ""masked"", ""protocol"": ""fullft"", ""seed"": 0, ""stride"": 10, ""window"": 120}",2.22896957397461,1.6948528800964384,-1.4387471199035615,0.9906141763515413,0.0842392024264833,-1.0,True
p4_masked_unet_fullft_fb_seed1,"{""backbone"": ""unet"", ""batch_size"": 64, ""device"": ""cuda"", ""downstream"": ""fb"", ""epochs"": 30, ""k_consecutive"": 3, ""k_thr"": 0.7, ""lr"": 0.001, ""objective"": ""masked"", ""protocol"": ""fullft"", ""seed"": 1, ""stride"": 10, ""window"": 120}",2.7210870742797852,2.239665750122072,-0.8939342498779278,0.9471290907511174,0.1102012022595949,-1.0,True
p4_masked_unet_fullft_fb_seed2,"{""backbone"": ""unet"", ""batch_size"": 64, ""device"": ""cuda"", ""downstream"": ""fb"", ""epochs"": 30, ""k_consecutive"": 3, ""k_thr"": 0.7, ""lr"": 0.001, ""objective"": ""masked"", ""protocol"": ""fullft"", ""seed"": 2, ""stride"": 10, ""window"": 120}",2.5723737716674804,1.949256471252444,-1.184343528747556,0.9410020429757112,0.100267885842681,-1.0,True
p4_masked_unet_fullft_fb_seed3,"{""backbone"": ""unet"", ""batch_size"": 64, ""device"": ""cuda"", ""downstream"": ""fb"", ""epochs"": 30, ""k_consecutive"": 3, ""k_thr"": 0.7, ""lr"": 0.001, ""objective"": ""masked"", ""protocol"": ""fullft"", ""seed"": 3, ""stride"": 10, ""window"": 120}",3.0273256301879883,2.3039700065612823,-0.8296299934387176,0.95282354609225,0.1086307533354963,-1.0,True
p4_masked_unet_fullft_fb_seed4,"{""backbone"": ""unet"", ""batch_size"": 64, ""device"": ""cuda"", ""downstream"": ""fb"", ""epochs"": 30, ""k_consecutive"": 3, ""k_thr"": 0.7, ""lr"": 0.001, ""objective"": ""masked"", ""protocol"": ""fullft"", ""seed"": 4, ""stride"": 10, ""window"": 120}",2.4100976943969727,1.8192433868408249,-1.3143566131591753,0.965402851253376,0.0732709627469485,-1.0,True
p4_masked_unet_fullft_fb_epochs100_seed0,"{""backbone"": ""unet"", ""batch_size"": 64, ""device"": ""cuda"", ""downstream"": ""fb"", ""epochs"": 30, ""k_consecutive"": 3, ""k_thr"": 0.7, ""lr"": 0.001, ""objective"": ""masked"", ""pretrained_dir"": ""Analysis/quantification/methods/results/p4_ssl_masked_unet_epochs100"", ""protocol"": ""fullft"", ""seed"": 0, ""stride"": 10, ""window"": 120}",2.630155563354492,2.028245977020267,-1.1053540229797325,0.9489434663653727,0.0957455127536174,-1.0,True
p4_masked_unet_fullft_fb_epochs100_seed1,"{""backbone"": ""unet"", ""batch_size"": 64, ""device"": ""cuda"", ""downstream"": ""fb"", ""epochs"": 30, ""k_consecutive"": 3, ""k_thr"": 0.7, ""lr"": 0.001, ""objective"": ""masked"", ""pretrained_dir"": ""Analysis/quantification/methods/results/p4_ssl_masked_unet_epochs100"", ""protocol"": ""fullft"", ""seed"": 1, ""stride"": 10, ""window"": 120}",2.6312353134155275,2.0777281318664578,-1.055871868133542,0.9670143931548696,0.1033454504819081,-1.0,True
p4_masked_unet_fullft_fb_epochs100_seed2,"{""backbone"": ""unet"", ""batch_size"": 64, ""device"": ""cuda"", ""downstream"": ""fb"", ""epochs"": 30, ""k_consecutive"": 3, ""k_thr"": 0.7, ""lr"": 0.001, ""objective"": ""masked"", ""pretrained_dir"": ""Analysis/quantification/methods/results/p4_ssl_masked_unet_epochs100"", ""protocol"": ""fullft"", ""seed"": 2, ""stride"": 10, ""window"": 120}",2.906096839904785,2.1936924491882364,-0.9399075508117636,0.8883128709701877,0.1060509866073859,-0.8999999999999998,False
p4_masked_unet_fullft_fb_epochs150_seed0,"{""backbone"": ""unet"", ""batch_size"": 64, ""device"": ""cuda"", ""downstream"": ""fb"", ""epochs"": 30, ""k_consecutive"": 3, ""k_thr"": 0.7, ""lr"": 0.001, ""objective"": ""masked"", ""pretrained_dir"": ""Analysis/quantification/methods/results/p4_ssl_masked_unet_epochs150"", ""protocol"": ""fullft"", ""seed"": 0, ""stride"": 10, ""window"": 120}",2.621066093444824,2.098859456634525,-1.0347405433654748,0.826768945015057,0.1138392364102622,-0.8999999999999998,False
p4_masked_unet_fullft_fb_epochs150_seed1,"{""backbone"": ""unet"", ""batch_size"": 64, ""device"": ""cuda"", ""downstream"": ""fb"", ""epochs"": 30, ""k_consecutive"": 3, ""k_thr"": 0.7, ""lr"": 0.001, ""objective"": ""masked"", ""pretrained_dir"": ""Analysis/quantification/methods/results/p4_ssl_masked_unet_epochs150"", ""protocol"": ""fullft"", ""seed"": 1, ""stride"": 10, ""window"": 120}",3.0416933059692384,2.379572061157228,-0.7540279388427717,0.9576512052025588,0.114612323302822,-1.0,True
p4_masked_unet_fullft_fb_epochs150_seed2,"{""backbone"": ""unet"", ""batch_size"": 64, ""device"": ""cuda"", ""downstream"": ""fb"", ""epochs"": 30, ""k_consecutive"": 3, ""k_thr"": 0.7, ""lr"": 0.001, ""objective"": ""masked"", ""pretrained_dir"": ""Analysis/quantification/methods/results/p4_ssl_masked_unet_epochs150"", ""protocol"": ""fullft"", ""seed"": 2, ""stride"": 10, ""window"": 120}",2.4994075775146483,1.9685684715271017,-1.1650315284728985,0.9544976357210008,0.0796004622821199,-1.0,True
p4_contrastive_cnn_gru_par_frozen_fa_seed0,"{""backbone"": ""cnn_gru_par"", ""batch_size"": 64, ""device"": ""cuda"", ""downstream"": ""fa"", ""epochs"": 30, ""k_consecutive"": 3, ""k_thr"": 0.7, ""lr"": 0.001, ""objective"": ""contrastive"", ""protocol"": ""frozen"", ""seed"": 0, ""stride"": 10, ""window"": 120}",3.446016311645508,2.8157804046630877,-0.3178195953369122,0.2502144359243436,0.1550749995412524,-0.3999999999999999,False
p4_contrastive_cnn_gru_par_frozen_fa_seed1,"{""backbone"": ""cnn_gru_par"", ""batch_size"": 64, ""device"": ""cuda"", ""downstream"": ""fa"", ""epochs"": 30, ""k_consecutive"": 3, ""k_thr"": 0.7, ""lr"": 0.001, ""objective"": ""contrastive"", ""protocol"": ""frozen"", ""seed"": 1, ""stride"": 10, ""window"": 120}",3.6855438232421873,2.894108918762208,-0.2394910812377915,0.770160397066304,0.3152154705315985,-0.8999999999999998,False
p4_contrastive_cnn_gru_par_frozen_fa_seed2,"{""backbone"": ""cnn_gru_par"", ""batch_size"": 64, ""device"": ""cuda"", ""downstream"": ""fa"", ""epochs"": 30, ""k_consecutive"": 3, ""k_thr"": 0.7, ""lr"": 0.001, ""objective"": ""contrastive"", ""protocol"": ""frozen"", ""seed"": 2, ""stride"": 10, ""window"": 120}",3.473950004577637,2.8051168952941916,-0.3284831047058084,0.2657263694316314,0.1529960169168812,-0.3999999999999999,False
p4_contrastive_cnn_gru_par_frozen_fb_seed0,"{""backbone"": ""cnn_gru_par"", ""batch_size"": 64, ""device"": ""cuda"", ""downstream"": ""fb"", ""epochs"": 30, ""k_consecutive"": 3, ""k_thr"": 0.7, ""lr"": 0.001, ""objective"": ""contrastive"", ""protocol"": ""frozen"", ""seed"": 0, ""stride"": 10, ""window"": 120}",2.8465524673461915,2.1738330398559595,-0.9597669601440404,0.9648749392910198,0.0491775513099869,-1.0,True
p4_contrastive_cnn_gru_par_frozen_fb_seed1,"{""backbone"": ""cnn_gru_par"", ""batch_size"": 64, ""device"": ""cuda"", ""downstream"": ""fb"", ""epochs"": 30, ""k_consecutive"": 3, ""k_thr"": 0.7, ""lr"": 0.001, ""objective"": ""contrastive"", ""protocol"": ""frozen"", ""seed"": 1, ""stride"": 10, ""window"": 120}",4.383757019042969,2.642146447753908,-0.491453552246092,0.58888494492884,0.1116071695465229,-0.8999999999999998,False
p4_contrastive_cnn_gru_par_frozen_fb_seed2,"{""backbone"": ""cnn_gru_par"", ""batch_size"": 64, ""device"": ""cuda"", ""downstream"": ""fb"", ""epochs"": 30, ""k_consecutive"": 3, ""k_thr"": 0.7, ""lr"": 0.001, ""objective"": ""contrastive"", ""protocol"": ""frozen"", ""seed"": 2, ""stride"": 10, ""window"": 120}",2.8418804168701173,2.177877381896975,-0.9557226181030244,0.9657311940463198,0.0499997105864514,-1.0,True
p4_contrastive_cnn_gru_par_fullft_fa_seed0,"{""backbone"": ""cnn_gru_par"", ""batch_size"": 64, ""device"": ""cuda"", ""downstream"": ""fa"", ""epochs"": 30, ""k_consecutive"": 3, ""k_thr"": 0.7, ""lr"": 0.001, ""objective"": ""contrastive"", ""protocol"": ""fullft"", ""seed"": 0, ""stride"": 10, ""window"": 120}",5.767607307434082,3.08525195465088,-0.0483480453491199,0.2543444258562525,0.0896072670121898,-0.7,False
p4_contrastive_cnn_gru_par_fullft_fa_seed1,"{""backbone"": ""cnn_gru_par"", ""batch_size"": 64, ""device"": ""cuda"", ""downstream"": ""fa"", ""epochs"": 30, ""k_consecutive"": 3, ""k_thr"": 0.7, ""lr"": 0.001, ""objective"": ""contrastive"", ""protocol"": ""fullft"", ""seed"": 1, ""stride"": 10, ""window"": 120}",4.5009454727172855,3.0659593139648447,-0.0676406860351554,0.5819789396584665,0.1009954889853885,-0.8999999999999998,False
p4_contrastive_cnn_gru_par_fullft_fa_seed2,"{""backbone"": ""cnn_gru_par"", ""batch_size"": 64, ""device"": ""cuda"", ""downstream"": ""fa"", ""epochs"": 30, ""k_consecutive"": 3, ""k_thr"": 0.7, ""lr"": 0.001, ""objective"": ""contrastive"", ""protocol"": ""fullft"", ""seed"": 2, ""stride"": 10, ""window"": 120}",5.704988479614258,3.126859716033936,-0.0067402839660636,0.006876703289914,0.0881549434518058,-0.3,False
p4_contrastive_cnn_gru_par_fullft_fb_seed0,"{""backbone"": ""cnn_gru_par"", ""batch_size"": 64, ""device"": ""cuda"", ""downstream"": ""fb"", ""epochs"": 30, ""k_consecutive"": 3, ""k_thr"": 0.7, ""lr"": 0.001, ""objective"": ""contrastive"", ""protocol"": ""fullft"", ""seed"": 0, ""stride"": 10, ""window"": 120}",2.7678171157836915,2.2370991264343294,-0.8965008735656707,0.7456944812325046,0.0984552426797041,-0.8999999999999998,False
p4_contrastive_cnn_gru_par_fullft_fb_seed1,"{""backbone"": ""cnn_gru_par"", ""batch_size"": 64, ""device"": ""cuda"", ""downstream"": ""fb"", ""epochs"": 30, ""k_consecutive"": 3, ""k_thr"": 0.7, ""lr"": 0.001, ""objective"": ""contrastive"", ""protocol"": ""fullft"", ""seed"": 1, ""stride"": 10, ""window"": 120}",2.6464271545410156,2.172084287261966,-0.9615157127380336,0.8841885118327959,0.1304740160498077,-0.8999999999999998,False
p4_contrastive_cnn_gru_par_fullft_fb_seed2,"{""backbone"": ""cnn_gru_par"", ""batch_size"": 64, ""device"": ""cuda"", ""downstream"": ""fb"", ""epochs"": 30, ""k_consecutive"": 3, ""k_thr"": 0.7, ""lr"": 0.001, ""objective"": ""contrastive"", ""protocol"": ""fullft"", ""seed"": 2, ""stride"": 10, ""window"": 120}",2.7861583709716795,2.282989362335208,-0.8506106376647923,0.6923756898309226,0.1900164715390875,-0.7,False
p4_contrastive_gru_frozen_fa_seed0,"{""backbone"": ""gru"", ""batch_size"": 64, ""device"": ""cuda"", ""downstream"": ""fa"", ""epochs"": 30, ""k_consecutive"": 3, ""k_thr"": 0.7, ""lr"": 0.001, ""objective"": ""contrastive"", ""protocol"": ""frozen"", ""seed"": 0, ""stride"": 10, ""window"": 120}",4.5035144805908205,3.344331697082521,0.2107316970825209,0.3883118871479571,0.1131622657533133,0.6,False
p4_contrastive_gru_frozen_fa_seed1,"{""backbone"": ""gru"", ""batch_size"": 64, ""device"": ""cuda"", ""downstream"": ""fa"", ""epochs"": 30, ""k_consecutive"": 3, ""k_thr"": 0.7, ""lr"": 0.001, ""objective"": ""contrastive"", ""protocol"": ""frozen"", ""seed"": 1, ""stride"": 10, ""window"": 120}",4.01856575012207,3.1639688049316423,0.0303688049316422,0.0063884440039075,0.1008422764742134,0.0,False
p4_contrastive_gru_frozen_fa_seed2,"{""backbone"": ""gru"", ""batch_size"": 64, ""device"": ""cuda"", ""downstream"": ""fa"", ""epochs"": 30, ""k_consecutive"": 3, ""k_thr"": 0.7, ""lr"": 0.001, ""objective"": ""contrastive"", ""protocol"": ""frozen"", ""seed"": 2, ""stride"": 10, ""window"": 120}",4.506642150878906,3.3415690933227555,0.2079690933227556,0.3816467579720145,0.1117508568967885,0.6,False
p4_contrastive_gru_frozen_fb_seed0,"{""backbone"": ""gru"", ""batch_size"": 64, ""device"": ""cuda"", ""downstream"": ""fb"", ""epochs"": 30, ""k_consecutive"": 3, ""k_thr"": 0.7, ""lr"": 0.001, ""objective"": ""contrastive"", ""protocol"": ""frozen"", ""seed"": 0, ""stride"": 10, ""window"": 120}",2.681114196777344,2.1125869308471703,-1.0210130691528294,0.9911244571557444,0.1095304530027633,-1.0,True
p4_contrastive_gru_frozen_fb_seed1,"{""backbone"": ""gru"", ""batch_size"": 64, ""device"": ""cuda"", ""downstream"": ""fb"", ""epochs"": 30, ""k_consecutive"": 3, ""k_thr"": 0.7, ""lr"": 0.001, ""objective"": ""contrastive"", ""protocol"": ""frozen"", ""seed"": 1, ""stride"": 10, ""window"": 120}",6.1970172882080075,3.5973311935424817,0.4637311935424816,0.5058349688290786,0.1913695241377863,0.4999999999999999,False
p4_contrastive_gru_frozen_fb_seed2,"{""backbone"": ""gru"", ""batch_size"": 64, ""device"": ""cuda"", ""downstream"": ""fb"", ""epochs"": 30, ""k_consecutive"": 3, ""k_thr"": 0.7, ""lr"": 0.001, ""objective"": ""contrastive"", ""protocol"": ""frozen"", ""seed"": 2, ""stride"": 10, ""window"": 120}",2.691157913208008,2.1434640441894564,-0.9901359558105434,0.9894519591974842,0.1088724601301917,-1.0,True
p4_contrastive_gru_fullft_fa_seed0,"{""backbone"": ""gru"", ""batch_size"": 64, ""device"": ""cuda"", ""downstream"": ""fa"", ""epochs"": 30, ""k_consecutive"": 3, ""k_thr"": 0.7, ""lr"": 0.001, ""objective"": ""contrastive"", ""protocol"": ""fullft"", ""seed"": 0, ""stride"": 10, ""window"": 120}",3.958941841125488,3.0932953392028826,-0.0403046607971173,0.0029828770121439,0.1679589451476974,-0.3,False
p4_contrastive_gru_fullft_fa_seed1,"{""backbone"": ""gru"", ""batch_size"": 64, ""device"": ""cuda"", ""downstream"": ""fa"", ""epochs"": 30, ""k_consecutive"": 3, ""k_thr"": 0.7, ""lr"": 0.001, ""objective"": ""contrastive"", ""protocol"": ""fullft"", ""seed"": 1, ""stride"": 10, ""window"": 120}",4.6138660430908205,3.6456837211608897,0.5120837211608893,0.4186871283883695,0.1812110258353253,0.6,False
p4_contrastive_gru_fullft_fa_seed2,"{""backbone"": ""gru"", ""batch_size"": 64, ""device"": ""cuda"", ""downstream"": ""fa"", ""epochs"": 30, ""k_consecutive"": 3, ""k_thr"": 0.7, ""lr"": 0.001, ""objective"": ""contrastive"", ""protocol"": ""fullft"", ""seed"": 2, ""stride"": 10, ""window"": 120}",4.55309944152832,3.186902478790285,0.053302478790285,0.058887120612639,0.1231291009748366,0.0999999999999999,False
p4_contrastive_gru_fullft_fb_seed0,"{""backbone"": ""gru"", ""batch_size"": 64, ""device"": ""cuda"", ""downstream"": ""fb"", ""epochs"": 30, ""k_consecutive"": 3, ""k_thr"": 0.7, ""lr"": 0.001, ""objective"": ""contrastive"", ""protocol"": ""fullft"", ""seed"": 0, ""stride"": 10, ""window"": 120}",3.0083852767944337,2.5463964973449738,-0.5872035026550263,0.5305650104488684,0.1095550665765363,-0.7,False
p4_contrastive_gru_fullft_fb_seed1,"{""backbone"": ""gru"", ""batch_size"": 64, ""device"": ""cuda"", ""downstream"": ""fb"", ""epochs"": 30, ""k_consecutive"": 3, ""k_thr"": 0.7, ""lr"": 0.001, ""objective"": ""contrastive"", ""protocol"": ""fullft"", ""seed"": 1, ""stride"": 10, ""window"": 120}",3.207224655151367,2.6455533538818377,-0.4880466461181621,0.7707259141395331,0.1454271783982418,-0.7,False
p4_contrastive_gru_fullft_fb_seed2,"{""backbone"": ""gru"", ""batch_size"": 64, ""device"": ""cuda"", ""downstream"": ""fb"", ""epochs"": 30, ""k_consecutive"": 3, ""k_thr"": 0.7, ""lr"": 0.001, ""objective"": ""contrastive"", ""protocol"": ""fullft"", ""seed"": 2, ""stride"": 10, ""window"": 120}",2.7897226333618166,2.3157884155273454,-0.8178115844726545,0.805839774997421,0.0943092537264191,-0.8999999999999998,False
p4_contrastive_unet_frozen_fa_seed0,"{""backbone"": ""unet"", ""batch_size"": 64, ""device"": ""cuda"", ""downstream"": ""fa"", ""epochs"": 30, ""k_consecutive"": 3, ""k_thr"": 0.7, ""lr"": 0.001, ""objective"": ""contrastive"", ""protocol"": ""frozen"", ""seed"": 0, ""stride"": 10, ""window"": 120}",4.429792785644532,3.5305553947448747,0.3969553947448745,0.0872312393328726,0.2155456625287051,0.3,False
p4_contrastive_unet_frozen_fa_seed1,"{""backbone"": ""unet"", ""batch_size"": 64, ""device"": ""cuda"", ""downstream"": ""fa"", ""epochs"": 30, ""k_consecutive"": 3, ""k_thr"": 0.7, ""lr"": 0.001, ""objective"": ""contrastive"", ""protocol"": ""frozen"", ""seed"": 1, ""stride"": 10, ""window"": 120}",3.1881118774414063,1.9865953002929713,-1.147004699707029,0.7308324829454589,0.1519596539903639,-0.8999999999999998,False
p4_contrastive_unet_frozen_fa_seed2,"{""backbone"": ""unet"", ""batch_size"": 64, ""device"": ""cuda"", ""downstream"": ""fa"", ""epochs"": 30, ""k_consecutive"": 3, ""k_thr"": 0.7, ""lr"": 0.001, ""objective"": ""contrastive"", ""protocol"": ""frozen"", ""seed"": 2, ""stride"": 10, ""window"": 120}",4.441606712341309,3.5364003692626973,0.4028003692626975,0.0828356902132392,0.2168237282556914,0.3,False
p4_contrastive_unet_frozen_fb_seed0,"{""backbone"": ""unet"", ""batch_size"": 64, ""device"": ""cuda"", ""downstream"": ""fb"", ""epochs"": 30, ""k_consecutive"": 3, ""k_thr"": 0.7, ""lr"": 0.001, ""objective"": ""contrastive"", ""protocol"": ""frozen"", ""seed"": 0, ""stride"": 10, ""window"": 120}",3.820601463317871,3.0557172332763685,-0.0778827667236314,0.05762543861856,0.0258739162167923,-0.1999999999999999,False
p4_contrastive_unet_frozen_fb_seed1,"{""backbone"": ""unet"", ""batch_size"": 64, ""device"": ""cuda"", ""downstream"": ""fb"", ""epochs"": 30, ""k_consecutive"": 3, ""k_thr"": 0.7, ""lr"": 0.001, ""objective"": ""contrastive"", ""protocol"": ""frozen"", ""seed"": 1, ""stride"": 10, ""window"": 120}",3.2994508743286133,2.459616616821292,-0.6739833831787081,0.8875052813444544,0.0570632467896171,-1.0,True
p4_contrastive_unet_frozen_fb_seed2,"{""backbone"": ""unet"", ""batch_size"": 64, ""device"": ""cuda"", ""downstream"": ""fb"", ""epochs"": 30, ""k_consecutive"": 3, ""k_thr"": 0.7, ""lr"": 0.001, ""objective"": ""contrastive"", ""protocol"": ""frozen"", ""seed"": 2, ""stride"": 10, ""window"": 120}",3.8165815353393553,3.0516874824523947,-0.081912517547605,0.0633713921297255,0.0257909375278919,-0.1999999999999999,False
p4_contrastive_unet_fullft_fa_seed0,"{""backbone"": ""unet"", ""batch_size"": 64, ""device"": ""cuda"", ""downstream"": ""fa"", ""epochs"": 30, ""k_consecutive"": 3, ""k_thr"": 0.7, ""lr"": 0.001, ""objective"": ""contrastive"", ""protocol"": ""fullft"", ""seed"": 0, ""stride"": 10, ""window"": 120}",2.824630355834961,1.8037527595520049,-1.329847240447995,0.8655814896058176,0.0836367610866406,-1.0,True
p4_contrastive_unet_fullft_fa_seed1,"{""backbone"": ""unet"", ""batch_size"": 64, ""device"": ""cuda"", ""downstream"": ""fa"", ""epochs"": 30, ""k_consecutive"": 3, ""k_thr"": 0.7, ""lr"": 0.001, ""objective"": ""contrastive"", ""protocol"": ""fullft"", ""seed"": 1, ""stride"": 10, ""window"": 120}",2.2722692489624023,1.5096024070739782,-1.6239975929260215,0.8814632078260325,0.096568393422658,-1.0,True
p4_contrastive_unet_fullft_fa_seed2,"{""backbone"": ""unet"", ""batch_size"": 64, ""device"": ""cuda"", ""downstream"": ""fa"", ""epochs"": 30, ""k_consecutive"": 3, ""k_thr"": 0.7, ""lr"": 0.001, ""objective"": ""contrastive"", ""protocol"": ""fullft"", ""seed"": 2, ""stride"": 10, ""window"": 120}",3.0257644653320312,1.8814458404541037,-1.2521541595458965,0.8441521594164658,0.0716512928289616,-1.0,True
p4_contrastive_unet_fullft_fb_seed0,"{""backbone"": ""unet"", ""batch_size"": 64, ""device"": ""cuda"", ""downstream"": ""fb"", ""epochs"": 30, ""k_consecutive"": 3, ""k_thr"": 0.7, ""lr"": 0.001, ""objective"": ""contrastive"", ""pretrained_dir"": ""Analysis/quantification/methods/results/p4_ssl_contrastive_unet"", ""protocol"": ""fullft"", ""seed"": 0, ""stride"": 10, ""window"": 120}",2.5735801696777343,2.006890061950686,-1.126709938049313,0.9053152810469784,0.0933234521898695,-0.8999999999999998,False
p4_contrastive_unet_fullft_fb_seed1,"{""backbone"": ""unet"", ""batch_size"": 64, ""device"": ""cuda"", ""downstream"": ""fb"", ""epochs"": 30, ""k_consecutive"": 3, ""k_thr"": 0.7, ""lr"": 0.001, ""objective"": ""contrastive"", ""pretrained_dir"": ""Analysis/quantification/methods/results/p4_ssl_contrastive_unet"", ""protocol"": ""fullft"", ""seed"": 1, ""stride"": 10, ""window"": 120}",2.611601448059082,1.9606436286926296,-1.1729563713073703,0.9826611808868976,0.0749420020774579,-1.0,True
p4_contrastive_unet_fullft_fb_seed2,"{""backbone"": ""unet"", ""batch_size"": 64, ""device"": ""cuda"", ""downstream"": ""fb"", ""epochs"": 30, ""k_consecutive"": 3, ""k_thr"": 0.7, ""lr"": 0.001, ""objective"": ""contrastive"", ""pretrained_dir"": ""Analysis/quantification/methods/results/p4_ssl_contrastive_unet"", ""protocol"": ""fullft"", ""seed"": 2, ""stride"": 10, ""window"": 120}",2.237925720214844,1.6410593544006389,-1.4925406455993613,0.9969721729919004,0.0687693825319315,-1.0,True
p4_contrastive_unet_fullft_fb_seed3,"{""backbone"": ""unet"", ""batch_size"": 64, ""device"": ""cuda"", ""downstream"": ""fb"", ""epochs"": 30, ""k_consecutive"": 3, ""k_thr"": 0.7, ""lr"": 0.001, ""objective"": ""contrastive"", ""protocol"": ""fullft"", ""seed"": 3, ""stride"": 10, ""window"": 120}",2.431258392333985,1.8787457977294957,-1.2548542022705045,0.973792065151697,0.0581099843287157,-1.0,True
p4_contrastive_unet_fullft_fb_seed4,"{""backbone"": ""unet"", ""batch_size"": 64, ""device"": ""cuda"", ""downstream"": ""fb"", ""epochs"": 30, ""k_consecutive"": 3, ""k_thr"": 0.7, ""lr"": 0.001, ""objective"": ""contrastive"", ""protocol"": ""fullft"", ""seed"": 4, ""stride"": 10, ""window"": 120}",2.4124685287475587,1.8325656448364291,-1.3010343551635708,0.972129615690458,0.0736188213789823,-1.0,True
p4_contrastive_unet_fullft_fb_epochs100_seed0,"{""backbone"": ""unet"", ""batch_size"": 64, ""device"": ""cuda"", ""downstream"": ""fb"", ""epochs"": 30, ""k_consecutive"": 3, ""k_thr"": 0.7, ""lr"": 0.001, ""objective"": ""contrastive"", ""pretrained_dir"": ""Analysis/quantification/methods/results/p4_ssl_contrastive_unet_epochs100"", ""protocol"": ""fullft"", ""seed"": 0, ""stride"": 10, ""window"": 120}",2.554842948913574,1.968345025634769,-1.165254974365231,0.9556711438962842,0.0857800486635795,-1.0,True
p4_contrastive_unet_fullft_fb_epochs100_seed1,"{""backbone"": ""unet"", ""batch_size"": 64, ""device"": ""cuda"", ""downstream"": ""fb"", ""epochs"": 30, ""k_consecutive"": 3, ""k_thr"": 0.7, ""lr"": 0.001, ""objective"": ""contrastive"", ""pretrained_dir"": ""Analysis/quantification/methods/results/p4_ssl_contrastive_unet_epochs100"", ""protocol"": ""fullft"", ""seed"": 1, ""stride"": 10, ""window"": 120}",2.396222686767578,1.883378175354008,-1.250221824645992,0.9826758138457148,0.0752462209228824,-1.0,True
p4_contrastive_unet_fullft_fb_epochs100_seed2,"{""backbone"": ""unet"", ""batch_size"": 64, ""device"": ""cuda"", ""downstream"": ""fb"", ""epochs"": 30, ""k_consecutive"": 3, ""k_thr"": 0.7, ""lr"": 0.001, ""objective"": ""contrastive"", ""pretrained_dir"": ""Analysis/quantification/methods/results/p4_ssl_contrastive_unet_epochs100"", ""protocol"": ""fullft"", ""seed"": 2, ""stride"": 10, ""window"": 120}",2.1314712524414063,1.6865191017150916,-1.4470808982849084,0.9665210979178256,0.06317354153992,-1.0,True
p4_contrastive_unet_fullft_fb_epochs100_seed3,"{""backbone"": ""unet"", ""batch_size"": 64, ""device"": ""cuda"", ""downstream"": ""fb"", ""epochs"": 30, ""k_consecutive"": 3, ""k_thr"": 0.7, ""lr"": 0.001, ""objective"": ""contrastive"", ""pretrained_dir"": ""Analysis/quantification/methods/results/p4_ssl_contrastive_unet_epochs100"", ""protocol"": ""fullft"", ""seed"": 3, ""stride"": 10, ""window"": 120}",2.8494163513183595,2.1897842918396013,-0.9438157081603986,0.99403682699882,0.0831654415737407,-1.0,True
p4_contrastive_unet_fullft_fb_epochs100_seed4,"{""backbone"": ""unet"", ""batch_size"": 64, ""device"": ""cuda"", ""downstream"": ""fb"", ""epochs"": 30, ""k_consecutive"": 3, ""k_thr"": 0.7, ""lr"": 0.001, ""objective"": ""contrastive"", ""pretrained_dir"": ""Analysis/quantification/methods/results/p4_ssl_contrastive_unet_epochs100"", ""protocol"": ""fullft"", ""seed"": 4, ""stride"": 10, ""window"": 120}",2.4994686126708983,1.8992244277954131,-1.2343755722045868,0.9567159802772296,0.0903764892381898,-1.0,True
p4_contrastive_unet_fullft_fb_epochs150_seed0,"{""backbone"": ""unet"", ""batch_size"": 64, ""device"": ""cuda"", ""downstream"": ""fb"", ""epochs"": 30, ""k_consecutive"": 3, ""k_thr"": 0.7, ""lr"": 0.001, ""objective"": ""contrastive"", ""pretrained_dir"": ""Analysis/quantification/methods/results/p4_ssl_contrastive_unet_epochs150"", ""protocol"": ""fullft"", ""seed"": 0, ""stride"": 10, ""window"": 120}",2.586395835876465,1.9926837478637716,-1.1409162521362284,0.9876402772497976,0.0594306802635226,-1.0,True
p4_contrastive_unet_fullft_fb_epochs150_seed1,"{""backbone"": ""unet"", ""batch_size"": 64, ""device"": ""cuda"", ""downstream"": ""fb"", ""epochs"": 30, ""k_consecutive"": 3, ""k_thr"": 0.7, ""lr"": 0.001, ""objective"": ""contrastive"", ""pretrained_dir"": ""Analysis/quantification/methods/results/p4_ssl_contrastive_unet_epochs150"", ""protocol"": ""fullft"", ""seed"": 1, ""stride"": 10, ""window"": 120}",2.5286293029785156,1.9826029335022,-1.1509970664978,0.9893917411751636,0.070393914318071,-1.0,True
p4_contrastive_unet_fullft_fb_epochs150_seed2,"{""backbone"": ""unet"", ""batch_size"": 64, ""device"": ""cuda"", ""downstream"": ""fb"", ""epochs"": 30, ""k_consecutive"": 3, ""k_thr"": 0.7, ""lr"": 0.001, ""objective"": ""contrastive"", ""pretrained_dir"": ""Analysis/quantification/methods/results/p4_ssl_contrastive_unet_epochs150"", ""protocol"": ""fullft"", ""seed"": 2, ""stride"": 10, ""window"": 120}",2.332124137878418,1.7983922515869173,-1.3352077484130829,0.9752366435812608,0.0641735183808974,-1.0,True
p4_contrastive_unet_fullft_fb_tau0.3_seed0,"{""backbone"": ""unet"", ""batch_size"": 64, ""device"": ""cuda"", ""downstream"": ""fb"", ""epochs"": 30, ""k_consecutive"": 3, ""k_thr"": 0.7, ""lr"": 0.001, ""objective"": ""contrastive"", ""pretrained_dir"": ""Analysis/quantification/methods/results/p4_ssl_contrastive_unet_tau0.3"", ""protocol"": ""fullft"", ""seed"": 0, ""stride"": 10, ""window"": 120}",2.425785446166992,1.7687466178894082,-1.3648533821105917,0.9981830365409442,0.0772215683439564,-1.0,True
p4_contrastive_unet_fullft_fb_tau0.3_seed1,"{""backbone"": ""unet"", ""batch_size"": 64, ""device"": ""cuda"", ""downstream"": ""fb"", ""epochs"": 30, ""k_consecutive"": 3, ""k_thr"": 0.7, ""lr"": 0.001, ""objective"": ""contrastive"", ""pretrained_dir"": ""Analysis/quantification/methods/results/p4_ssl_contrastive_unet_tau0.3"", ""protocol"": ""fullft"", ""seed"": 1, ""stride"": 10, ""window"": 120}",2.5560234069824217,1.9423212562561056,-1.1912787437438943,0.9846246627036864,0.0795121991201723,-1.0,True
p4_contrastive_unet_fullft_fb_tau0.3_seed2,"{""backbone"": ""unet"", ""batch_size"": 64, ""device"": ""cuda"", ""downstream"": ""fb"", ""epochs"": 30, ""k_consecutive"": 3, ""k_thr"": 0.7, ""lr"": 0.001, ""objective"": ""contrastive"", ""pretrained_dir"": ""Analysis/quantification/methods/results/p4_ssl_contrastive_unet_tau0.3"", ""protocol"": ""fullft"", ""seed"": 2, ""stride"": 10, ""window"": 120}",2.403904914855957,1.8432654891967812,-1.2903345108032187,0.9721354532066848,0.0679427559289784,-1.0,True
p4_contrastive_unet_fullft_fb_tau1_seed0,"{""backbone"": ""unet"", ""batch_size"": 64, ""device"": ""cuda"", ""downstream"": ""fb"", ""epochs"": 30, ""k_consecutive"": 3, ""k_thr"": 0.7, ""lr"": 0.001, ""objective"": ""contrastive"", ""pretrained_dir"": ""Analysis/quantification/methods/results/p4_ssl_contrastive_unet_tau1"", ""protocol"": ""fullft"", ""seed"": 0, ""stride"": 10, ""window"": 120}",2.363172149658203,1.8209126983642612,-1.3126873016357388,0.9782435297262532,0.0745360464529793,-1.0,True
p4_contrastive_unet_fullft_fb_tau1_seed1,"{""backbone"": ""unet"", ""batch_size"": 64, ""device"": ""cuda"", ""downstream"": ""fb"", ""epochs"": 30, ""k_consecutive"": 3, ""k_thr"": 0.7, ""lr"": 0.001, ""objective"": ""contrastive"", ""pretrained_dir"": ""Analysis/quantification/methods/results/p4_ssl_contrastive_unet_tau1"", ""protocol"": ""fullft"", ""seed"": 1, ""stride"": 10, ""window"": 120}",2.5957990646362306,2.0166883979797396,-1.1169116020202603,0.9893727297930474,0.0944036808152722,-1.0,True
p4_contrastive_unet_fullft_fb_tau1_seed2,"{""backbone"": ""unet"", ""batch_size"": 64, ""device"": ""cuda"", ""downstream"": ""fb"", ""epochs"": 30, ""k_consecutive"": 3, ""k_thr"": 0.7, ""lr"": 0.001, ""objective"": ""contrastive"", ""pretrained_dir"": ""Analysis/quantification/methods/results/p4_ssl_contrastive_unet_tau1"", ""protocol"": ""fullft"", ""seed"": 2, ""stride"": 10, ""window"": 120}",2.115962600708008,1.5849481140136743,-1.5486518859863256,0.997320477041625,0.0663859925531276,-1.0,True
p4_contrastive_unet_fullft_fb_tau1_seed3,"{""backbone"": ""unet"", ""batch_size"": 64, ""device"": ""cuda"", ""downstream"": ""fb"", ""epochs"": 30, ""k_consecutive"": 3, ""k_thr"": 0.7, ""lr"": 0.001, ""objective"": ""contrastive"", ""pretrained_dir"": ""Analysis/quantification/methods/results/p4_ssl_contrastive_unet_tau1"", ""protocol"": ""fullft"", ""seed"": 3, ""stride"": 10, ""window"": 120}",3.177420425415039,2.3612526451110862,-0.7723473548889137,0.9340711684080788,0.112699100070523,-0.8999999999999998,False
p4_contrastive_unet_fullft_fb_tau1_seed4,"{""backbone"": ""unet"", ""batch_size"": 64, ""device"": ""cuda"", ""downstream"": ""fb"", ""epochs"": 30, ""k_consecutive"": 3, ""k_thr"": 0.7, ""lr"": 0.001, ""objective"": ""contrastive"", ""pretrained_dir"": ""Analysis/quantification/methods/results/p4_ssl_contrastive_unet_tau1"", ""protocol"": ""fullft"", ""seed"": 4, ""stride"": 10, ""window"": 120}",2.171940231323242,1.6868996177673383,-1.4467003822326614,0.9728716997275652,0.079709111633352,-1.0,True
p2_fa_curriculum_bb_unet_wmse_seed0_curriculum_s12_to_3_wmse0.1,"{""backbone"": ""unet"", ""batch_size"": 32, ""cache"": ""regress_all_filt_abcd_ntcRaw_madk1p5_spatA3"", ""curriculum_sigma"": true, ""device"": ""cuda"", ""epochs"": 40, ""experiment"": ""p2_fa_curriculum_bb_unet_wmse"", ""focal_gamma"": null, ""loss"": ""wmse"", ""lr"": 0.001, ""lr_gamma"": 0.75, ""lr_step"": 10, ""method"": ""F6 PDF regression (unet backbone, soft Gaussian target)"", ""n_parameters"": 492465, ""n_samples"": 450, ""n_test"": 5014, ""n_train"": 17225, ""n_val"": 5678, ""samples_per_min"": 15, ""seed"": 0, ""sigma_end"": 3.0, ""sigma_samples"": 5.0, ""sigma_seconds"": 20.0, ""sigma_start"": 12.0, ""started_at"": ""2026-07-15T15:26:43.139660"", ""test_chips"": [""D20240719_E03_C44_F4500KHz_U_COV_SD""], ""val_chips_held_out"": [""D20240821_E01_C09_F4500KHz_U_1e6""], ""val_n_chips"": 1, ""wmse_base"": 0.1}",2.6612096786499024,1.7283684288024928,-1.4052315711975072,0.8661511405359357,0.0864916818668087,-1.0,True
p2_fa_curriculum_bb_unet_wmse_seed0_curriculum_s12_to_3_wmse0.1_schedadaptive,"{""backbone"": ""unet"", ""batch_size"": 32, ""cache"": ""regress_all_filt_abcd_ntcRaw_madk1p5_spatA3"", ""curriculum_sigma"": true, ""device"": ""cuda"", ""epochs"": 40, ""experiment"": ""p2_fa_curriculum_bb_unet_wmse"", ""focal_gamma"": null, ""loss"": ""wmse"", ""lr"": 0.001, ""lr_gamma"": 0.75, ""lr_step"": 10, ""method"": ""F6 PDF regression (unet backbone, soft Gaussian target)"", ""n_parameters"": 492465, ""n_samples"": 450, ""n_test"": 5014, ""n_train"": 17225, ""n_val"": 5678, ""samples_per_min"": 15, ""seed"": 0, ""sigma_end"": 3.0, ""sigma_samples"": 5.0, ""sigma_schedule"": ""adaptive"", ""sigma_seconds"": 20.0, ""sigma_start"": 12.0, ""started_at"": ""2026-07-20T13:39:57.201388"", ""test_chips"": [""D20240719_E03_C44_F4500KHz_U_COV_SD""], ""val_chips_held_out"": [""D20240821_E01_C09_F4500KHz_U_1e6""], ""val_n_chips"": 1, ""wmse_base"": 0.1}",3.4518926620483397,2.1521716629028345,-0.9814283370971656,0.720663045554758,0.0961305577290739,-0.7,False
p2_fa_curriculum_bb_unet_wmse_seed0_curriculum_s12_to_3_wmse0.1_schedcosine,"{""backbone"": ""unet"", ""batch_size"": 32, ""cache"": ""regress_all_filt_abcd_ntcRaw_madk1p5_spatA3"", ""curriculum_sigma"": true, ""device"": ""cuda"", ""epochs"": 40, ""experiment"": ""p2_fa_curriculum_bb_unet_wmse"", ""focal_gamma"": null, ""loss"": ""wmse"", ""lr"": 0.001, ""lr_gamma"": 0.75, ""lr_step"": 10, ""method"": ""F6 PDF regression (unet backbone, soft Gaussian target)"", ""n_parameters"": 492465, ""n_samples"": 450, ""n_test"": 5014, ""n_train"": 17225, ""n_val"": 5678, ""samples_per_min"": 15, ""seed"": 0, ""sigma_end"": 3.0, ""sigma_samples"": 5.0, ""sigma_schedule"": ""cosine"", ""sigma_seconds"": 20.0, ""sigma_start"": 12.0, ""started_at"": ""2026-07-20T13:22:15.053023"", ""test_chips"": [""D20240719_E03_C44_F4500KHz_U_COV_SD""], ""val_chips_held_out"": [""D20240821_E01_C09_F4500KHz_U_1e6""], ""val_n_chips"": 1, ""wmse_base"": 0.1}",2.619712829589844,1.6684014831543004,-1.4651985168456996,0.8632171450489365,0.1142509053202818,-1.0,True
p2_fa_curriculum_bb_unet_wmse_seed1_curriculum_s12_to_3_wmse0.1,"{""backbone"": ""unet"", ""batch_size"": 32, ""cache"": ""regress_all_filt_abcd_ntcRaw_madk1p5_spatA3"", ""curriculum_sigma"": true, ""device"": ""cuda"", ""epochs"": 40, ""experiment"": ""p2_fa_curriculum_bb_unet_wmse"", ""focal_gamma"": null, ""loss"": ""wmse"", ""lr"": 0.001, ""lr_gamma"": 0.75, ""lr_step"": 10, ""method"": ""F6 PDF regression (unet backbone, soft Gaussian target)"", ""n_parameters"": 492465, ""n_samples"": 450, ""n_test"": 5014, ""n_train"": 15912, ""n_val"": 6991, ""samples_per_min"": 15, ""seed"": 1, ""sigma_end"": 3.0, ""sigma_samples"": 5.0, ""sigma_seconds"": 20.0, ""sigma_start"": 12.0, ""started_at"": ""2026-07-15T15:30:53.343205"", ""test_chips"": [""D20240719_E03_C44_F4500KHz_U_COV_SD""], ""val_chips_held_out"": [""D20240822_E02_C00_F4500KHz_U_1e9""], ""val_n_chips"": 1, ""wmse_base"": 0.1}",2.6081832885742187,1.487290052032474,-1.646309947967526,0.8147405974861877,0.0786393744460769,-1.0,True
p2_fa_curriculum_bb_unet_wmse_seed1_curriculum_s12_to_3_wmse0.1_schedadaptive,"{""backbone"": ""unet"", ""batch_size"": 32, ""cache"": ""regress_all_filt_abcd_ntcRaw_madk1p5_spatA3"", ""curriculum_sigma"": true, ""device"": ""cuda"", ""epochs"": 40, ""experiment"": ""p2_fa_curriculum_bb_unet_wmse"", ""focal_gamma"": null, ""loss"": ""wmse"", ""lr"": 0.001, ""lr_gamma"": 0.75, ""lr_step"": 10, ""method"": ""F6 PDF regression (unet backbone, soft Gaussian target)"", ""n_parameters"": 492465, ""n_samples"": 450, ""n_test"": 5014, ""n_train"": 15912, ""n_val"": 6991, ""samples_per_min"": 15, ""seed"": 1, ""sigma_end"": 3.0, ""sigma_samples"": 5.0, ""sigma_schedule"": ""adaptive"", ""sigma_seconds"": 20.0, ""sigma_start"": 12.0, ""started_at"": ""2026-07-20T13:43:58.283391"", ""test_chips"": [""D20240719_E03_C44_F4500KHz_U_COV_SD""], ""val_chips_held_out"": [""D20240822_E02_C00_F4500KHz_U_1e9""], ""val_n_chips"": 1, ""wmse_base"": 0.1}",2.8953248977661135,2.1235001121521035,-1.0100998878478962,0.8136064222411544,0.1136975765807429,-0.8999999999999998,False
p2_fa_curriculum_bb_unet_wmse_seed1_curriculum_s12_to_3_wmse0.1_schedcosine,"{""backbone"": ""unet"", ""batch_size"": 32, ""cache"": ""regress_all_filt_abcd_ntcRaw_madk1p5_spatA3"", ""curriculum_sigma"": true, ""device"": ""cuda"", ""epochs"": 40, ""experiment"": ""p2_fa_curriculum_bb_unet_wmse"", ""focal_gamma"": null, ""loss"": ""wmse"", ""lr"": 0.001, ""lr_gamma"": 0.75, ""lr_step"": 10, ""method"": ""F6 PDF regression (unet backbone, soft Gaussian target)"", ""n_parameters"": 492465, ""n_samples"": 450, ""n_test"": 5014, ""n_train"": 15912, ""n_val"": 6991, ""samples_per_min"": 15, ""seed"": 1, ""sigma_end"": 3.0, ""sigma_samples"": 5.0, ""sigma_schedule"": ""cosine"", ""sigma_seconds"": 20.0, ""sigma_start"": 12.0, ""started_at"": ""2026-07-20T13:31:22.852498"", ""test_chips"": [""D20240719_E03_C44_F4500KHz_U_COV_SD""], ""val_chips_held_out"": [""D20240822_E02_C00_F4500KHz_U_1e9""], ""val_n_chips"": 1, ""wmse_base"": 0.1}",2.509628677368164,1.8577568565368692,-1.2758431434631308,0.9300541046166652,0.2037551637999204,-1.0,True
p2_fa_curriculum_bb_unet_wmse_seed2_curriculum_s12_to_3_wmse0.1,"{""backbone"": ""unet"", ""batch_size"": 32, ""cache"": ""regress_all_filt_abcd_ntcRaw_madk1p5_spatA3"", ""curriculum_sigma"": true, ""device"": ""cuda"", ""epochs"": 40, ""experiment"": ""p2_fa_curriculum_bb_unet_wmse"", ""focal_gamma"": null, ""loss"": ""wmse"", ""lr"": 0.001, ""lr_gamma"": 0.75, ""lr_step"": 10, ""method"": ""F6 PDF regression (unet backbone, soft Gaussian target)"", ""n_parameters"": 492465, ""n_samples"": 450, ""n_test"": 5014, ""n_train"": 17225, ""n_val"": 5678, ""samples_per_min"": 15, ""seed"": 2, ""sigma_end"": 3.0, ""sigma_samples"": 5.0, ""sigma_seconds"": 20.0, ""sigma_start"": 12.0, ""started_at"": ""2026-07-15T15:32:32.050748"", ""test_chips"": [""D20240719_E03_C44_F4500KHz_U_COV_SD""], ""val_chips_held_out"": [""D20240821_E01_C09_F4500KHz_U_1e6""], ""val_n_chips"": 1, ""wmse_base"": 0.1}",2.9063461303710936,1.7933827911376987,-1.3402172088623012,0.7799328354000512,0.0402857162140001,-0.8944271909999159,False
p2_fa_curriculum_bb_unet_wmse_seed2_curriculum_s12_to_3_wmse0.1_schedadaptive,"{""backbone"": ""unet"", ""batch_size"": 32, ""cache"": ""regress_all_filt_abcd_ntcRaw_madk1p5_spatA3"", ""curriculum_sigma"": true, ""device"": ""cuda"", ""epochs"": 40, ""experiment"": ""p2_fa_curriculum_bb_unet_wmse"", ""focal_gamma"": null, ""loss"": ""wmse"", ""lr"": 0.001, ""lr_gamma"": 0.75, ""lr_step"": 10, ""method"": ""F6 PDF regression (unet backbone, soft Gaussian target)"", ""n_parameters"": 492465, ""n_samples"": 450, ""n_test"": 5014, ""n_train"": 17225, ""n_val"": 5678, ""samples_per_min"": 15, ""seed"": 2, ""sigma_end"": 3.0, ""sigma_samples"": 5.0, ""sigma_schedule"": ""adaptive"", ""sigma_seconds"": 20.0, ""sigma_start"": 12.0, ""started_at"": ""2026-07-20T13:48:09.692693"", ""test_chips"": [""D20240719_E03_C44_F4500KHz_U_COV_SD""], ""val_chips_held_out"": [""D20240821_E01_C09_F4500KHz_U_1e6""], ""val_n_chips"": 1, ""wmse_base"": 0.1}",3.146348571777344,1.963458875274661,-1.1701411247253393,0.81130771560763,0.0597612380710923,-0.8999999999999998,False
p2_fa_curriculum_bb_unet_wmse_seed2_curriculum_s12_to_3_wmse0.1_schedcosine,"{""backbone"": ""unet"", ""batch_size"": 32, ""cache"": ""regress_all_filt_abcd_ntcRaw_madk1p5_spatA3"", ""curriculum_sigma"": true, ""device"": ""cuda"", ""epochs"": 40, ""experiment"": ""p2_fa_curriculum_bb_unet_wmse"", ""focal_gamma"": null, ""loss"": ""wmse"", ""lr"": 0.001, ""lr_gamma"": 0.75, ""lr_step"": 10, ""method"": ""F6 PDF regression (unet backbone, soft Gaussian target)"", ""n_parameters"": 492465, ""n_samples"": 450, ""n_test"": 5014, ""n_train"": 17225, ""n_val"": 5678, ""samples_per_min"": 15, ""seed"": 2, ""sigma_end"": 3.0, ""sigma_samples"": 5.0, ""sigma_schedule"": ""cosine"", ""sigma_seconds"": 20.0, ""sigma_start"": 12.0, ""started_at"": ""2026-07-20T13:32:48.103339"", ""test_chips"": [""D20240719_E03_C44_F4500KHz_U_COV_SD""], ""val_chips_held_out"": [""D20240821_E01_C09_F4500KHz_U_1e6""], ""val_n_chips"": 1, ""wmse_base"": 0.1}",3.028375434875488,1.847036126708987,-1.286563873291013,0.799036312456942,0.0536470819828643,-0.8944271909999159,False
p2_fa_curriculum_bb_unet_wmse_seed3_curriculum_s12_to_3_wmse0.1,"{""backbone"": ""unet"", ""batch_size"": 32, ""cache"": ""regress_all_filt_abcd_ntcRaw_madk1p5_spatA3"", ""curriculum_sigma"": true, ""device"": ""cuda"", ""epochs"": 40, ""experiment"": ""p2_fa_curriculum_bb_unet_wmse"", ""focal_gamma"": null, ""loss"": ""wmse"", ""lr"": 0.001, ""lr_gamma"": 0.75, ""lr_step"": 10, ""method"": ""F6 PDF regression (unet backbone, soft Gaussian target)"", ""n_parameters"": 492465, ""n_samples"": 450, ""n_test"": 5014, ""n_train"": 15912, ""n_val"": 6991, ""samples_per_min"": 15, ""seed"": 3, ""sigma_end"": 3.0, ""sigma_samples"": 5.0, ""sigma_schedule"": ""linear"", ""sigma_seconds"": 20.0, ""sigma_start"": 12.0, ""started_at"": ""2026-07-19T04:24:09.467546"", ""test_chips"": [""D20240719_E03_C44_F4500KHz_U_COV_SD""], ""val_chips_held_out"": [""D20240822_E02_C00_F4500KHz_U_1e9""], ""val_n_chips"": 1, ""wmse_base"": 0.1}",2.404330825805664,1.99668631896973,-1.1369136810302698,0.8235337078746989,0.0425128306292185,-1.0,True
p2_fa_curriculum_bb_unet_wmse_seed4_curriculum_s12_to_3_wmse0.1,"{""backbone"": ""unet"", ""batch_size"": 32, ""cache"": ""regress_all_filt_abcd_ntcRaw_madk1p5_spatA3"", ""curriculum_sigma"": true, ""device"": ""cuda"", ""epochs"": 40, ""experiment"": ""p2_fa_curriculum_bb_unet_wmse"", ""focal_gamma"": null, ""loss"": ""wmse"", ""lr"": 0.001, ""lr_gamma"": 0.75, ""lr_step"": 10, ""method"": ""F6 PDF regression (unet backbone, soft Gaussian target)"", ""n_parameters"": 492465, ""n_samples"": 450, ""n_test"": 5014, ""n_train"": 17225, ""n_val"": 5678, ""samples_per_min"": 15, ""seed"": 4, ""sigma_end"": 3.0, ""sigma_samples"": 5.0, ""sigma_schedule"": ""linear"", ""sigma_seconds"": 20.0, ""sigma_start"": 12.0, ""started_at"": ""2026-07-19T04:30:38.711711"", ""test_chips"": [""D20240719_E03_C44_F4500KHz_U_COV_SD""], ""val_chips_held_out"": [""D20240821_E01_C09_F4500KHz_U_1e6""], ""val_n_chips"": 1, ""wmse_base"": 0.1}",2.2888103485107423,1.689450124359135,-1.4441498756408648,0.9335385614082424,0.1124489848539976,-0.8999999999999998,False
p1_fb_slide_cls_w120_stride10_spatA3_seed0,"{""batch_size"": 256, ""cache_stem"": ""regress_all_filt_abcd_ntcRaw_madk1p5_spatA3"", ""device"": ""cuda"", ""epochs"": 30, ""k_consecutive"": 3, ""lr"": 0.001, ""max_train_pixels"": null, ""method"": ""P1.2 F-B sliding-window classifier (Paper 18 / Li et al. 2024 adaptation)"", ""n_params"": 180641, ""n_test_pixels"": 5014, ""n_train_pixels"": 17225, ""n_val_pixels"": 5678, ""samples_per_min"": 15, ""seed"": 0, ""stride"": 10, ""window"": 120}",2.79556941986084,2.3038635765075712,-0.8297364234924286,0.903119868033308,0.0845488513313487,-0.8999999999999998,False
p1_fb_slide_cls_w120_stride10_spatA3_seed1,"{""batch_size"": 256, ""cache_stem"": ""regress_all_filt_abcd_ntcRaw_madk1p5_spatA3"", ""device"": ""cuda"", ""epochs"": 30, ""k_consecutive"": 3, ""lr"": 0.001, ""max_train_pixels"": null, ""method"": ""P1.2 F-B sliding-window classifier (Paper 18 / Li et al. 2024 adaptation)"", ""n_params"": 180641, ""n_test_pixels"": 5014, ""n_train_pixels"": 15912, ""n_val_pixels"": 6991, ""samples_per_min"": 15, ""seed"": 1, ""stride"": 10, ""window"": 120}",3.231071662902832,2.701567033386233,-0.432032966613767,0.5771553261512734,0.148965997273843,-0.6,False
p1_fb_slide_cls_w120_stride10_spatA3_seed2,"{""batch_size"": 256, ""cache_stem"": ""regress_all_filt_abcd_ntcRaw_madk1p5_spatA3"", ""device"": ""cuda"", ""epochs"": 30, ""k_consecutive"": 3, ""lr"": 0.001, ""max_train_pixels"": null, ""method"": ""P1.2 F-B sliding-window classifier (Paper 18 / Li et al. 2024 adaptation)"", ""n_params"": 180641, ""n_test_pixels"": 5014, ""n_train_pixels"": 17225, ""n_val_pixels"": 5678, ""samples_per_min"": 15, ""seed"": 2, ""stride"": 10, ""window"": 120}",3.101008605957031,2.5111494575500517,-0.6224505424499482,0.5984405053784795,0.1033002486074615,-0.7,False
p1_fb_slide_cls_w120_stride10_spatA3_bb_ann_kthr0.7_seed0,"{""backbone"": ""ann"", ""batch_size"": 256, ""cache_stem"": ""regress_all_filt_abcd_ntcRaw_madk1p5_spatA3"", ""device"": ""cuda"", ""dropout"": 0.1, ""epochs"": 30, ""k_consecutive"": 3, ""k_thr"": 0.7, ""lr"": 0.001, ""max_train_pixels"": null, ""method"": ""P1.2 F-B sliding-window classifier (Paper 18 / Li et al. 2024 adaptation)"", ""n_params"": 10369, ""n_test_pixels"": 5014, ""n_train_pixels"": 17225, ""n_val_pixels"": 5678, ""samples_per_min"": 15, ""seed"": 0, ""soft_label_sigma"": 0.0, ""stride"": 10, ""weight_decay"": 0.0, ""window"": 120}",2.7977973937988283,2.2893205200195332,-0.8442794799804667,0.8867082204269098,0.092165210886407,-0.8999999999999998,False
p1_fb_slide_cls_w120_stride10_spatA3_bb_ann_kthr0.7_seed1,"{""backbone"": ""ann"", ""batch_size"": 256, ""cache_stem"": ""regress_all_filt_abcd_ntcRaw_madk1p5_spatA3"", ""device"": ""cuda"", ""dropout"": 0.1, ""epochs"": 30, ""k_consecutive"": 3, ""k_thr"": 0.7, ""lr"": 0.001, ""max_train_pixels"": null, ""method"": ""P1.2 F-B sliding-window classifier (Paper 18 / Li et al. 2024 adaptation)"", ""n_params"": 10369, ""n_test_pixels"": 5014, ""n_train_pixels"": 15912, ""n_val_pixels"": 6991, ""samples_per_min"": 15, ""seed"": 1, ""soft_label_sigma"": 0.0, ""stride"": 10, ""weight_decay"": 0.0, ""window"": 120}",3.2041204452514647,2.630953172302248,-0.5026468276977523,0.5862666886487624,0.14415648846748,-0.6,False
p1_fb_slide_cls_w120_stride10_spatA3_bb_ann_kthr0.7_seed2,"{""backbone"": ""ann"", ""batch_size"": 256, ""cache_stem"": ""regress_all_filt_abcd_ntcRaw_madk1p5_spatA3"", ""device"": ""cuda"", ""dropout"": 0.1, ""epochs"": 30, ""k_consecutive"": 3, ""k_thr"": 0.7, ""lr"": 0.001, ""max_train_pixels"": null, ""method"": ""P1.2 F-B sliding-window classifier (Paper 18 / Li et al. 2024 adaptation)"", ""n_params"": 10369, ""n_test_pixels"": 5014, ""n_train_pixels"": 17225, ""n_val_pixels"": 5678, ""samples_per_min"": 15, ""seed"": 2, ""soft_label_sigma"": 0.0, ""stride"": 10, ""weight_decay"": 0.0, ""window"": 120}",3.171779823303223,2.5789210830688503,-0.5546789169311498,0.5722970752489558,0.118879853575441,-0.7,False
p1_fb_slide_cls_w120_stride10_spatA3_bb_bigru_kthr0.7_seed0,"{""backbone"": ""bigru"", ""batch_size"": 256, ""cache_stem"": ""regress_all_filt_abcd_ntcRaw_madk1p5_spatA3"", ""device"": ""cuda"", ""dropout"": 0.1, ""epochs"": 30, ""k_consecutive"": 3, ""k_thr"": 0.7, ""lr"": 0.001, ""max_train_pixels"": null, ""method"": ""P1.2 F-B sliding-window classifier (Paper 18 / Li et al. 2024 adaptation)"", ""n_params"": 100355, ""n_test_pixels"": 5014, ""n_train_pixels"": 17225, ""n_val_pixels"": 5678, ""samples_per_min"": 15, ""seed"": 0, ""soft_label_sigma"": 0.0, ""stride"": 10, ""weight_decay"": 0.0, ""window"": 120}",2.980726623535156,2.4257249389648456,-0.7078750610351542,0.8703133666142274,0.0848876334133261,-0.8999999999999998,False
p1_fb_slide_cls_w120_stride10_spatA3_bb_bigru_kthr0.7_seed1,"{""backbone"": ""bigru"", ""batch_size"": 256, ""cache_stem"": ""regress_all_filt_abcd_ntcRaw_madk1p5_spatA3"", ""device"": ""cuda"", ""dropout"": 0.1, ""epochs"": 30, ""k_consecutive"": 3, ""k_thr"": 0.7, ""lr"": 0.001, ""max_train_pixels"": null, ""method"": ""P1.2 F-B sliding-window classifier (Paper 18 / Li et al. 2024 adaptation)"", ""n_params"": 100355, ""n_test_pixels"": 5014, ""n_train_pixels"": 15912, ""n_val_pixels"": 6991, ""samples_per_min"": 15, ""seed"": 1, ""soft_label_sigma"": 0.0, ""stride"": 10, ""weight_decay"": 0.0, ""window"": 120}",3.663078498840332,2.881759122467044,-0.2518408775329558,0.7112415470716016,0.1975920195832921,-0.7999999999999999,False
p1_fb_slide_cls_w120_stride10_spatA3_bb_bigru_kthr0.7_seed2,"{""backbone"": ""bigru"", ""batch_size"": 256, ""cache_stem"": ""regress_all_filt_abcd_ntcRaw_madk1p5_spatA3"", ""device"": ""cuda"", ""dropout"": 0.1, ""epochs"": 30, ""k_consecutive"": 3, ""k_thr"": 0.7, ""lr"": 0.001, ""max_train_pixels"": null, ""method"": ""P1.2 F-B sliding-window classifier (Paper 18 / Li et al. 2024 adaptation)"", ""n_params"": 100355, ""n_test_pixels"": 5014, ""n_train_pixels"": 17225, ""n_val_pixels"": 5678, ""samples_per_min"": 15, ""seed"": 2, ""soft_label_sigma"": 0.0, ""stride"": 10, ""weight_decay"": 0.0, ""window"": 120}",2.836461639404297,2.3318686042785677,-0.8017313957214325,0.882775305858723,0.0885231879289417,-0.8999999999999998,False
p1_fb_slide_cls_w120_stride10_spatA3_bb_gru_kthr0.7_seed0,"{""backbone"": ""gru"", ""batch_size"": 256, ""cache_stem"": ""regress_all_filt_abcd_ntcRaw_madk1p5_spatA3"", ""device"": ""cuda"", ""dropout"": 0.1, ""epochs"": 30, ""k_consecutive"": 3, ""k_thr"": 0.7, ""lr"": 0.001, ""max_train_pixels"": null, ""method"": ""P1.2 F-B sliding-window classifier (Paper 18 / Li et al. 2024 adaptation)"", ""n_params"": 100353, ""n_test_pixels"": 5014, ""n_train_pixels"": 17225, ""n_val_pixels"": 5678, ""samples_per_min"": 15, ""seed"": 0, ""soft_label_sigma"": 0.0, ""stride"": 10, ""weight_decay"": 0.0, ""window"": 120}",2.7175750732421875,2.2301660095214886,-0.9034339904785116,0.9519424051541386,0.0746270309541259,-1.0,True
p1_fb_slide_cls_w120_stride10_spatA3_bb_gru_kthr0.7_seed1,"{""backbone"": ""gru"", ""batch_size"": 256, ""cache_stem"": ""regress_all_filt_abcd_ntcRaw_madk1p5_spatA3"", ""device"": ""cuda"", ""dropout"": 0.1, ""epochs"": 30, ""k_consecutive"": 3, ""k_thr"": 0.7, ""lr"": 0.001, ""max_train_pixels"": null, ""method"": ""P1.2 F-B sliding-window classifier (Paper 18 / Li et al. 2024 adaptation)"", ""n_params"": 100353, ""n_test_pixels"": 5014, ""n_train_pixels"": 15912, ""n_val_pixels"": 6991, ""samples_per_min"": 15, ""seed"": 1, ""soft_label_sigma"": 0.0, ""stride"": 10, ""weight_decay"": 0.0, ""window"": 120}",3.1616138458251952,2.628579953765872,-0.5050200462341283,0.9344419903150076,0.138189956937096,-1.0,True
p1_fb_slide_cls_w120_stride10_spatA3_bb_gru_kthr0.7_seed2,"{""backbone"": ""gru"", ""batch_size"": 256, ""cache_stem"": ""regress_all_filt_abcd_ntcRaw_madk1p5_spatA3"", ""device"": ""cuda"", ""dropout"": 0.1, ""epochs"": 30, ""k_consecutive"": 3, ""k_thr"": 0.7, ""lr"": 0.001, ""max_train_pixels"": null, ""method"": ""P1.2 F-B sliding-window classifier (Paper 18 / Li et al. 2024 adaptation)"", ""n_params"": 100353, ""n_test_pixels"": 5014, ""n_train_pixels"": 17225, ""n_val_pixels"": 5678, ""samples_per_min"": 15, ""seed"": 2, ""soft_label_sigma"": 0.0, ""stride"": 10, ""weight_decay"": 0.0, ""window"": 120}",2.712372398376465,2.2210993324279804,-0.9125006675720194,0.9619833076022092,0.079141714355561,-1.0,True
p1_fb_slide_cls_w120_stride10_spatA3_bb_tcn_kthr0.7_seed0,"{""backbone"": ""tcn"", ""batch_size"": 256, ""cache_stem"": ""regress_all_filt_abcd_ntcRaw_madk1p5_spatA3"", ""device"": ""cuda"", ""dropout"": 0.1, ""epochs"": 30, ""k_consecutive"": 3, ""k_thr"": 0.7, ""lr"": 0.001, ""max_train_pixels"": null, ""method"": ""P1.2 F-B sliding-window classifier (Paper 18 / Li et al. 2024 adaptation)"", ""n_params"": 55329, ""n_test_pixels"": 5014, ""n_train_pixels"": 17225, ""n_val_pixels"": 5678, ""samples_per_min"": 15, ""seed"": 0, ""soft_label_sigma"": 0.0, ""stride"": 10, ""weight_decay"": 0.0, ""window"": 120}",3.0665966033935548,2.5266994987487816,-0.6069005012512185,0.5666928490607483,0.1047731263836783,-0.7,False
p1_fb_slide_cls_w120_stride10_spatA3_bb_tcn_kthr0.7_seed1,"{""backbone"": ""tcn"", ""batch_size"": 256, ""cache_stem"": ""regress_all_filt_abcd_ntcRaw_madk1p5_spatA3"", ""device"": ""cuda"", ""dropout"": 0.1, ""epochs"": 30, ""k_consecutive"": 3, ""k_thr"": 0.7, ""lr"": 0.001, ""max_train_pixels"": null, ""method"": ""P1.2 F-B sliding-window classifier (Paper 18 / Li et al. 2024 adaptation)"", ""n_params"": 55329, ""n_test_pixels"": 5014, ""n_train_pixels"": 15912, ""n_val_pixels"": 6991, ""samples_per_min"": 15, ""seed"": 1, ""soft_label_sigma"": 0.0, ""stride"": 10, ""weight_decay"": 0.0, ""window"": 120}",3.2219228744506836,2.6201723609924343,-0.5134276390075657,0.6752450079975827,0.1360654847058276,-0.7,False
p1_fb_slide_cls_w120_stride10_spatA3_bb_tcn_kthr0.7_seed2,"{""backbone"": ""tcn"", ""batch_size"": 256, ""cache_stem"": ""regress_all_filt_abcd_ntcRaw_madk1p5_spatA3"", ""device"": ""cuda"", ""dropout"": 0.1, ""epochs"": 30, ""k_consecutive"": 3, ""k_thr"": 0.7, ""lr"": 0.001, ""max_train_pixels"": null, ""method"": ""P1.2 F-B sliding-window classifier (Paper 18 / Li et al. 2024 adaptation)"", ""n_params"": 55329, ""n_test_pixels"": 5014, ""n_train_pixels"": 17225, ""n_val_pixels"": 5678, ""samples_per_min"": 15, ""seed"": 2, ""soft_label_sigma"": 0.0, ""stride"": 10, ""weight_decay"": 0.0, ""window"": 120}",2.948470115661621,2.397799924468998,-0.7358000755310026,0.7375023873600475,0.0938444691198135,-0.7,False
p1_fb_slide_cls_w120_stride10_spatA3_bb_transformer_patch_kthr0.7_seed0,"{""backbone"": ""transformer_patch"", ""batch_size"": 256, ""cache_stem"": ""regress_all_filt_abcd_ntcRaw_madk1p5_spatA3"", ""device"": ""cuda"", ""dropout"": 0.1, ""epochs"": 30, ""k_consecutive"": 3, ""k_thr"": 0.7, ""lr"": 0.001, ""max_train_pixels"": null, ""method"": ""P1.2 F-B sliding-window classifier (Paper 18 / Li et al. 2024 adaptation)"", ""n_params"": 101505, ""n_test_pixels"": 5014, ""n_train_pixels"": 17225, ""n_val_pixels"": 5678, ""samples_per_min"": 15, ""seed"": 0, ""soft_label_sigma"": 0.0, ""stride"": 10, ""weight_decay"": 0.0, ""window"": 120}",2.94679012298584,2.4392344985961936,-0.6943655014038062,0.8431350756953764,0.1070116755585437,-1.0,True
p1_fb_slide_cls_w120_stride10_spatA3_bb_transformer_patch_kthr0.7_seed1,"{""backbone"": ""transformer_patch"", ""batch_size"": 256, ""cache_stem"": ""regress_all_filt_abcd_ntcRaw_madk1p5_spatA3"", ""device"": ""cuda"", ""dropout"": 0.1, ""epochs"": 30, ""k_consecutive"": 3, ""k_thr"": 0.7, ""lr"": 0.001, ""max_train_pixels"": null, ""method"": ""P1.2 F-B sliding-window classifier (Paper 18 / Li et al. 2024 adaptation)"", ""n_params"": 101505, ""n_test_pixels"": 5014, ""n_train_pixels"": 15912, ""n_val_pixels"": 6991, ""samples_per_min"": 15, ""seed"": 1, ""soft_label_sigma"": 0.0, ""stride"": 10, ""weight_decay"": 0.0, ""window"": 120}",3.139484405517578,2.644252446746828,-0.4893475532531723,0.6334725520289815,0.1603409568338372,-0.7,False
p1_fb_slide_cls_w120_stride10_spatA3_bb_transformer_patch_kthr0.7_seed2,"{""backbone"": ""transformer_patch"", ""batch_size"": 256, ""cache_stem"": ""regress_all_filt_abcd_ntcRaw_madk1p5_spatA3"", ""device"": ""cuda"", ""dropout"": 0.1, ""epochs"": 30, ""k_consecutive"": 3, ""k_thr"": 0.7, ""lr"": 0.001, ""max_train_pixels"": null, ""method"": ""P1.2 F-B sliding-window classifier (Paper 18 / Li et al. 2024 adaptation)"", ""n_params"": 101505, ""n_test_pixels"": 5014, ""n_train_pixels"": 17225, ""n_val_pixels"": 5678, ""samples_per_min"": 15, ""seed"": 2, ""soft_label_sigma"": 0.0, ""stride"": 10, ""weight_decay"": 0.0, ""window"": 120}",2.9025402069091797,2.4054832969665547,-0.7281167030334452,0.9054466037271524,0.0949033659502247,-0.8999999999999998,False
p1_fb_slide_cls_w120_stride10_spatA3_bb_unet_kthr0.7_seed0,"{""backbone"": ""unet"", ""batch_size"": 256, ""cache_stem"": ""regress_all_filt_abcd_ntcRaw_madk1p5_spatA3"", ""device"": ""cuda"", ""dropout"": 0.1, ""epochs"": 30, ""k_consecutive"": 3, ""k_thr"": 0.7, ""lr"": 0.001, ""max_train_pixels"": null, ""method"": ""P1.2 F-B sliding-window classifier (Paper 18 / Li et al. 2024 adaptation)"", ""n_params"": 492467, ""n_test_pixels"": 5014, ""n_train_pixels"": 17225, ""n_val_pixels"": 5678, ""samples_per_min"": 15, ""seed"": 0, ""soft_label_sigma"": 0.0, ""stride"": 10, ""weight_decay"": 0.0, ""window"": 120}",7.037732887268066,3.63786836013794,0.5042683601379401,0.7097800161785222,0.2913509010105801,0.8999999999999998,False
p1_fb_slide_cls_w120_stride10_spatA3_bb_unet_kthr0.7_seed1,"{""backbone"": ""unet"", ""batch_size"": 256, ""cache_stem"": ""regress_all_filt_abcd_ntcRaw_madk1p5_spatA3"", ""device"": ""cuda"", ""dropout"": 0.1, ""epochs"": 30, ""k_consecutive"": 3, ""k_thr"": 0.7, ""lr"": 0.001, ""max_train_pixels"": null, ""method"": ""P1.2 F-B sliding-window classifier (Paper 18 / Li et al. 2024 adaptation)"", ""n_params"": 492467, ""n_test_pixels"": 5014, ""n_train_pixels"": 15912, ""n_val_pixels"": 6991, ""samples_per_min"": 15, ""seed"": 1, ""soft_label_sigma"": 0.0, ""stride"": 10, ""weight_decay"": 0.0, ""window"": 120}",2.540293502807617,1.7828053985595749,-1.3507946014404253,0.97640275906199,0.0495938216107302,-1.0,True
p1_fb_slide_cls_w120_stride10_spatA3_bb_unet_kthr0.7_seed2,"{""backbone"": ""unet"", ""batch_size"": 256, ""cache_stem"": ""regress_all_filt_abcd_ntcRaw_madk1p5_spatA3"", ""device"": ""cuda"", ""dropout"": 0.1, ""epochs"": 30, ""k_consecutive"": 3, ""k_thr"": 0.7, ""lr"": 0.001, ""max_train_pixels"": null, ""method"": ""P1.2 F-B sliding-window classifier (Paper 18 / Li et al. 2024 adaptation)"", ""n_params"": 492467, ""n_test_pixels"": 5014, ""n_train_pixels"": 17225, ""n_val_pixels"": 5678, ""samples_per_min"": 15, ""seed"": 2, ""soft_label_sigma"": 0.0, ""stride"": 10, ""weight_decay"": 0.0, ""window"": 120}",2.538654327392578,2.0615345512390175,-1.0720654487609824,0.962629335875824,0.060298526475975,-1.0,True
p1_fb_slide_cls_w120_stride10_spatA3_bb_unet_kthr0.7_seed3,"{""backbone"": ""unet"", ""batch_size"": 256, ""cache_stem"": ""regress_all_filt_abcd_ntcRaw_madk1p5_spatA3"", ""device"": ""cuda"", ""dropout"": 0.1, ""epochs"": 30, ""k_consecutive"": 3, ""k_thr"": 0.7, ""lr"": 0.001, ""max_train_pixels"": null, ""method"": ""P1.2 F-B sliding-window classifier (Paper 18 / Li et al. 2024 adaptation)"", ""n_params"": 492467, ""n_test_pixels"": 5014, ""n_train_pixels"": 15912, ""n_val_pixels"": 6991, ""samples_per_min"": 15, ""seed"": 3, ""soft_label_sigma"": 0.0, ""stride"": 10, ""weight_decay"": 0.0, ""window"": 120}",2.381816864013672,2.0245164428710964,-1.1090835571289035,0.9147548647950148,0.1750844770837473,-0.8999999999999998,False
p1_fb_slide_cls_w120_stride10_spatA3_bb_unet_kthr0.7_seed4,"{""backbone"": ""unet"", ""batch_size"": 256, ""cache_stem"": ""regress_all_filt_abcd_ntcRaw_madk1p5_spatA3"", ""device"": ""cuda"", ""dropout"": 0.1, ""epochs"": 30, ""k_consecutive"": 3, ""k_thr"": 0.7, ""lr"": 0.001, ""max_train_pixels"": null, ""method"": ""P1.2 F-B sliding-window classifier (Paper 18 / Li et al. 2024 adaptation)"", ""n_params"": 492467, ""n_test_pixels"": 5014, ""n_train_pixels"": 17225, ""n_val_pixels"": 5678, ""samples_per_min"": 15, ""seed"": 4, ""soft_label_sigma"": 0.0, ""stride"": 10, ""weight_decay"": 0.0, ""window"": 120}",2.760400581359863,2.241750386810306,-0.891849613189694,0.9391600904215296,0.0912356555176287,-1.0,True
p1_fb_slide_cls_w120_stride10_spatA3_bb_unet_softsig3_kthr0.7_seed0,"{""backbone"": ""unet"", ""batch_size"": 256, ""cache_stem"": ""regress_all_filt_abcd_ntcRaw_madk1p5_spatA3"", ""device"": ""cuda"", ""dropout"": 0.1, ""epochs"": 30, ""k_consecutive"": 3, ""k_thr"": 0.7, ""lr"": 0.001, ""max_train_pixels"": null, ""method"": ""P1.2 F-B sliding-window classifier (Paper 18 / Li et al. 2024 adaptation)"", ""n_params"": 492467, ""n_test_pixels"": 5014, ""n_train_pixels"": 17225, ""n_val_pixels"": 5678, ""samples_per_min"": 15, ""seed"": 0, ""soft_label_sigma"": 3.0, ""stride"": 10, ""weight_decay"": 0.0, ""window"": 120}",6.038095760345459,4.008931020355225,0.8753310203552245,0.8027105379978785,0.3567235202180326,0.8999999999999998,False
p1_fb_slide_cls_w120_stride10_spatA3_bb_unet_softsig3_kthr0.7_seed1,"{""backbone"": ""unet"", ""batch_size"": 256, ""cache_stem"": ""regress_all_filt_abcd_ntcRaw_madk1p5_spatA3"", ""device"": ""cuda"", ""dropout"": 0.1, ""epochs"": 30, ""k_consecutive"": 3, ""k_thr"": 0.7, ""lr"": 0.001, ""max_train_pixels"": null, ""method"": ""P1.2 F-B sliding-window classifier (Paper 18 / Li et al. 2024 adaptation)"", ""n_params"": 492467, ""n_test_pixels"": 5014, ""n_train_pixels"": 15912, ""n_val_pixels"": 6991, ""samples_per_min"": 15, ""seed"": 1, ""soft_label_sigma"": 3.0, ""stride"": 10, ""weight_decay"": 0.0, ""window"": 120}",5.945909118652343,3.2150777374267596,0.0814777374267594,0.0459051036623036,0.2001442827229424,-0.1999999999999999,False
p1_fb_slide_cls_w120_stride10_spatA3_bb_unet_softsig3_kthr0.7_seed2,"{""backbone"": ""unet"", ""batch_size"": 256, ""cache_stem"": ""regress_all_filt_abcd_ntcRaw_madk1p5_spatA3"", ""device"": ""cuda"", ""dropout"": 0.1, ""epochs"": 30, ""k_consecutive"": 3, ""k_thr"": 0.7, ""lr"": 0.001, ""max_train_pixels"": null, ""method"": ""P1.2 F-B sliding-window classifier (Paper 18 / Li et al. 2024 adaptation)"", ""n_params"": 492467, ""n_test_pixels"": 5014, ""n_train_pixels"": 17225, ""n_val_pixels"": 5678, ""samples_per_min"": 15, ""seed"": 2, ""soft_label_sigma"": 3.0, ""stride"": 10, ""weight_decay"": 0.0, ""window"": 120}",8.793523406982422,3.580173829650881,0.4465738296508811,0.2129194435894046,0.1160724737358536,0.3,False
p1_fb_slide_cls_w120_stride10_spatA3_bb_unet_softsig5_kthr0.7_seed0,"{""backbone"": ""unet"", ""batch_size"": 256, ""cache_stem"": ""regress_all_filt_abcd_ntcRaw_madk1p5_spatA3"", ""device"": ""cuda"", ""dropout"": 0.1, ""epochs"": 30, ""k_consecutive"": 3, ""k_thr"": 0.7, ""lr"": 0.001, ""max_train_pixels"": null, ""method"": ""P1.2 F-B sliding-window classifier (Paper 18 / Li et al. 2024 adaptation)"", ""n_params"": 492467, ""n_test_pixels"": 5014, ""n_train_pixels"": 17225, ""n_val_pixels"": 5678, ""samples_per_min"": 15, ""seed"": 0, ""soft_label_sigma"": 5.0, ""stride"": 10, ""weight_decay"": 0.0, ""window"": 120}",3.5248132705688477,2.72577224121094,-0.4078277587890598,0.3645105924097083,0.1297517847481455,-0.3999999999999999,False
p1_fb_slide_cls_w120_stride10_spatA3_bb_unet_softsig5_kthr0.7_seed1,"{""backbone"": ""unet"", ""batch_size"": 256, ""cache_stem"": ""regress_all_filt_abcd_ntcRaw_madk1p5_spatA3"", ""device"": ""cuda"", ""dropout"": 0.1, ""epochs"": 30, ""k_consecutive"": 3, ""k_thr"": 0.7, ""lr"": 0.001, ""max_train_pixels"": null, ""method"": ""P1.2 F-B sliding-window classifier (Paper 18 / Li et al. 2024 adaptation)"", ""n_params"": 492467, ""n_test_pixels"": 5014, ""n_train_pixels"": 15912, ""n_val_pixels"": 6991, ""samples_per_min"": 15, ""seed"": 1, ""soft_label_sigma"": 5.0, ""stride"": 10, ""weight_decay"": 0.0, ""window"": 120}",6.582978057861328,2.514648011779789,-0.6189519882202112,0.6865929590676109,0.0808720728224519,-0.7,False
p1_fb_slide_cls_w120_stride10_spatA3_bb_unet_softsig5_kthr0.7_seed2,"{""backbone"": ""unet"", ""batch_size"": 256, ""cache_stem"": ""regress_all_filt_abcd_ntcRaw_madk1p5_spatA3"", ""device"": ""cuda"", ""dropout"": 0.1, ""epochs"": 30, ""k_consecutive"": 3, ""k_thr"": 0.7, ""lr"": 0.001, ""max_train_pixels"": null, ""method"": ""P1.2 F-B sliding-window classifier (Paper 18 / Li et al. 2024 adaptation)"", ""n_params"": 492467, ""n_test_pixels"": 5014, ""n_train_pixels"": 17225, ""n_val_pixels"": 5678, ""samples_per_min"": 15, ""seed"": 2, ""soft_label_sigma"": 5.0, ""stride"": 10, ""weight_decay"": 0.0, ""window"": 120}",9.906100845336914,2.4267116104126005,-0.7068883895873996,0.8783692676348406,0.0578670693742095,-1.0,True
p1_fb_slide_cls_w120_stride10_spatA3_kthr0.7_seed0,"{""backbone"": ""cnn_gru_par"", ""batch_size"": 256, ""cache_stem"": ""regress_all_filt_abcd_ntcRaw_madk1p5_spatA3"", ""device"": ""cuda"", ""dropout"": 0.1, ""epochs"": 30, ""k_consecutive"": 3, ""k_thr"": 0.7, ""lr"": 0.001, ""max_train_pixels"": null, ""method"": ""P1.2 F-B sliding-window classifier (Paper 18 / Li et al. 2024 adaptation)"", ""n_params"": 180641, ""n_test_pixels"": 5014, ""n_train_pixels"": 17225, ""n_val_pixels"": 5678, ""samples_per_min"": 15, ""seed"": 0, ""soft_label_sigma"": 0.0, ""stride"": 10, ""weight_decay"": 0.0, ""window"": 120}",2.6720691680908204,2.2177331481933624,-0.9158668518066376,0.971615770183418,0.0763534953087048,-1.0,True
p1_fb_slide_cls_w120_stride10_spatA3_kthr0.7_seed1,"{""backbone"": ""cnn_gru_par"", ""batch_size"": 256, ""cache_stem"": ""regress_all_filt_abcd_ntcRaw_madk1p5_spatA3"", ""device"": ""cuda"", ""dropout"": 0.1, ""epochs"": 30, ""k_consecutive"": 3, ""k_thr"": 0.7, ""lr"": 0.001, ""max_train_pixels"": null, ""method"": ""P1.2 F-B sliding-window classifier (Paper 18 / Li et al. 2024 adaptation)"", ""n_params"": 180641, ""n_test_pixels"": 5014, ""n_train_pixels"": 15912, ""n_val_pixels"": 6991, ""samples_per_min"": 15, ""seed"": 1, ""soft_label_sigma"": 0.0, ""stride"": 10, ""weight_decay"": 0.0, ""window"": 120}",3.4122035980224608,2.745989087677005,-0.3876109123229954,0.8240366377367769,0.1744750505700435,-0.8999999999999998,False
p1_fb_slide_cls_w120_stride10_spatA3_kthr0.7_seed2,"{""backbone"": ""cnn_gru_par"", ""batch_size"": 256, ""cache_stem"": ""regress_all_filt_abcd_ntcRaw_madk1p5_spatA3"", ""device"": ""cuda"", ""dropout"": 0.1, ""epochs"": 30, ""k_consecutive"": 3, ""k_thr"": 0.7, ""lr"": 0.001, ""max_train_pixels"": null, ""method"": ""P1.2 F-B sliding-window classifier (Paper 18 / Li et al. 2024 adaptation)"", ""n_params"": 180641, ""n_test_pixels"": 5014, ""n_train_pixels"": 17225, ""n_val_pixels"": 5678, ""samples_per_min"": 15, ""seed"": 2, ""soft_label_sigma"": 0.0, ""stride"": 10, ""weight_decay"": 0.0, ""window"": 120}",2.8394323348999024,2.34180236206055,-0.79179763793945,0.7862988964170173,0.0851813200608153,-0.8999999999999998,False
p1_fb_slide_cls_w120_stride10_spatA3_lr0.0003_do0.1_wd0_kthr0.7_seed0,"{""backbone"": ""cnn_gru_par"", ""batch_size"": 256, ""cache_stem"": ""regress_all_filt_abcd_ntcRaw_madk1p5_spatA3"", ""device"": ""cuda"", ""dropout"": 0.1, ""epochs"": 30, ""k_consecutive"": 3, ""k_thr"": 0.7, ""lr"": 0.0003, ""max_train_pixels"": null, ""method"": ""P1.2 F-B sliding-window classifier (Paper 18 / Li et al. 2024 adaptation)"", ""n_params"": 180641, ""n_test_pixels"": 5014, ""n_train_pixels"": 17225, ""n_val_pixels"": 5678, ""samples_per_min"": 15, ""seed"": 0, ""soft_label_sigma"": 0.0, ""stride"": 10, ""weight_decay"": 0.0, ""window"": 120}",2.687554359436035,2.276215890502933,-0.8573841094970672,0.9089065432912686,0.0815119222442907,-0.8999999999999998,False
p1_fb_slide_cls_w120_stride10_spatA3_lr0.0003_do0.1_wd0_kthr0.7_seed1,"{""backbone"": ""cnn_gru_par"", ""batch_size"": 256, ""cache_stem"": ""regress_all_filt_abcd_ntcRaw_madk1p5_spatA3"", ""device"": ""cuda"", ""dropout"": 0.1, ""epochs"": 30, ""k_consecutive"": 3, ""k_thr"": 0.7, ""lr"": 0.0003, ""max_train_pixels"": null, ""method"": ""P1.2 F-B sliding-window classifier (Paper 18 / Li et al. 2024 adaptation)"", ""n_params"": 180641, ""n_test_pixels"": 5014, ""n_train_pixels"": 15912, ""n_val_pixels"": 6991, ""samples_per_min"": 15, ""seed"": 1, ""soft_label_sigma"": 0.0, ""stride"": 10, ""weight_decay"": 0.0, ""window"": 120}",3.454005813598633,2.737350038146974,-0.3962499618530253,0.5157304253654886,0.1367028419851144,-0.6,False
p1_fb_slide_cls_w120_stride10_spatA3_lr0.0003_do0.1_wd0_kthr0.7_seed2,"{""backbone"": ""cnn_gru_par"", ""batch_size"": 256, ""cache_stem"": ""regress_all_filt_abcd_ntcRaw_madk1p5_spatA3"", ""device"": ""cuda"", ""dropout"": 0.1, ""epochs"": 30, ""k_consecutive"": 3, ""k_thr"": 0.7, ""lr"": 0.0003, ""max_train_pixels"": null, ""method"": ""P1.2 F-B sliding-window classifier (Paper 18 / Li et al. 2024 adaptation)"", ""n_params"": 180641, ""n_test_pixels"": 5014, ""n_train_pixels"": 17225, ""n_val_pixels"": 5678, ""samples_per_min"": 15, ""seed"": 2, ""soft_label_sigma"": 0.0, ""stride"": 10, ""weight_decay"": 0.0, ""window"": 120}",2.831744384765625,2.353378823852542,-0.7802211761474582,0.8100483392958093,0.0848324636198933,-0.8999999999999998,False
p1_fb_slide_cls_w120_stride10_spatA3_lr0.001_do0.1_wd0.0001_kthr0.7_seed0,"{""backbone"": ""cnn_gru_par"", ""batch_size"": 256, ""cache_stem"": ""regress_all_filt_abcd_ntcRaw_madk1p5_spatA3"", ""device"": ""cuda"", ""dropout"": 0.1, ""epochs"": 30, ""k_consecutive"": 3, ""k_thr"": 0.7, ""lr"": 0.001, ""max_train_pixels"": null, ""method"": ""P1.2 F-B sliding-window classifier (Paper 18 / Li et al. 2024 adaptation)"", ""n_params"": 180641, ""n_test_pixels"": 5014, ""n_train_pixels"": 17225, ""n_val_pixels"": 5678, ""samples_per_min"": 15, ""seed"": 0, ""soft_label_sigma"": 0.0, ""stride"": 10, ""weight_decay"": 0.0001, ""window"": 120}",2.848310661315918,2.3948423896789586,-0.7387576103210414,0.805055770500414,0.0900884414741015,-0.8999999999999998,False
p1_fb_slide_cls_w120_stride10_spatA3_lr0.001_do0.1_wd0.0001_kthr0.7_seed1,"{""backbone"": ""cnn_gru_par"", ""batch_size"": 256, ""cache_stem"": ""regress_all_filt_abcd_ntcRaw_madk1p5_spatA3"", ""device"": ""cuda"", ""dropout"": 0.1, ""epochs"": 30, ""k_consecutive"": 3, ""k_thr"": 0.7, ""lr"": 0.001, ""max_train_pixels"": null, ""method"": ""P1.2 F-B sliding-window classifier (Paper 18 / Li et al. 2024 adaptation)"", ""n_params"": 180641, ""n_test_pixels"": 5014, ""n_train_pixels"": 15912, ""n_val_pixels"": 6991, ""samples_per_min"": 15, ""seed"": 1, ""soft_label_sigma"": 0.0, ""stride"": 10, ""weight_decay"": 0.0001, ""window"": 120}",3.4312625885009767,2.7239284072875996,-0.4096715927124004,0.691755119805765,0.1765966164445679,-0.7,False
p1_fb_slide_cls_w120_stride10_spatA3_lr0.001_do0.1_wd0.0001_kthr0.7_seed2,"{""backbone"": ""cnn_gru_par"", ""batch_size"": 256, ""cache_stem"": ""regress_all_filt_abcd_ntcRaw_madk1p5_spatA3"", ""device"": ""cuda"", ""dropout"": 0.1, ""epochs"": 30, ""k_consecutive"": 3, ""k_thr"": 0.7, ""lr"": 0.001, ""max_train_pixels"": null, ""method"": ""P1.2 F-B sliding-window classifier (Paper 18 / Li et al. 2024 adaptation)"", ""n_params"": 180641, ""n_test_pixels"": 5014, ""n_train_pixels"": 17225, ""n_val_pixels"": 5678, ""samples_per_min"": 15, ""seed"": 2, ""soft_label_sigma"": 0.0, ""stride"": 10, ""weight_decay"": 0.0001, ""window"": 120}",2.672738456726074,2.2142373596191436,-0.9193626403808564,0.919171229835094,0.0751404535422214,-1.0,True
p1_fb_slide_cls_w120_stride10_spatA3_lr0.001_do0.3_wd0_kthr0.7_seed0,"{""backbone"": ""cnn_gru_par"", ""batch_size"": 256, ""cache_stem"": ""regress_all_filt_abcd_ntcRaw_madk1p5_spatA3"", ""device"": ""cuda"", ""dropout"": 0.3, ""epochs"": 30, ""k_consecutive"": 3, ""k_thr"": 0.7, ""lr"": 0.001, ""max_train_pixels"": null, ""method"": ""P1.2 F-B sliding-window classifier (Paper 18 / Li et al. 2024 adaptation)"", ""n_params"": 180641, ""n_test_pixels"": 5014, ""n_train_pixels"": 17225, ""n_val_pixels"": 5678, ""samples_per_min"": 15, ""seed"": 0, ""soft_label_sigma"": 0.0, ""stride"": 10, ""weight_decay"": 0.0, ""window"": 120}",2.5949703216552735,2.148952153778079,-0.9846478462219208,0.9719614852500142,0.0795750171023396,-1.0,True
p1_fb_slide_cls_w120_stride10_spatA3_lr0.001_do0.3_wd0_kthr0.7_seed1,"{""backbone"": ""cnn_gru_par"", ""batch_size"": 256, ""cache_stem"": ""regress_all_filt_abcd_ntcRaw_madk1p5_spatA3"", ""device"": ""cuda"", ""dropout"": 0.3, ""epochs"": 30, ""k_consecutive"": 3, ""k_thr"": 0.7, ""lr"": 0.001, ""max_train_pixels"": null, ""method"": ""P1.2 F-B sliding-window classifier (Paper 18 / Li et al. 2024 adaptation)"", ""n_params"": 180641, ""n_test_pixels"": 5014, ""n_train_pixels"": 15912, ""n_val_pixels"": 6991, ""samples_per_min"": 15, ""seed"": 1, ""soft_label_sigma"": 0.0, ""stride"": 10, ""weight_decay"": 0.0, ""window"": 120}",3.1637641906738283,2.57042670593262,-0.5631732940673795,0.9268744999175028,0.147062951548463,-1.0,True
p1_fb_slide_cls_w120_stride10_spatA3_lr0.001_do0.3_wd0_kthr0.7_seed2,"{""backbone"": ""cnn_gru_par"", ""batch_size"": 256, ""cache_stem"": ""regress_all_filt_abcd_ntcRaw_madk1p5_spatA3"", ""device"": ""cuda"", ""dropout"": 0.3, ""epochs"": 30, ""k_consecutive"": 3, ""k_thr"": 0.7, ""lr"": 0.001, ""max_train_pixels"": null, ""method"": ""P1.2 F-B sliding-window classifier (Paper 18 / Li et al. 2024 adaptation)"", ""n_params"": 180641, ""n_test_pixels"": 5014, ""n_train_pixels"": 17225, ""n_val_pixels"": 5678, ""samples_per_min"": 15, ""seed"": 2, ""soft_label_sigma"": 0.0, ""stride"": 10, ""weight_decay"": 0.0, ""window"": 120}",2.771779441833496,2.286205628967287,-0.8473943710327131,0.8948970754725792,0.0817147786559467,-0.8999999999999998,False
p1_fb_slide_cls_w120_stride10_spatA3_softsig1_kthr0.7_seed0,"{""backbone"": ""cnn_gru_par"", ""batch_size"": 256, ""cache_stem"": ""regress_all_filt_abcd_ntcRaw_madk1p5_spatA3"", ""device"": ""cuda"", ""dropout"": 0.1, ""epochs"": 30, ""k_consecutive"": 3, ""k_thr"": 0.7, ""lr"": 0.001, ""max_train_pixels"": null, ""method"": ""P1.2 F-B sliding-window classifier (Paper 18 / Li et al. 2024 adaptation)"", ""n_params"": 180641, ""n_test_pixels"": 5014, ""n_train_pixels"": 17225, ""n_val_pixels"": 5678, ""samples_per_min"": 15, ""seed"": 0, ""soft_label_sigma"": 1.0, ""stride"": 10, ""weight_decay"": 0.0, ""window"": 120}",2.7947628021240236,2.3196593795776397,-0.8139406204223602,0.9252392027249808,0.082671396661439,-1.0,True
p1_fb_slide_cls_w120_stride10_spatA3_softsig1_kthr0.7_seed1,"{""backbone"": ""cnn_gru_par"", ""batch_size"": 256, ""cache_stem"": ""regress_all_filt_abcd_ntcRaw_madk1p5_spatA3"", ""device"": ""cuda"", ""dropout"": 0.1, ""epochs"": 30, ""k_consecutive"": 3, ""k_thr"": 0.7, ""lr"": 0.001, ""max_train_pixels"": null, ""method"": ""P1.2 F-B sliding-window classifier (Paper 18 / Li et al. 2024 adaptation)"", ""n_params"": 180641, ""n_test_pixels"": 5014, ""n_train_pixels"": 15912, ""n_val_pixels"": 6991, ""samples_per_min"": 15, ""seed"": 1, ""soft_label_sigma"": 1.0, ""stride"": 10, ""weight_decay"": 0.0, ""window"": 120}",3.0476491928100584,2.501832440948488,-0.6317675590515122,0.8376340411723606,0.1214127566699977,-0.8999999999999998,False
p1_fb_slide_cls_w120_stride10_spatA3_softsig1_kthr0.7_seed2,"{""backbone"": ""cnn_gru_par"", ""batch_size"": 256, ""cache_stem"": ""regress_all_filt_abcd_ntcRaw_madk1p5_spatA3"", ""device"": ""cuda"", ""dropout"": 0.1, ""epochs"": 30, ""k_consecutive"": 3, ""k_thr"": 0.7, ""lr"": 0.001, ""max_train_pixels"": null, ""method"": ""P1.2 F-B sliding-window classifier (Paper 18 / Li et al. 2024 adaptation)"", ""n_params"": 180641, ""n_test_pixels"": 5014, ""n_train_pixels"": 17225, ""n_val_pixels"": 5678, ""samples_per_min"": 15, ""seed"": 2, ""soft_label_sigma"": 1.0, ""stride"": 10, ""weight_decay"": 0.0, ""window"": 120}",3.023366355895996,2.522338250732425,-0.6112617492675754,0.6697179232686132,0.1054753573272147,-0.7,False
p1_fb_slide_cls_w120_stride10_spatA3_softsig3_kthr0.7_seed0,"{""backbone"": ""cnn_gru_par"", ""batch_size"": 256, ""cache_stem"": ""regress_all_filt_abcd_ntcRaw_madk1p5_spatA3"", ""device"": ""cuda"", ""dropout"": 0.1, ""epochs"": 30, ""k_consecutive"": 3, ""k_thr"": 0.7, ""lr"": 0.001, ""max_train_pixels"": null, ""method"": ""P1.2 F-B sliding-window classifier (Paper 18 / Li et al. 2024 adaptation)"", ""n_params"": 180641, ""n_test_pixels"": 5014, ""n_train_pixels"": 17225, ""n_val_pixels"": 5678, ""samples_per_min"": 15, ""seed"": 0, ""soft_label_sigma"": 3.0, ""stride"": 10, ""weight_decay"": 0.0, ""window"": 120}",2.792007827758789,2.3237162147521992,-0.8098837852478005,0.9434671808749804,0.0734615419638825,-1.0,True
p1_fb_slide_cls_w120_stride10_spatA3_softsig3_kthr0.7_seed1,"{""backbone"": ""cnn_gru_par"", ""batch_size"": 256, ""cache_stem"": ""regress_all_filt_abcd_ntcRaw_madk1p5_spatA3"", ""device"": ""cuda"", ""dropout"": 0.1, ""epochs"": 30, ""k_consecutive"": 3, ""k_thr"": 0.7, ""lr"": 0.001, ""max_train_pixels"": null, ""method"": ""P1.2 F-B sliding-window classifier (Paper 18 / Li et al. 2024 adaptation)"", ""n_params"": 180641, ""n_test_pixels"": 5014, ""n_train_pixels"": 15912, ""n_val_pixels"": 6991, ""samples_per_min"": 15, ""seed"": 1, ""soft_label_sigma"": 3.0, ""stride"": 10, ""weight_decay"": 0.0, ""window"": 120}",3.2858394622802733,2.6610971961975114,-0.4725028038024884,0.688925052097566,0.1404984518409289,-0.6,False
p1_fb_slide_cls_w120_stride10_spatA3_softsig3_kthr0.7_seed2,"{""backbone"": ""cnn_gru_par"", ""batch_size"": 256, ""cache_stem"": ""regress_all_filt_abcd_ntcRaw_madk1p5_spatA3"", ""device"": ""cuda"", ""dropout"": 0.1, ""epochs"": 30, ""k_consecutive"": 3, ""k_thr"": 0.7, ""lr"": 0.001, ""max_train_pixels"": null, ""method"": ""P1.2 F-B sliding-window classifier (Paper 18 / Li et al. 2024 adaptation)"", ""n_params"": 180641, ""n_test_pixels"": 5014, ""n_train_pixels"": 17225, ""n_val_pixels"": 5678, ""samples_per_min"": 15, ""seed"": 2, ""soft_label_sigma"": 3.0, ""stride"": 10, ""weight_decay"": 0.0, ""window"": 120}",2.7297796249389648,2.247656396484378,-0.8859436035156218,0.9154365754638748,0.0803282686970076,-0.8999999999999998,False
p1_fb_slide_cls_w120_stride10_spatA3_softsig3_lr0.001_do0.3_wd0_kthr0.7_seed0,"{""backbone"": ""cnn_gru_par"", ""batch_size"": 256, ""cache_stem"": ""regress_all_filt_abcd_ntcRaw_madk1p5_spatA3"", ""device"": ""cuda"", ""dropout"": 0.3, ""epochs"": 30, ""k_consecutive"": 3, ""k_thr"": 0.7, ""lr"": 0.001, ""max_train_pixels"": null, ""method"": ""P1.2 F-B sliding-window classifier (Paper 18 / Li et al. 2024 adaptation)"", ""n_params"": 180641, ""n_test_pixels"": 5014, ""n_train_pixels"": 17225, ""n_val_pixels"": 5678, ""samples_per_min"": 15, ""seed"": 0, ""soft_label_sigma"": 3.0, ""stride"": 10, ""weight_decay"": 0.0, ""window"": 120}",2.6588342666625975,2.233009484863284,-0.900590515136716,0.9613651080346256,0.0913281565378284,-1.0,True
p1_fb_slide_cls_w120_stride10_spatA3_softsig3_lr0.001_do0.3_wd0_kthr0.7_seed1,"{""backbone"": ""cnn_gru_par"", ""batch_size"": 256, ""cache_stem"": ""regress_all_filt_abcd_ntcRaw_madk1p5_spatA3"", ""device"": ""cuda"", ""dropout"": 0.3, ""epochs"": 30, ""k_consecutive"": 3, ""k_thr"": 0.7, ""lr"": 0.001, ""max_train_pixels"": null, ""method"": ""P1.2 F-B sliding-window classifier (Paper 18 / Li et al. 2024 adaptation)"", ""n_params"": 180641, ""n_test_pixels"": 5014, ""n_train_pixels"": 15912, ""n_val_pixels"": 6991, ""samples_per_min"": 15, ""seed"": 1, ""soft_label_sigma"": 3.0, ""stride"": 10, ""weight_decay"": 0.0, ""window"": 120}",3.680820655822754,2.8849064384460466,-0.2486935615539536,0.4296337957187919,0.1906962608541009,-0.6,False
p1_fb_slide_cls_w120_stride10_spatA3_softsig3_lr0.001_do0.3_wd0_kthr0.7_seed2,"{""backbone"": ""cnn_gru_par"", ""batch_size"": 256, ""cache_stem"": ""regress_all_filt_abcd_ntcRaw_madk1p5_spatA3"", ""device"": ""cuda"", ""dropout"": 0.3, ""epochs"": 30, ""k_consecutive"": 3, ""k_thr"": 0.7, ""lr"": 0.001, ""max_train_pixels"": null, ""method"": ""P1.2 F-B sliding-window classifier (Paper 18 / Li et al. 2024 adaptation)"", ""n_params"": 180641, ""n_test_pixels"": 5014, ""n_train_pixels"": 17225, ""n_val_pixels"": 5678, ""samples_per_min"": 15, ""seed"": 2, ""soft_label_sigma"": 3.0, ""stride"": 10, ""weight_decay"": 0.0, ""window"": 120}",2.8127723693847657,2.34526915893555,-0.78833084106445,0.9054555430332074,0.0804448388829212,-0.8999999999999998,False
p1_fb_slide_cls_w120_stride10_spatA3_softsig5_kthr0.7_seed0,"{""backbone"": ""cnn_gru_par"", ""batch_size"": 256, ""cache_stem"": ""regress_all_filt_abcd_ntcRaw_madk1p5_spatA3"", ""device"": ""cuda"", ""dropout"": 0.1, ""epochs"": 30, ""k_consecutive"": 3, ""k_thr"": 0.7, ""lr"": 0.001, ""max_train_pixels"": null, ""method"": ""P1.2 F-B sliding-window classifier (Paper 18 / Li et al. 2024 adaptation)"", ""n_params"": 180641, ""n_test_pixels"": 5014, ""n_train_pixels"": 17225, ""n_val_pixels"": 5678, ""samples_per_min"": 15, ""seed"": 0, ""soft_label_sigma"": 5.0, ""stride"": 10, ""weight_decay"": 0.0, ""window"": 120}",2.7896133422851563,2.3184746299743684,-0.8151253700256317,0.9580719118840252,0.0915473247563823,-1.0,True
p1_fb_slide_cls_w120_stride10_spatA3_softsig5_kthr0.7_seed1,"{""backbone"": ""cnn_gru_par"", ""batch_size"": 256, ""cache_stem"": ""regress_all_filt_abcd_ntcRaw_madk1p5_spatA3"", ""device"": ""cuda"", ""dropout"": 0.1, ""epochs"": 30, ""k_consecutive"": 3, ""k_thr"": 0.7, ""lr"": 0.001, ""max_train_pixels"": null, ""method"": ""P1.2 F-B sliding-window classifier (Paper 18 / Li et al. 2024 adaptation)"", ""n_params"": 180641, ""n_test_pixels"": 5014, ""n_train_pixels"": 15912, ""n_val_pixels"": 6991, ""samples_per_min"": 15, ""seed"": 1, ""soft_label_sigma"": 5.0, ""stride"": 10, ""weight_decay"": 0.0, ""window"": 120}",3.5435068130493166,2.8281205688476585,-0.3054794311523413,0.6209282345726674,0.1796927058191345,-0.6,False
p1_fb_slide_cls_w120_stride10_spatA3_softsig5_kthr0.7_seed2,"{""backbone"": ""cnn_gru_par"", ""batch_size"": 256, ""cache_stem"": ""regress_all_filt_abcd_ntcRaw_madk1p5_spatA3"", ""device"": ""cuda"", ""dropout"": 0.1, ""epochs"": 30, ""k_consecutive"": 3, ""k_thr"": 0.7, ""lr"": 0.001, ""max_train_pixels"": null, ""method"": ""P1.2 F-B sliding-window classifier (Paper 18 / Li et al. 2024 adaptation)"", ""n_params"": 180641, ""n_test_pixels"": 5014, ""n_train_pixels"": 17225, ""n_val_pixels"": 5678, ""samples_per_min"": 15, ""seed"": 2, ""soft_label_sigma"": 5.0, ""stride"": 10, ""weight_decay"": 0.0, ""window"": 120}",2.725612831115723,2.2596079383850123,-0.8739920616149874,0.9259662618585816,0.0816409237536994,-1.0,True
p1_fb_slide_cls_w120_stride10_spatA3_softsig5_lr0.001_do0.3_wd0_kthr0.7_seed0,"{""backbone"": ""cnn_gru_par"", ""batch_size"": 256, ""cache_stem"": ""regress_all_filt_abcd_ntcRaw_madk1p5_spatA3"", ""device"": ""cuda"", ""dropout"": 0.3, ""epochs"": 30, ""k_consecutive"": 3, ""k_thr"": 0.7, ""lr"": 0.001, ""max_train_pixels"": null, ""method"": ""P1.2 F-B sliding-window classifier (Paper 18 / Li et al. 2024 adaptation)"", ""n_params"": 180641, ""n_test_pixels"": 5014, ""n_train_pixels"": 17225, ""n_val_pixels"": 5678, ""samples_per_min"": 15, ""seed"": 0, ""soft_label_sigma"": 5.0, ""stride"": 10, ""weight_decay"": 0.0, ""window"": 120}",2.676281547546387,2.233483270263674,-0.9001167297363257,0.9754019949795504,0.0842526119218432,-1.0,True
p1_fb_slide_cls_w120_stride10_spatA3_softsig5_lr0.001_do0.3_wd0_kthr0.7_seed1,"{""backbone"": ""cnn_gru_par"", ""batch_size"": 256, ""cache_stem"": ""regress_all_filt_abcd_ntcRaw_madk1p5_spatA3"", ""device"": ""cuda"", ""dropout"": 0.3, ""epochs"": 30, ""k_consecutive"": 3, ""k_thr"": 0.7, ""lr"": 0.001, ""max_train_pixels"": null, ""method"": ""P1.2 F-B sliding-window classifier (Paper 18 / Li et al. 2024 adaptation)"", ""n_params"": 180641, ""n_test_pixels"": 5014, ""n_train_pixels"": 15912, ""n_val_pixels"": 6991, ""samples_per_min"": 15, ""seed"": 1, ""soft_label_sigma"": 5.0, ""stride"": 10, ""weight_decay"": 0.0, ""window"": 120}",3.4283023834228517,2.7342864547729517,-0.3993135452270483,0.8180850940677171,0.1785285219726955,-0.8999999999999998,False
p1_fb_slide_cls_w120_stride10_spatA3_softsig5_lr0.001_do0.3_wd0_kthr0.7_seed2,"{""backbone"": ""cnn_gru_par"", ""batch_size"": 256, ""cache_stem"": ""regress_all_filt_abcd_ntcRaw_madk1p5_spatA3"", ""device"": ""cuda"", ""dropout"": 0.3, ""epochs"": 30, ""k_consecutive"": 3, ""k_thr"": 0.7, ""lr"": 0.001, ""max_train_pixels"": null, ""method"": ""P1.2 F-B sliding-window classifier (Paper 18 / Li et al. 2024 adaptation)"", ""n_params"": 180641, ""n_test_pixels"": 5014, ""n_train_pixels"": 17225, ""n_val_pixels"": 5678, ""samples_per_min"": 15, ""seed"": 2, ""soft_label_sigma"": 5.0, ""stride"": 10, ""weight_decay"": 0.0, ""window"": 120}",2.848068428039551,2.392094853973392,-0.7415051460266079,0.8305560512879502,0.0907808339304421,-0.8999999999999998,False
p1_fd_manual4_spatA3_bb_gru_seed0,"{""backbone"": ""gru"", ""batch_size"": 32, ""cache_stem"": ""regress_all_filt_abcd_ntcRaw_madk1p5_spatA3"", ""class_semantics"": {""0"": ""baseline"", ""1"": ""drift"", ""2"": ""rising"", ""3"": ""post-amp""}, ""device"": ""cuda"", ""epochs"": 40, ""internal_val_frac"": 0.1, ""labels_mode"": ""manual"", ""lr"": 0.001, ""manual_labels_path"": ""Analysis/quantification/methods/fd_labelling/manual_labels.npz"", ""max_train_pixels"": null, ""method"": ""P1.4 F-D 4-class segmentation (Paper 19 / Joung et al. 2024 adaptation)"", ""n_params"": 38084, ""n_test_pixels"": 5014, ""n_train_pixels"": 10149, ""n_val_pixels"": 1127, ""onset_window_samples"": null, ""samples_per_min"": 15, ""seed"": 0, ""ttp_classes"": [2]}",7.042554092407227,3.1274957214355488,-0.0061042785644512,0.1631923352933237,0.0008440612787312,-0.3,False
p1_fd_manual4_spatA3_bb_gru_seed1,"{""backbone"": ""gru"", ""batch_size"": 32, ""cache_stem"": ""regress_all_filt_abcd_ntcRaw_madk1p5_spatA3"", ""class_semantics"": {""0"": ""baseline"", ""1"": ""drift"", ""2"": ""rising"", ""3"": ""post-amp""}, ""device"": ""cuda"", ""epochs"": 40, ""internal_val_frac"": 0.1, ""labels_mode"": ""manual"", ""lr"": 0.001, ""manual_labels_path"": ""Analysis/quantification/methods/fd_labelling/manual_labels.npz"", ""max_train_pixels"": null, ""method"": ""P1.4 F-D 4-class segmentation (Paper 19 / Joung et al. 2024 adaptation)"", ""n_params"": 38084, ""n_test_pixels"": 5014, ""n_train_pixels"": 9061, ""n_val_pixels"": 1006, ""onset_window_samples"": null, ""samples_per_min"": 15, ""seed"": 1, ""ttp_classes"": [2]}",6.891332626342773,3.13359980926514,-1.9073485972331993e-07,0.0833333348855377,5.3671123014183395e-08,-0.2886751345948128,False
p1_fd_manual4_spatA3_bb_gru_seed2,"{""backbone"": ""gru"", ""batch_size"": 32, ""cache_stem"": ""regress_all_filt_abcd_ntcRaw_madk1p5_spatA3"", ""class_semantics"": {""0"": ""baseline"", ""1"": ""drift"", ""2"": ""rising"", ""3"": ""post-amp""}, ""device"": ""cuda"", ""epochs"": 40, ""internal_val_frac"": 0.1, ""labels_mode"": ""manual"", ""lr"": 0.001, ""manual_labels_path"": ""Analysis/quantification/methods/fd_labelling/manual_labels.npz"", ""max_train_pixels"": null, ""method"": ""P1.4 F-D 4-class segmentation (Paper 19 / Joung et al. 2024 adaptation)"", ""n_params"": 38084, ""n_test_pixels"": 5014, ""n_train_pixels"": 10149, ""n_val_pixels"": 1127, ""onset_window_samples"": null, ""samples_per_min"": 15, ""seed"": 2, ""ttp_classes"": [2]}",6.638534927368164,3.126274064636233,-0.007325935363767,0.1721500493810515,0.0003891466693636,-0.8999999999999998,False
p1_fd_manual4_spatA3_bb_cnn_gru_par_seed0,"{""backbone"": ""cnn_gru_par"", ""batch_size"": 32, ""cache_stem"": ""regress_all_filt_abcd_ntcRaw_madk1p5_spatA3"", ""class_semantics"": {""0"": ""baseline"", ""1"": ""drift"", ""2"": ""rising"", ""3"": ""post-amp""}, ""device"": ""cuda"", ""epochs"": 40, ""internal_val_frac"": 0.1, ""labels_mode"": ""manual"", ""lr"": 0.001, ""manual_labels_path"": ""Analysis/quantification/methods/fd_labelling/manual_labels.npz"", ""max_train_pixels"": null, ""method"": ""P1.4 F-D 4-class segmentation (Paper 19 / Joung et al. 2024 adaptation)"", ""n_params"": 51556, ""n_test_pixels"": 5014, ""n_train_pixels"": 10149, ""n_val_pixels"": 1127, ""onset_window_samples"": null, ""samples_per_min"": 15, ""seed"": 0, ""ttp_classes"": [2]}",6.884014511108399,3.1407966171264676,0.0071966171264678,0.2927307064732753,0.0015316934922524,0.3999999999999999,False
p1_fd_manual4_spatA3_bb_cnn_gru_par_seed1,"{""backbone"": ""cnn_gru_par"", ""batch_size"": 32, ""cache_stem"": ""regress_all_filt_abcd_ntcRaw_madk1p5_spatA3"", ""class_semantics"": {""0"": ""baseline"", ""1"": ""drift"", ""2"": ""rising"", ""3"": ""post-amp""}, ""device"": ""cuda"", ""epochs"": 40, ""internal_val_frac"": 0.1, ""labels_mode"": ""manual"", ""lr"": 0.001, ""manual_labels_path"": ""Analysis/quantification/methods/fd_labelling/manual_labels.npz"", ""max_train_pixels"": null, ""method"": ""P1.4 F-D 4-class segmentation (Paper 19 / Joung et al. 2024 adaptation)"", ""n_params"": 51556, ""n_test_pixels"": 5014, ""n_train_pixels"": 9061, ""n_val_pixels"": 1006, ""onset_window_samples"": null, ""samples_per_min"": 15, ""seed"": 1, ""ttp_classes"": [2]}",6.748145294189453,3.1658456359863303,0.0322456359863302,0.901129510256318,0.0030237028666766,0.8999999999999998,False
p1_fd_manual4_spatA3_bb_cnn_gru_par_seed2,"{""backbone"": ""cnn_gru_par"", ""batch_size"": 32, ""cache_stem"": ""regress_all_filt_abcd_ntcRaw_madk1p5_spatA3"", ""class_semantics"": {""0"": ""baseline"", ""1"": ""drift"", ""2"": ""rising"", ""3"": ""post-amp""}, ""device"": ""cuda"", ""epochs"": 40, ""internal_val_frac"": 0.1, ""labels_mode"": ""manual"", ""lr"": 0.001, ""manual_labels_path"": ""Analysis/quantification/methods/fd_labelling/manual_labels.npz"", ""max_train_pixels"": null, ""method"": ""P1.4 F-D 4-class segmentation (Paper 19 / Joung et al. 2024 adaptation)"", ""n_params"": 51556, ""n_test_pixels"": 5014, ""n_train_pixels"": 10149, ""n_val_pixels"": 1127, ""onset_window_samples"": null, ""samples_per_min"": 15, ""seed"": 2, ""ttp_classes"": [2]}",6.796487808227539,3.150148347473146,0.016548347473146017,0.9344251828173358,0.0011320907689147833,0.9999999999999999,False
